segment_id,uid,generator,budget,run_id,rougeL_precision,rougeL_recall,rougeL_f1,bertscore_precision,bertscore_recall,bertscore_f1,embedding_model,embedding_cosine
MTG1,DenverCityCouncil_09122016_16-0626,deepseek_reasoning,budget_02,run_01,0.205882,0.04142,0.068966,0.829472,0.800082,0.814512,sentence-transformers/all-mpnet-base-v2,0.532928
MTG1,DenverCityCouncil_09122016_16-0626,deepseek_reasoning,budget_02,run_02,0.333333,0.059172,0.100503,0.858106,0.815101,0.836051,sentence-transformers/all-mpnet-base-v2,0.506774
MTG1,DenverCityCouncil_09122016_16-0626,deepseek_reasoning,budget_02,run_03,0.205882,0.04142,0.068966,0.819697,0.804999,0.812282,sentence-transformers/all-mpnet-base-v2,0.520064
MTG1,DenverCityCouncil_09122016_16-0626,deepseek_reasoning,budget_02,run_04,0.229167,0.065089,0.101382,0.826583,0.806423,0.816379,sentence-transformers/all-mpnet-base-v2,0.51538
MTG1,DenverCityCouncil_09122016_16-0626,deepseek_reasoning,budget_02,run_05,0.342105,0.076923,0.125604,0.854257,0.816011,0.834696,sentence-transformers/all-mpnet-base-v2,0.527246
MTG1,DenverCityCouncil_09122016_16-0626,deepseek_reasoning,budget_03,run_01,0.22449,0.065089,0.100917,0.832764,0.80435,0.818311,sentence-transformers/all-mpnet-base-v2,0.568184
MTG1,DenverCityCouncil_09122016_16-0626,deepseek_reasoning,budget_03,run_02,0.220588,0.088757,0.126582,0.832391,0.810182,0.821136,sentence-transformers/all-mpnet-base-v2,0.615858
MTG1,DenverCityCouncil_09122016_16-0626,deepseek_reasoning,budget_03,run_03,0.188406,0.076923,0.109244,0.828096,0.801574,0.814619,sentence-transformers/all-mpnet-base-v2,0.544468
MTG1,DenverCityCouncil_09122016_16-0626,deepseek_reasoning,budget_03,run_04,0.234043,0.065089,0.101852,0.831045,0.796639,0.813479,sentence-transformers/all-mpnet-base-v2,0.524483
MTG1,DenverCityCouncil_09122016_16-0626,deepseek_reasoning,budget_03,run_05,0.218182,0.071006,0.107143,0.827296,0.814867,0.821035,sentence-transformers/all-mpnet-base-v2,0.586333
MTG1,DenverCityCouncil_09122016_16-0626,deepseek_reasoning,budget_06,run_01,0.178947,0.100592,0.128788,0.826045,0.811332,0.818622,sentence-transformers/all-mpnet-base-v2,0.544545
MTG1,DenverCityCouncil_09122016_16-0626,deepseek_reasoning,budget_06,run_02,0.157303,0.08284,0.108527,0.822082,0.806077,0.814001,sentence-transformers/all-mpnet-base-v2,0.499814
MTG1,DenverCityCouncil_09122016_16-0626,deepseek_reasoning,budget_06,run_03,0.217949,0.100592,0.137652,0.832749,0.808275,0.82033,sentence-transformers/all-mpnet-base-v2,0.506298
MTG1,DenverCityCouncil_09122016_16-0626,deepseek_reasoning,budget_06,run_04,0.168539,0.088757,0.116279,0.824807,0.810867,0.817778,sentence-transformers/all-mpnet-base-v2,0.686912
MTG1,DenverCityCouncil_09122016_16-0626,deepseek_reasoning,budget_06,run_05,0.202247,0.106509,0.139535,0.827865,0.815049,0.821407,sentence-transformers/all-mpnet-base-v2,0.563708
MTG1,DenverCityCouncil_09122016_16-0626,deepseek_temp1_chat,budget_02,run_01,0.294118,0.059172,0.098522,0.826145,0.789419,0.807364,sentence-transformers/all-mpnet-base-v2,0.367407
MTG1,DenverCityCouncil_09122016_16-0626,deepseek_temp1_chat,budget_02,run_02,0.125,0.053254,0.074689,0.811797,0.797173,0.804419,sentence-transformers/all-mpnet-base-v2,0.631711
MTG1,DenverCityCouncil_09122016_16-0626,deepseek_temp1_chat,budget_02,run_03,0.333333,0.059172,0.100503,0.83272,0.795341,0.813601,sentence-transformers/all-mpnet-base-v2,0.52625
MTG1,DenverCityCouncil_09122016_16-0626,deepseek_temp1_chat,budget_02,run_04,0.307692,0.047337,0.082051,0.835456,0.7978,0.816194,sentence-transformers/all-mpnet-base-v2,0.504193
MTG1,DenverCityCouncil_09122016_16-0626,deepseek_temp1_chat,budget_02,run_05,0.227273,0.029586,0.052356,0.831219,0.784526,0.807198,sentence-transformers/all-mpnet-base-v2,0.38876
MTG1,DenverCityCouncil_09122016_16-0626,deepseek_temp1_chat,budget_03,run_01,0.171053,0.076923,0.106122,0.826701,0.804376,0.815386,sentence-transformers/all-mpnet-base-v2,0.506339
MTG1,DenverCityCouncil_09122016_16-0626,deepseek_temp1_chat,budget_03,run_02,0.173913,0.071006,0.10084,0.829705,0.805111,0.817223,sentence-transformers/all-mpnet-base-v2,0.571206
MTG1,DenverCityCouncil_09122016_16-0626,deepseek_temp1_chat,budget_03,run_03,0.17284,0.08284,0.112,0.828188,0.803223,0.815514,sentence-transformers/all-mpnet-base-v2,0.506046
MTG1,DenverCityCouncil_09122016_16-0626,deepseek_temp1_chat,budget_03,run_04,0.197183,0.08284,0.116667,0.830211,0.804458,0.817132,sentence-transformers/all-mpnet-base-v2,0.530939
MTG1,DenverCityCouncil_09122016_16-0626,deepseek_temp1_chat,budget_03,run_05,0.175,0.08284,0.11245,0.827541,0.802322,0.814736,sentence-transformers/all-mpnet-base-v2,0.506715
MTG1,DenverCityCouncil_09122016_16-0626,deepseek_temp1_chat,budget_06,run_01,0.189189,0.12426,0.15,0.829135,0.823341,0.826228,sentence-transformers/all-mpnet-base-v2,0.625414
MTG1,DenverCityCouncil_09122016_16-0626,deepseek_temp1_chat,budget_06,run_02,0.165217,0.112426,0.133803,0.828746,0.821676,0.825196,sentence-transformers/all-mpnet-base-v2,0.644772
MTG1,DenverCityCouncil_09122016_16-0626,deepseek_temp1_chat,budget_06,run_03,0.197917,0.112426,0.143396,0.834446,0.823278,0.828824,sentence-transformers/all-mpnet-base-v2,0.578316
MTG1,DenverCityCouncil_09122016_16-0626,deepseek_temp1_chat,budget_06,run_04,0.173228,0.130178,0.148649,0.824446,0.815594,0.819996,sentence-transformers/all-mpnet-base-v2,0.560367
MTG1,DenverCityCouncil_09122016_16-0626,deepseek_temp1_chat,budget_06,run_05,0.206186,0.118343,0.150376,0.836487,0.824073,0.830234,sentence-transformers/all-mpnet-base-v2,0.587408
MTG1,DenverCityCouncil_09122016_16-0626,gemini_2_5_flash_lite,budget_02,run_01,0.25,0.059172,0.095694,0.846049,0.806532,0.825818,sentence-transformers/all-mpnet-base-v2,0.571777
MTG1,DenverCityCouncil_09122016_16-0626,gemini_2_5_flash_lite,budget_02,run_02,0.289474,0.065089,0.10628,0.833502,0.807668,0.820382,sentence-transformers/all-mpnet-base-v2,0.647954
MTG1,DenverCityCouncil_09122016_16-0626,gemini_2_5_flash_lite,budget_02,run_03,0.25,0.059172,0.095694,0.836037,0.802854,0.81911,sentence-transformers/all-mpnet-base-v2,0.546591
MTG1,DenverCityCouncil_09122016_16-0626,gemini_2_5_flash_lite,budget_02,run_04,0.269231,0.04142,0.071795,0.831649,0.798377,0.814674,sentence-transformers/all-mpnet-base-v2,0.550014
MTG1,DenverCityCouncil_09122016_16-0626,gemini_2_5_flash_lite,budget_02,run_05,0.209302,0.053254,0.084906,0.828791,0.796954,0.812561,sentence-transformers/all-mpnet-base-v2,0.566547
MTG1,DenverCityCouncil_09122016_16-0626,gemini_2_5_flash_lite,budget_03,run_01,0.214286,0.053254,0.085308,0.837421,0.800965,0.818787,sentence-transformers/all-mpnet-base-v2,0.572137
MTG1,DenverCityCouncil_09122016_16-0626,gemini_2_5_flash_lite,budget_03,run_02,0.25,0.059172,0.095694,0.837896,0.806879,0.822095,sentence-transformers/all-mpnet-base-v2,0.551901
MTG1,DenverCityCouncil_09122016_16-0626,gemini_2_5_flash_lite,budget_03,run_03,0.234043,0.065089,0.101852,0.833481,0.803189,0.818054,sentence-transformers/all-mpnet-base-v2,0.450574
MTG1,DenverCityCouncil_09122016_16-0626,gemini_2_5_flash_lite,budget_03,run_04,0.190476,0.047337,0.075829,0.835379,0.796313,0.815379,sentence-transformers/all-mpnet-base-v2,0.545269
MTG1,DenverCityCouncil_09122016_16-0626,gemini_2_5_flash_lite,budget_03,run_05,0.2,0.059172,0.091324,0.830496,0.80093,0.815445,sentence-transformers/all-mpnet-base-v2,0.565725
MTG1,DenverCityCouncil_09122016_16-0626,gemini_2_5_flash_lite,budget_06,run_01,0.192982,0.065089,0.097345,0.838553,0.798119,0.817837,sentence-transformers/all-mpnet-base-v2,0.594499
MTG1,DenverCityCouncil_09122016_16-0626,gemini_2_5_flash_lite,budget_06,run_02,0.183333,0.065089,0.09607,0.841483,0.805572,0.823136,sentence-transformers/all-mpnet-base-v2,0.601517
MTG1,DenverCityCouncil_09122016_16-0626,gemini_2_5_flash_lite,budget_06,run_03,0.186441,0.065089,0.096491,0.829355,0.800249,0.814542,sentence-transformers/all-mpnet-base-v2,0.583864
MTG1,DenverCityCouncil_09122016_16-0626,gemini_2_5_flash_lite,budget_06,run_04,0.238806,0.094675,0.135593,0.829341,0.806375,0.817697,sentence-transformers/all-mpnet-base-v2,0.496882
MTG1,DenverCityCouncil_09122016_16-0626,gemini_2_5_flash_lite,budget_06,run_05,0.1875,0.071006,0.103004,0.828543,0.796526,0.812219,sentence-transformers/all-mpnet-base-v2,0.402863
MTG2,KingCountyCC_10012018_2018-0398,deepseek_reasoning,budget_02,run_01,0.268293,0.52381,0.354839,0.852407,0.914828,0.882515,sentence-transformers/all-mpnet-base-v2,0.761378
MTG2,KingCountyCC_10012018_2018-0398,deepseek_reasoning,budget_02,run_02,0.324324,0.571429,0.413793,0.866708,0.926373,0.895548,sentence-transformers/all-mpnet-base-v2,0.826758
MTG2,KingCountyCC_10012018_2018-0398,deepseek_reasoning,budget_02,run_03,0.264706,0.428571,0.327273,0.86651,0.913391,0.889333,sentence-transformers/all-mpnet-base-v2,0.728429
MTG2,KingCountyCC_10012018_2018-0398,deepseek_reasoning,budget_02,run_04,0.193548,0.285714,0.230769,0.851882,0.901143,0.87582,sentence-transformers/all-mpnet-base-v2,0.649885
MTG2,KingCountyCC_10012018_2018-0398,deepseek_reasoning,budget_02,run_05,0.323529,0.52381,0.4,0.87598,0.914255,0.894708,sentence-transformers/all-mpnet-base-v2,0.708046
MTG2,KingCountyCC_10012018_2018-0398,deepseek_reasoning,budget_03,run_01,0.148148,0.380952,0.213333,0.844532,0.904073,0.873289,sentence-transformers/all-mpnet-base-v2,0.706624
MTG2,KingCountyCC_10012018_2018-0398,deepseek_reasoning,budget_03,run_02,0.132075,0.333333,0.189189,0.853185,0.905086,0.878369,sentence-transformers/all-mpnet-base-v2,0.762728
MTG2,KingCountyCC_10012018_2018-0398,deepseek_reasoning,budget_03,run_03,0.145455,0.380952,0.210526,0.846759,0.908423,0.876508,sentence-transformers/all-mpnet-base-v2,0.771981
MTG2,KingCountyCC_10012018_2018-0398,deepseek_reasoning,budget_03,run_04,0.125,0.238095,0.163934,0.860856,0.900635,0.880296,sentence-transformers/all-mpnet-base-v2,0.729258
MTG2,KingCountyCC_10012018_2018-0398,deepseek_reasoning,budget_03,run_05,0.177778,0.380952,0.242424,0.859263,0.906843,0.882412,sentence-transformers/all-mpnet-base-v2,0.777238
MTG2,KingCountyCC_10012018_2018-0398,deepseek_reasoning,budget_06,run_01,0.128205,0.47619,0.20202,0.841182,0.908302,0.873455,sentence-transformers/all-mpnet-base-v2,0.702101
MTG2,KingCountyCC_10012018_2018-0398,deepseek_reasoning,budget_06,run_02,0.107692,0.333333,0.162791,0.843972,0.90177,0.871914,sentence-transformers/all-mpnet-base-v2,0.720726
MTG2,KingCountyCC_10012018_2018-0398,deepseek_reasoning,budget_06,run_03,0.126761,0.428571,0.195652,0.831262,0.899773,0.864162,sentence-transformers/all-mpnet-base-v2,0.717803
MTG2,KingCountyCC_10012018_2018-0398,deepseek_reasoning,budget_06,run_04,0.138889,0.47619,0.215054,0.851526,0.908653,0.879162,sentence-transformers/all-mpnet-base-v2,0.779381
MTG2,KingCountyCC_10012018_2018-0398,deepseek_reasoning,budget_06,run_05,0.15493,0.52381,0.23913,0.842376,0.909029,0.874434,sentence-transformers/all-mpnet-base-v2,0.675679
MTG2,KingCountyCC_10012018_2018-0398,deepseek_temp1_chat,budget_02,run_01,0.238095,0.47619,0.31746,0.854769,0.909592,0.881329,sentence-transformers/all-mpnet-base-v2,0.722172
MTG2,KingCountyCC_10012018_2018-0398,deepseek_temp1_chat,budget_02,run_02,0.272727,0.571429,0.369231,0.86474,0.929809,0.896095,sentence-transformers/all-mpnet-base-v2,0.849396
MTG2,KingCountyCC_10012018_2018-0398,deepseek_temp1_chat,budget_02,run_03,0.282051,0.52381,0.366667,0.874547,0.917639,0.895575,sentence-transformers/all-mpnet-base-v2,0.742953
MTG2,KingCountyCC_10012018_2018-0398,deepseek_temp1_chat,budget_02,run_04,0.363636,0.571429,0.444444,0.891214,0.930826,0.910589,sentence-transformers/all-mpnet-base-v2,0.818123
MTG2,KingCountyCC_10012018_2018-0398,deepseek_temp1_chat,budget_02,run_05,0.40625,0.619048,0.490566,0.905455,0.936508,0.92072,sentence-transformers/all-mpnet-base-v2,0.824277
MTG2,KingCountyCC_10012018_2018-0398,deepseek_temp1_chat,budget_03,run_01,0.227273,0.47619,0.307692,0.875711,0.919201,0.896929,sentence-transformers/all-mpnet-base-v2,0.760389
MTG2,KingCountyCC_10012018_2018-0398,deepseek_temp1_chat,budget_03,run_02,0.189655,0.52381,0.278481,0.856292,0.916658,0.885447,sentence-transformers/all-mpnet-base-v2,0.763854
MTG2,KingCountyCC_10012018_2018-0398,deepseek_temp1_chat,budget_03,run_03,0.196429,0.52381,0.285714,0.852188,0.917353,0.88357,sentence-transformers/all-mpnet-base-v2,0.792447
MTG2,KingCountyCC_10012018_2018-0398,deepseek_temp1_chat,budget_03,run_04,0.234043,0.52381,0.323529,0.868583,0.920612,0.893841,sentence-transformers/all-mpnet-base-v2,0.768898
MTG2,KingCountyCC_10012018_2018-0398,deepseek_temp1_chat,budget_03,run_05,0.169231,0.52381,0.255814,0.863146,0.923135,0.892133,sentence-transformers/all-mpnet-base-v2,0.820255
MTG2,KingCountyCC_10012018_2018-0398,deepseek_temp1_chat,budget_06,run_01,0.15942,0.52381,0.244444,0.846817,0.910295,0.877409,sentence-transformers/all-mpnet-base-v2,0.754595
MTG2,KingCountyCC_10012018_2018-0398,deepseek_temp1_chat,budget_06,run_02,0.139241,0.52381,0.22,0.843692,0.915609,0.878181,sentence-transformers/all-mpnet-base-v2,0.787283
MTG2,KingCountyCC_10012018_2018-0398,deepseek_temp1_chat,budget_06,run_03,0.15942,0.52381,0.244444,0.84995,0.917679,0.882517,sentence-transformers/all-mpnet-base-v2,0.789695
MTG2,KingCountyCC_10012018_2018-0398,deepseek_temp1_chat,budget_06,run_04,0.161765,0.52381,0.247191,0.850622,0.917338,0.882721,sentence-transformers/all-mpnet-base-v2,0.78953
MTG2,KingCountyCC_10012018_2018-0398,deepseek_temp1_chat,budget_06,run_05,0.152778,0.52381,0.236559,0.849693,0.918055,0.882553,sentence-transformers/all-mpnet-base-v2,0.781923
MTG2,KingCountyCC_10012018_2018-0398,gemini_2_5_flash_lite,budget_02,run_01,0.216216,0.380952,0.275862,0.863447,0.90973,0.885984,sentence-transformers/all-mpnet-base-v2,0.718586
MTG2,KingCountyCC_10012018_2018-0398,gemini_2_5_flash_lite,budget_02,run_02,0.27027,0.47619,0.344828,0.88278,0.913028,0.89765,sentence-transformers/all-mpnet-base-v2,0.661696
MTG2,KingCountyCC_10012018_2018-0398,gemini_2_5_flash_lite,budget_02,run_03,0.225806,0.333333,0.269231,0.874052,0.909331,0.891343,sentence-transformers/all-mpnet-base-v2,0.688399
MTG2,KingCountyCC_10012018_2018-0398,gemini_2_5_flash_lite,budget_02,run_04,0.228571,0.380952,0.285714,0.889528,0.913429,0.90132,sentence-transformers/all-mpnet-base-v2,0.667242
MTG2,KingCountyCC_10012018_2018-0398,gemini_2_5_flash_lite,budget_02,run_05,0.194444,0.333333,0.245614,0.868466,0.90366,0.885714,sentence-transformers/all-mpnet-base-v2,0.621707
MTG2,KingCountyCC_10012018_2018-0398,gemini_2_5_flash_lite,budget_03,run_01,0.125,0.238095,0.163934,0.868699,0.902375,0.885217,sentence-transformers/all-mpnet-base-v2,0.730729
MTG2,KingCountyCC_10012018_2018-0398,gemini_2_5_flash_lite,budget_03,run_02,0.259259,0.333333,0.291667,0.881981,0.898256,0.890044,sentence-transformers/all-mpnet-base-v2,0.673084
MTG2,KingCountyCC_10012018_2018-0398,gemini_2_5_flash_lite,budget_03,run_03,0.258065,0.380952,0.307692,0.89284,0.913848,0.903222,sentence-transformers/all-mpnet-base-v2,0.730371
MTG2,KingCountyCC_10012018_2018-0398,gemini_2_5_flash_lite,budget_03,run_04,0.266667,0.380952,0.313725,0.877736,0.911583,0.894339,sentence-transformers/all-mpnet-base-v2,0.728528
MTG2,KingCountyCC_10012018_2018-0398,gemini_2_5_flash_lite,budget_03,run_05,0.214286,0.285714,0.244898,0.876174,0.907257,0.891445,sentence-transformers/all-mpnet-base-v2,0.703217
MTG2,KingCountyCC_10012018_2018-0398,gemini_2_5_flash_lite,budget_06,run_01,0.133333,0.380952,0.197531,0.857952,0.908471,0.882489,sentence-transformers/all-mpnet-base-v2,0.76149
MTG2,KingCountyCC_10012018_2018-0398,gemini_2_5_flash_lite,budget_06,run_02,0.12069,0.333333,0.177215,0.859188,0.901841,0.879998,sentence-transformers/all-mpnet-base-v2,0.738061
MTG2,KingCountyCC_10012018_2018-0398,gemini_2_5_flash_lite,budget_06,run_03,0.137255,0.333333,0.194444,0.861225,0.912408,0.886078,sentence-transformers/all-mpnet-base-v2,0.675231
MTG2,KingCountyCC_10012018_2018-0398,gemini_2_5_flash_lite,budget_06,run_04,0.133333,0.380952,0.197531,0.855029,0.909169,0.881268,sentence-transformers/all-mpnet-base-v2,0.786481
MTG2,KingCountyCC_10012018_2018-0398,gemini_2_5_flash_lite,budget_06,run_05,0.138462,0.428571,0.209302,0.854412,0.911199,0.881892,sentence-transformers/all-mpnet-base-v2,0.72498
MTG3,DenverCityCouncil_03142022_22-0125,deepseek_reasoning,budget_02,run_01,0.147059,0.0625,0.087719,0.845007,0.797195,0.820405,sentence-transformers/all-mpnet-base-v2,0.615399
MTG3,DenverCityCouncil_03142022_22-0125,deepseek_reasoning,budget_02,run_02,0.178571,0.0625,0.092593,0.851391,0.794047,0.82172,sentence-transformers/all-mpnet-base-v2,0.591875
MTG3,DenverCityCouncil_03142022_22-0125,deepseek_reasoning,budget_02,run_03,0.15,0.075,0.1,0.850071,0.796336,0.822326,sentence-transformers/all-mpnet-base-v2,0.495198
MTG3,DenverCityCouncil_03142022_22-0125,deepseek_reasoning,budget_02,run_04,0.148936,0.0875,0.110236,0.84085,0.79682,0.818243,sentence-transformers/all-mpnet-base-v2,0.480342
MTG3,DenverCityCouncil_03142022_22-0125,deepseek_reasoning,budget_02,run_05,0.135135,0.0625,0.08547,0.851459,0.799814,0.824829,sentence-transformers/all-mpnet-base-v2,0.488755
MTG3,DenverCityCouncil_03142022_22-0125,deepseek_reasoning,budget_03,run_01,0.157895,0.1125,0.131387,0.844822,0.796824,0.820121,sentence-transformers/all-mpnet-base-v2,0.480701
MTG3,DenverCityCouncil_03142022_22-0125,deepseek_reasoning,budget_03,run_02,0.137255,0.0875,0.10687,0.844322,0.798372,0.820704,sentence-transformers/all-mpnet-base-v2,0.460687
MTG3,DenverCityCouncil_03142022_22-0125,deepseek_reasoning,budget_03,run_03,0.184211,0.0875,0.118644,0.859695,0.797378,0.827365,sentence-transformers/all-mpnet-base-v2,0.538861
MTG3,DenverCityCouncil_03142022_22-0125,deepseek_reasoning,budget_03,run_04,0.122807,0.0875,0.10219,0.836511,0.795176,0.81532,sentence-transformers/all-mpnet-base-v2,0.530224
MTG3,DenverCityCouncil_03142022_22-0125,deepseek_reasoning,budget_03,run_05,0.14,0.0875,0.107692,0.841145,0.796441,0.818183,sentence-transformers/all-mpnet-base-v2,0.561192
MTG3,DenverCityCouncil_03142022_22-0125,deepseek_reasoning,budget_06,run_01,0.119048,0.125,0.121951,0.842047,0.807993,0.824669,sentence-transformers/all-mpnet-base-v2,0.620008
MTG3,DenverCityCouncil_03142022_22-0125,deepseek_reasoning,budget_06,run_02,0.086022,0.1,0.092486,0.82862,0.795221,0.811577,sentence-transformers/all-mpnet-base-v2,0.517955
MTG3,DenverCityCouncil_03142022_22-0125,deepseek_reasoning,budget_06,run_03,0.107527,0.125,0.115607,0.826074,0.799485,0.812562,sentence-transformers/all-mpnet-base-v2,0.543324
MTG3,DenverCityCouncil_03142022_22-0125,deepseek_reasoning,budget_06,run_04,0.07,0.0875,0.077778,0.823696,0.79626,0.809746,sentence-transformers/all-mpnet-base-v2,0.562603
MTG3,DenverCityCouncil_03142022_22-0125,deepseek_reasoning,budget_06,run_05,0.08547,0.125,0.101523,0.81783,0.810749,0.814274,sentence-transformers/all-mpnet-base-v2,0.563366
MTG3,DenverCityCouncil_03142022_22-0125,deepseek_temp1_chat,budget_02,run_01,0.21875,0.0875,0.125,0.855189,0.797321,0.825242,sentence-transformers/all-mpnet-base-v2,0.514346
MTG3,DenverCityCouncil_03142022_22-0125,deepseek_temp1_chat,budget_02,run_02,0.104167,0.0625,0.078125,0.840751,0.799204,0.819451,sentence-transformers/all-mpnet-base-v2,0.50038
MTG3,DenverCityCouncil_03142022_22-0125,deepseek_temp1_chat,budget_02,run_03,0.135135,0.0625,0.08547,0.841525,0.795117,0.817663,sentence-transformers/all-mpnet-base-v2,0.494636
MTG3,DenverCityCouncil_03142022_22-0125,deepseek_temp1_chat,budget_02,run_04,0.133333,0.075,0.096,0.840129,0.797213,0.818109,sentence-transformers/all-mpnet-base-v2,0.493824
MTG3,DenverCityCouncil_03142022_22-0125,deepseek_temp1_chat,budget_02,run_05,0.156863,0.1,0.122137,0.840154,0.800448,0.819821,sentence-transformers/all-mpnet-base-v2,0.542299
MTG3,DenverCityCouncil_03142022_22-0125,deepseek_temp1_chat,budget_03,run_01,0.148936,0.0875,0.110236,0.840856,0.797469,0.818588,sentence-transformers/all-mpnet-base-v2,0.50104
MTG3,DenverCityCouncil_03142022_22-0125,deepseek_temp1_chat,budget_03,run_02,0.132075,0.0875,0.105263,0.840661,0.800124,0.819892,sentence-transformers/all-mpnet-base-v2,0.596669
MTG3,DenverCityCouncil_03142022_22-0125,deepseek_temp1_chat,budget_03,run_03,0.121622,0.1125,0.116883,0.826205,0.800851,0.81333,sentence-transformers/all-mpnet-base-v2,0.510477
MTG3,DenverCityCouncil_03142022_22-0125,deepseek_temp1_chat,budget_03,run_04,0.160714,0.1125,0.132353,0.836396,0.802035,0.818855,sentence-transformers/all-mpnet-base-v2,0.528381
MTG3,DenverCityCouncil_03142022_22-0125,deepseek_temp1_chat,budget_03,run_05,0.14,0.0875,0.107692,0.836025,0.799351,0.817277,sentence-transformers/all-mpnet-base-v2,0.551142
MTG3,DenverCityCouncil_03142022_22-0125,deepseek_temp1_chat,budget_06,run_01,0.112245,0.1375,0.123596,0.839214,0.816905,0.82791,sentence-transformers/all-mpnet-base-v2,0.592187
MTG3,DenverCityCouncil_03142022_22-0125,deepseek_temp1_chat,budget_06,run_02,0.106383,0.125,0.114943,0.838449,0.817242,0.82771,sentence-transformers/all-mpnet-base-v2,0.575595
MTG3,DenverCityCouncil_03142022_22-0125,deepseek_temp1_chat,budget_06,run_03,0.096491,0.1375,0.113402,0.82283,0.795476,0.808922,sentence-transformers/all-mpnet-base-v2,0.510201
MTG3,DenverCityCouncil_03142022_22-0125,deepseek_temp1_chat,budget_06,run_04,0.089109,0.1125,0.099448,0.824199,0.797609,0.810686,sentence-transformers/all-mpnet-base-v2,0.511303
MTG3,DenverCityCouncil_03142022_22-0125,deepseek_temp1_chat,budget_06,run_05,0.104348,0.15,0.123077,0.830648,0.808007,0.819171,sentence-transformers/all-mpnet-base-v2,0.516478
MTG3,DenverCityCouncil_03142022_22-0125,gemini_2_5_flash_lite,budget_02,run_01,0.148936,0.0875,0.110236,0.847489,0.796913,0.821423,sentence-transformers/all-mpnet-base-v2,0.635938
MTG3,DenverCityCouncil_03142022_22-0125,gemini_2_5_flash_lite,budget_02,run_02,0.216216,0.1,0.136752,0.864347,0.794684,0.828052,sentence-transformers/all-mpnet-base-v2,0.619128
MTG3,DenverCityCouncil_03142022_22-0125,gemini_2_5_flash_lite,budget_02,run_03,0.181818,0.075,0.106195,0.857053,0.797104,0.825992,sentence-transformers/all-mpnet-base-v2,0.594021
MTG3,DenverCityCouncil_03142022_22-0125,gemini_2_5_flash_lite,budget_02,run_04,0.214286,0.1125,0.147541,0.856325,0.794756,0.824393,sentence-transformers/all-mpnet-base-v2,0.587814
MTG3,DenverCityCouncil_03142022_22-0125,gemini_2_5_flash_lite,budget_02,run_05,0.212121,0.0875,0.123894,0.851706,0.793227,0.821427,sentence-transformers/all-mpnet-base-v2,0.564926
MTG3,DenverCityCouncil_03142022_22-0125,gemini_2_5_flash_lite,budget_03,run_01,0.192308,0.125,0.151515,0.852741,0.799617,0.825325,sentence-transformers/all-mpnet-base-v2,0.623041
MTG3,DenverCityCouncil_03142022_22-0125,gemini_2_5_flash_lite,budget_03,run_02,0.162162,0.075,0.102564,0.860561,0.796372,0.827223,sentence-transformers/all-mpnet-base-v2,0.606567
MTG3,DenverCityCouncil_03142022_22-0125,gemini_2_5_flash_lite,budget_03,run_03,0.184211,0.0875,0.118644,0.850933,0.79008,0.819378,sentence-transformers/all-mpnet-base-v2,0.550829
MTG3,DenverCityCouncil_03142022_22-0125,gemini_2_5_flash_lite,budget_03,run_04,0.166667,0.075,0.103448,0.85527,0.794875,0.823967,sentence-transformers/all-mpnet-base-v2,0.615285
MTG3,DenverCityCouncil_03142022_22-0125,gemini_2_5_flash_lite,budget_03,run_05,0.106383,0.0625,0.07874,0.851696,0.796075,0.822947,sentence-transformers/all-mpnet-base-v2,0.54209
MTG3,DenverCityCouncil_03142022_22-0125,gemini_2_5_flash_lite,budget_06,run_01,0.102941,0.0875,0.094595,0.840775,0.802337,0.821107,sentence-transformers/all-mpnet-base-v2,0.594182
MTG3,DenverCityCouncil_03142022_22-0125,gemini_2_5_flash_lite,budget_06,run_02,0.136364,0.1125,0.123288,0.846145,0.795501,0.820042,sentence-transformers/all-mpnet-base-v2,0.613123
MTG3,DenverCityCouncil_03142022_22-0125,gemini_2_5_flash_lite,budget_06,run_03,0.12069,0.0875,0.101449,0.836086,0.792392,0.813653,sentence-transformers/all-mpnet-base-v2,0.476088
MTG3,DenverCityCouncil_03142022_22-0125,gemini_2_5_flash_lite,budget_06,run_04,0.121212,0.1,0.109589,0.840435,0.794145,0.816635,sentence-transformers/all-mpnet-base-v2,0.557839
MTG3,DenverCityCouncil_03142022_22-0125,gemini_2_5_flash_lite,budget_06,run_05,0.152542,0.1125,0.129496,0.852823,0.800579,0.825876,sentence-transformers/all-mpnet-base-v2,0.625336
MTG4,LongBeachCC_11182014_14-0970,deepseek_reasoning,budget_02,run_01,0.351351,0.091549,0.145251,0.882781,0.830391,0.855785,sentence-transformers/all-mpnet-base-v2,0.757787
MTG4,LongBeachCC_11182014_14-0970,deepseek_reasoning,budget_02,run_02,0.294118,0.070423,0.113636,0.886591,0.829136,0.856901,sentence-transformers/all-mpnet-base-v2,0.756435
MTG4,LongBeachCC_11182014_14-0970,deepseek_reasoning,budget_02,run_03,0.333333,0.091549,0.143646,0.883091,0.8319,0.856731,sentence-transformers/all-mpnet-base-v2,0.784294
MTG4,LongBeachCC_11182014_14-0970,deepseek_reasoning,budget_02,run_04,0.292683,0.084507,0.131148,0.890744,0.832868,0.860834,sentence-transformers/all-mpnet-base-v2,0.747632
MTG4,LongBeachCC_11182014_14-0970,deepseek_reasoning,budget_02,run_05,0.305556,0.077465,0.123596,0.856588,0.823094,0.839507,sentence-transformers/all-mpnet-base-v2,0.780026
MTG4,LongBeachCC_11182014_14-0970,deepseek_reasoning,budget_03,run_01,0.25,0.105634,0.148515,0.878966,0.846321,0.862334,sentence-transformers/all-mpnet-base-v2,0.829617
MTG4,LongBeachCC_11182014_14-0970,deepseek_reasoning,budget_03,run_02,0.269231,0.098592,0.14433,0.852064,0.83143,0.841621,sentence-transformers/all-mpnet-base-v2,0.838905
MTG4,LongBeachCC_11182014_14-0970,deepseek_reasoning,budget_03,run_03,0.307692,0.084507,0.132597,0.875719,0.832534,0.853581,sentence-transformers/all-mpnet-base-v2,0.792616
MTG4,LongBeachCC_11182014_14-0970,deepseek_reasoning,budget_03,run_04,0.214286,0.084507,0.121212,0.87794,0.83736,0.85717,sentence-transformers/all-mpnet-base-v2,0.760724
MTG4,LongBeachCC_11182014_14-0970,deepseek_reasoning,budget_03,run_05,0.270833,0.091549,0.136842,0.897325,0.842052,0.86881,sentence-transformers/all-mpnet-base-v2,0.822335
MTG4,LongBeachCC_11182014_14-0970,deepseek_reasoning,budget_06,run_01,0.184211,0.147887,0.164062,0.841298,0.840343,0.84082,sentence-transformers/all-mpnet-base-v2,0.699732
MTG4,LongBeachCC_11182014_14-0970,deepseek_reasoning,budget_06,run_02,0.185185,0.140845,0.16,0.858677,0.8427,0.850613,sentence-transformers/all-mpnet-base-v2,0.729534
MTG4,LongBeachCC_11182014_14-0970,deepseek_reasoning,budget_06,run_03,0.171717,0.119718,0.141079,0.85379,0.839353,0.84651,sentence-transformers/all-mpnet-base-v2,0.694444
MTG4,LongBeachCC_11182014_14-0970,deepseek_reasoning,budget_06,run_04,0.181818,0.112676,0.13913,0.836793,0.831796,0.834287,sentence-transformers/all-mpnet-base-v2,0.712087
MTG4,LongBeachCC_11182014_14-0970,deepseek_reasoning,budget_06,run_05,0.180328,0.15493,0.166667,0.8679,0.851452,0.859597,sentence-transformers/all-mpnet-base-v2,0.784623
MTG4,LongBeachCC_11182014_14-0970,deepseek_temp1_chat,budget_02,run_01,0.324324,0.084507,0.134078,0.871439,0.826796,0.848531,sentence-transformers/all-mpnet-base-v2,0.715908
MTG4,LongBeachCC_11182014_14-0970,deepseek_temp1_chat,budget_02,run_02,0.25,0.084507,0.126316,0.879878,0.835338,0.85703,sentence-transformers/all-mpnet-base-v2,0.738739
MTG4,LongBeachCC_11182014_14-0970,deepseek_temp1_chat,budget_02,run_03,0.265306,0.091549,0.136126,0.876121,0.836377,0.855788,sentence-transformers/all-mpnet-base-v2,0.715314
MTG4,LongBeachCC_11182014_14-0970,deepseek_temp1_chat,budget_02,run_04,0.255814,0.077465,0.118919,0.87915,0.830907,0.854348,sentence-transformers/all-mpnet-base-v2,0.749001
MTG4,LongBeachCC_11182014_14-0970,deepseek_temp1_chat,budget_02,run_05,0.307692,0.084507,0.132597,0.875148,0.825681,0.849695,sentence-transformers/all-mpnet-base-v2,0.694316
MTG4,LongBeachCC_11182014_14-0970,deepseek_temp1_chat,budget_03,run_01,0.263158,0.105634,0.150754,0.865623,0.834252,0.849648,sentence-transformers/all-mpnet-base-v2,0.70678
MTG4,LongBeachCC_11182014_14-0970,deepseek_temp1_chat,budget_03,run_02,0.272727,0.105634,0.152284,0.891455,0.842061,0.866054,sentence-transformers/all-mpnet-base-v2,0.783146
MTG4,LongBeachCC_11182014_14-0970,deepseek_temp1_chat,budget_03,run_03,0.27907,0.084507,0.12973,0.88298,0.832142,0.856808,sentence-transformers/all-mpnet-base-v2,0.74693
MTG4,LongBeachCC_11182014_14-0970,deepseek_temp1_chat,budget_03,run_04,0.230769,0.084507,0.123711,0.873366,0.833502,0.852968,sentence-transformers/all-mpnet-base-v2,0.787013
MTG4,LongBeachCC_11182014_14-0970,deepseek_temp1_chat,budget_03,run_05,0.227273,0.105634,0.144231,0.883723,0.842923,0.862841,sentence-transformers/all-mpnet-base-v2,0.77319
MTG4,LongBeachCC_11182014_14-0970,deepseek_temp1_chat,budget_06,run_01,0.177778,0.112676,0.137931,0.846341,0.833136,0.839687,sentence-transformers/all-mpnet-base-v2,0.641692
MTG4,LongBeachCC_11182014_14-0970,deepseek_temp1_chat,budget_06,run_02,0.174419,0.105634,0.131579,0.847974,0.831023,0.839413,sentence-transformers/all-mpnet-base-v2,0.744838
MTG4,LongBeachCC_11182014_14-0970,deepseek_temp1_chat,budget_06,run_03,0.171717,0.119718,0.141079,0.866862,0.844577,0.855574,sentence-transformers/all-mpnet-base-v2,0.719917
MTG4,LongBeachCC_11182014_14-0970,deepseek_temp1_chat,budget_06,run_04,0.174757,0.126761,0.146939,0.832931,0.832125,0.832528,sentence-transformers/all-mpnet-base-v2,0.668758
MTG4,LongBeachCC_11182014_14-0970,deepseek_temp1_chat,budget_06,run_05,0.2,0.112676,0.144144,0.859301,0.831829,0.845342,sentence-transformers/all-mpnet-base-v2,0.739983
MTG4,LongBeachCC_11182014_14-0970,gemini_2_5_flash_lite,budget_02,run_01,0.3,0.105634,0.15625,0.871416,0.831817,0.851156,sentence-transformers/all-mpnet-base-v2,0.77414
MTG4,LongBeachCC_11182014_14-0970,gemini_2_5_flash_lite,budget_02,run_02,0.264706,0.06338,0.102273,0.86935,0.820379,0.844155,sentence-transformers/all-mpnet-base-v2,0.680695
MTG4,LongBeachCC_11182014_14-0970,gemini_2_5_flash_lite,budget_02,run_03,0.419355,0.091549,0.150289,0.900074,0.830197,0.863724,sentence-transformers/all-mpnet-base-v2,0.768981
MTG4,LongBeachCC_11182014_14-0970,gemini_2_5_flash_lite,budget_02,run_04,0.342857,0.084507,0.135593,0.886979,0.828455,0.856719,sentence-transformers/all-mpnet-base-v2,0.777618
MTG4,LongBeachCC_11182014_14-0970,gemini_2_5_flash_lite,budget_02,run_05,0.307692,0.056338,0.095238,0.88285,0.818009,0.849193,sentence-transformers/all-mpnet-base-v2,0.711327
MTG4,LongBeachCC_11182014_14-0970,gemini_2_5_flash_lite,budget_03,run_01,0.3125,0.105634,0.157895,0.868422,0.830041,0.848798,sentence-transformers/all-mpnet-base-v2,0.797636
MTG4,LongBeachCC_11182014_14-0970,gemini_2_5_flash_lite,budget_03,run_02,0.340909,0.105634,0.16129,0.881438,0.82972,0.854797,sentence-transformers/all-mpnet-base-v2,0.790484
MTG4,LongBeachCC_11182014_14-0970,gemini_2_5_flash_lite,budget_03,run_03,0.421053,0.112676,0.177778,0.896751,0.836116,0.865372,sentence-transformers/all-mpnet-base-v2,0.800989
MTG4,LongBeachCC_11182014_14-0970,gemini_2_5_flash_lite,budget_03,run_04,0.243902,0.070423,0.10929,0.865794,0.810963,0.837482,sentence-transformers/all-mpnet-base-v2,0.634565
MTG4,LongBeachCC_11182014_14-0970,gemini_2_5_flash_lite,budget_03,run_05,0.291667,0.098592,0.147368,0.870368,0.826016,0.847612,sentence-transformers/all-mpnet-base-v2,0.773049
MTG4,LongBeachCC_11182014_14-0970,gemini_2_5_flash_lite,budget_06,run_01,0.302326,0.183099,0.22807,0.873733,0.835384,0.854128,sentence-transformers/all-mpnet-base-v2,0.797493
MTG4,LongBeachCC_11182014_14-0970,gemini_2_5_flash_lite,budget_06,run_02,0.2,0.091549,0.125604,0.859377,0.81888,0.83864,sentence-transformers/all-mpnet-base-v2,0.752602
MTG4,LongBeachCC_11182014_14-0970,gemini_2_5_flash_lite,budget_06,run_03,0.305556,0.15493,0.205607,0.876346,0.838593,0.857054,sentence-transformers/all-mpnet-base-v2,0.845338
MTG4,LongBeachCC_11182014_14-0970,gemini_2_5_flash_lite,budget_06,run_04,0.275862,0.112676,0.16,0.872866,0.829395,0.850575,sentence-transformers/all-mpnet-base-v2,0.771571
MTG4,LongBeachCC_11182014_14-0970,gemini_2_5_flash_lite,budget_06,run_05,0.223881,0.105634,0.143541,0.86377,0.832153,0.847667,sentence-transformers/all-mpnet-base-v2,0.854251
MTG5,LongBeachCC_01192021_21-0056,deepseek_reasoning,budget_02,run_01,0.090909,0.09375,0.092308,0.841774,0.833128,0.837428,sentence-transformers/all-mpnet-base-v2,0.655046
MTG5,LongBeachCC_01192021_21-0056,deepseek_reasoning,budget_02,run_02,0.15625,0.15625,0.15625,0.852589,0.845834,0.849198,sentence-transformers/all-mpnet-base-v2,0.660805
MTG5,LongBeachCC_01192021_21-0056,deepseek_reasoning,budget_02,run_03,0.09375,0.09375,0.09375,0.846343,0.842084,0.844208,sentence-transformers/all-mpnet-base-v2,0.66925
MTG5,LongBeachCC_01192021_21-0056,deepseek_reasoning,budget_02,run_04,0.131579,0.15625,0.142857,0.845835,0.840489,0.843154,sentence-transformers/all-mpnet-base-v2,0.645265
MTG5,LongBeachCC_01192021_21-0056,deepseek_reasoning,budget_02,run_05,0.075,0.09375,0.083333,0.843504,0.837247,0.840364,sentence-transformers/all-mpnet-base-v2,0.624751
MTG5,LongBeachCC_01192021_21-0056,deepseek_reasoning,budget_03,run_01,0.08,0.125,0.097561,0.83251,0.834267,0.833388,sentence-transformers/all-mpnet-base-v2,0.632051
MTG5,LongBeachCC_01192021_21-0056,deepseek_reasoning,budget_03,run_02,0.088889,0.125,0.103896,0.840444,0.839836,0.84014,sentence-transformers/all-mpnet-base-v2,0.670927
MTG5,LongBeachCC_01192021_21-0056,deepseek_reasoning,budget_03,run_03,0.092593,0.15625,0.116279,0.8324,0.842286,0.837314,sentence-transformers/all-mpnet-base-v2,0.693908
MTG5,LongBeachCC_01192021_21-0056,deepseek_reasoning,budget_03,run_04,0.093023,0.125,0.106667,0.839966,0.843871,0.841914,sentence-transformers/all-mpnet-base-v2,0.702933
MTG5,LongBeachCC_01192021_21-0056,deepseek_reasoning,budget_03,run_05,0.1,0.125,0.111111,0.842891,0.842182,0.842536,sentence-transformers/all-mpnet-base-v2,0.690415
MTG5,LongBeachCC_01192021_21-0056,deepseek_reasoning,budget_06,run_01,0.059406,0.1875,0.090226,0.828564,0.845737,0.837062,sentence-transformers/all-mpnet-base-v2,0.661881
MTG5,LongBeachCC_01192021_21-0056,deepseek_reasoning,budget_06,run_02,0.067961,0.21875,0.103704,0.821467,0.841828,0.831522,sentence-transformers/all-mpnet-base-v2,0.691865
MTG5,LongBeachCC_01192021_21-0056,deepseek_reasoning,budget_06,run_03,0.065789,0.15625,0.092593,0.83371,0.840668,0.837175,sentence-transformers/all-mpnet-base-v2,0.720611
MTG5,LongBeachCC_01192021_21-0056,deepseek_reasoning,budget_06,run_04,0.081081,0.28125,0.125874,0.826879,0.838486,0.832642,sentence-transformers/all-mpnet-base-v2,0.685367
MTG5,LongBeachCC_01192021_21-0056,deepseek_reasoning,budget_06,run_05,0.065421,0.21875,0.100719,0.825258,0.835997,0.830593,sentence-transformers/all-mpnet-base-v2,0.642039
MTG5,LongBeachCC_01192021_21-0056,deepseek_temp1_chat,budget_02,run_01,0.115385,0.1875,0.142857,0.834195,0.840513,0.837342,sentence-transformers/all-mpnet-base-v2,0.67052
MTG5,LongBeachCC_01192021_21-0056,deepseek_temp1_chat,budget_02,run_02,0.102564,0.125,0.112676,0.845567,0.844798,0.845182,sentence-transformers/all-mpnet-base-v2,0.674821
MTG5,LongBeachCC_01192021_21-0056,deepseek_temp1_chat,budget_02,run_03,0.105263,0.125,0.114286,0.847591,0.840073,0.843815,sentence-transformers/all-mpnet-base-v2,0.637702
MTG5,LongBeachCC_01192021_21-0056,deepseek_temp1_chat,budget_02,run_04,0.125,0.125,0.125,0.841517,0.843804,0.842659,sentence-transformers/all-mpnet-base-v2,0.678931
MTG5,LongBeachCC_01192021_21-0056,deepseek_temp1_chat,budget_02,run_05,0.108108,0.125,0.115942,0.843733,0.849893,0.846802,sentence-transformers/all-mpnet-base-v2,0.707033
MTG5,LongBeachCC_01192021_21-0056,deepseek_temp1_chat,budget_03,run_01,0.098039,0.15625,0.120482,0.842182,0.845496,0.843836,sentence-transformers/all-mpnet-base-v2,0.68017
MTG5,LongBeachCC_01192021_21-0056,deepseek_temp1_chat,budget_03,run_02,0.136364,0.1875,0.157895,0.83673,0.837848,0.837288,sentence-transformers/all-mpnet-base-v2,0.654111
MTG5,LongBeachCC_01192021_21-0056,deepseek_temp1_chat,budget_03,run_03,0.05,0.09375,0.065217,0.826867,0.839602,0.833186,sentence-transformers/all-mpnet-base-v2,0.675459
MTG5,LongBeachCC_01192021_21-0056,deepseek_temp1_chat,budget_03,run_04,0.065574,0.125,0.086022,0.83527,0.843497,0.839363,sentence-transformers/all-mpnet-base-v2,0.689397
MTG5,LongBeachCC_01192021_21-0056,deepseek_temp1_chat,budget_03,run_05,0.088889,0.125,0.103896,0.84067,0.841557,0.841114,sentence-transformers/all-mpnet-base-v2,0.706401
MTG5,LongBeachCC_01192021_21-0056,deepseek_temp1_chat,budget_06,run_01,0.04902,0.15625,0.074627,0.823463,0.841285,0.832279,sentence-transformers/all-mpnet-base-v2,0.659041
MTG5,LongBeachCC_01192021_21-0056,deepseek_temp1_chat,budget_06,run_02,0.060606,0.1875,0.091603,0.827055,0.838406,0.832692,sentence-transformers/all-mpnet-base-v2,0.671602
MTG5,LongBeachCC_01192021_21-0056,deepseek_temp1_chat,budget_06,run_03,0.086022,0.25,0.128,0.833645,0.852153,0.842797,sentence-transformers/all-mpnet-base-v2,0.792545
MTG5,LongBeachCC_01192021_21-0056,deepseek_temp1_chat,budget_06,run_04,0.060606,0.1875,0.091603,0.81496,0.838529,0.826576,sentence-transformers/all-mpnet-base-v2,0.6804
MTG5,LongBeachCC_01192021_21-0056,deepseek_temp1_chat,budget_06,run_05,0.073529,0.15625,0.1,0.839747,0.841212,0.840479,sentence-transformers/all-mpnet-base-v2,0.687659
MTG5,LongBeachCC_01192021_21-0056,gemini_2_5_flash_lite,budget_02,run_01,0.129032,0.125,0.126984,0.845841,0.848436,0.847137,sentence-transformers/all-mpnet-base-v2,0.713593
MTG5,LongBeachCC_01192021_21-0056,gemini_2_5_flash_lite,budget_02,run_02,0.16,0.125,0.140351,0.863264,0.844513,0.853786,sentence-transformers/all-mpnet-base-v2,0.658328
MTG5,LongBeachCC_01192021_21-0056,gemini_2_5_flash_lite,budget_02,run_03,0.093023,0.125,0.106667,0.854665,0.84911,0.851879,sentence-transformers/all-mpnet-base-v2,0.618977
MTG5,LongBeachCC_01192021_21-0056,gemini_2_5_flash_lite,budget_02,run_04,0.25,0.1875,0.214286,0.869208,0.844595,0.856725,sentence-transformers/all-mpnet-base-v2,0.691522
MTG5,LongBeachCC_01192021_21-0056,gemini_2_5_flash_lite,budget_02,run_05,0.090909,0.125,0.105263,0.852971,0.84453,0.84873,sentence-transformers/all-mpnet-base-v2,0.624526
MTG5,LongBeachCC_01192021_21-0056,gemini_2_5_flash_lite,budget_03,run_01,0.119048,0.15625,0.135135,0.860687,0.849464,0.855039,sentence-transformers/all-mpnet-base-v2,0.700707
MTG5,LongBeachCC_01192021_21-0056,gemini_2_5_flash_lite,budget_03,run_02,0.116279,0.15625,0.133333,0.84529,0.846093,0.845691,sentence-transformers/all-mpnet-base-v2,0.678173
MTG5,LongBeachCC_01192021_21-0056,gemini_2_5_flash_lite,budget_03,run_03,0.105263,0.125,0.114286,0.850209,0.844452,0.847321,sentence-transformers/all-mpnet-base-v2,0.682468
MTG5,LongBeachCC_01192021_21-0056,gemini_2_5_flash_lite,budget_03,run_04,0.102041,0.15625,0.123457,0.841195,0.845008,0.843097,sentence-transformers/all-mpnet-base-v2,0.678444
MTG5,LongBeachCC_01192021_21-0056,gemini_2_5_flash_lite,budget_03,run_05,0.119048,0.15625,0.135135,0.842583,0.83976,0.841169,sentence-transformers/all-mpnet-base-v2,0.641748
MTG5,LongBeachCC_01192021_21-0056,gemini_2_5_flash_lite,budget_06,run_01,0.098592,0.21875,0.135922,0.84634,0.839392,0.842852,sentence-transformers/all-mpnet-base-v2,0.724709
MTG5,LongBeachCC_01192021_21-0056,gemini_2_5_flash_lite,budget_06,run_02,0.102941,0.21875,0.14,0.838467,0.83696,0.837713,sentence-transformers/all-mpnet-base-v2,0.704549
MTG5,LongBeachCC_01192021_21-0056,gemini_2_5_flash_lite,budget_06,run_03,0.115942,0.25,0.158416,0.843291,0.846584,0.844934,sentence-transformers/all-mpnet-base-v2,0.689183
MTG5,LongBeachCC_01192021_21-0056,gemini_2_5_flash_lite,budget_06,run_04,0.092593,0.15625,0.116279,0.845646,0.838731,0.842174,sentence-transformers/all-mpnet-base-v2,0.718276
MTG5,LongBeachCC_01192021_21-0056,gemini_2_5_flash_lite,budget_06,run_05,0.086957,0.1875,0.118812,0.846832,0.845508,0.84617,sentence-transformers/all-mpnet-base-v2,0.737866
MTG6,DenverCityCouncil_09252017_17-1060,deepseek_reasoning,budget_02,run_01,0.266667,0.333333,0.296296,0.873967,0.911853,0.892508,sentence-transformers/all-mpnet-base-v2,0.709958
MTG6,DenverCityCouncil_09252017_17-1060,deepseek_reasoning,budget_02,run_02,0.28125,0.375,0.321429,0.875911,0.914592,0.894833,sentence-transformers/all-mpnet-base-v2,0.785623
MTG6,DenverCityCouncil_09252017_17-1060,deepseek_reasoning,budget_02,run_03,0.333333,0.333333,0.333333,0.872952,0.903738,0.888078,sentence-transformers/all-mpnet-base-v2,0.712875
MTG6,DenverCityCouncil_09252017_17-1060,deepseek_reasoning,budget_02,run_04,0.166667,0.166667,0.166667,0.87952,0.889361,0.884413,sentence-transformers/all-mpnet-base-v2,0.654089
MTG6,DenverCityCouncil_09252017_17-1060,deepseek_reasoning,budget_02,run_05,0.217391,0.208333,0.212766,0.891443,0.90365,0.897505,sentence-transformers/all-mpnet-base-v2,0.733106
MTG6,DenverCityCouncil_09252017_17-1060,deepseek_reasoning,budget_03,run_01,0.2,0.416667,0.27027,0.875771,0.916367,0.895609,sentence-transformers/all-mpnet-base-v2,0.812134
MTG6,DenverCityCouncil_09252017_17-1060,deepseek_reasoning,budget_03,run_02,0.219512,0.375,0.276923,0.873171,0.918142,0.895092,sentence-transformers/all-mpnet-base-v2,0.772755
MTG6,DenverCityCouncil_09252017_17-1060,deepseek_reasoning,budget_03,run_03,0.204082,0.416667,0.273973,0.875466,0.919774,0.897073,sentence-transformers/all-mpnet-base-v2,0.797547
MTG6,DenverCityCouncil_09252017_17-1060,deepseek_reasoning,budget_03,run_04,0.255814,0.458333,0.328358,0.859245,0.914861,0.886181,sentence-transformers/all-mpnet-base-v2,0.802986
MTG6,DenverCityCouncil_09252017_17-1060,deepseek_reasoning,budget_03,run_05,0.173913,0.333333,0.228571,0.866047,0.912243,0.888545,sentence-transformers/all-mpnet-base-v2,0.780384
MTG6,DenverCityCouncil_09252017_17-1060,deepseek_reasoning,budget_06,run_01,0.107527,0.416667,0.17094,0.852729,0.913277,0.881965,sentence-transformers/all-mpnet-base-v2,0.776106
MTG6,DenverCityCouncil_09252017_17-1060,deepseek_reasoning,budget_06,run_02,0.113636,0.416667,0.178571,0.840942,0.910013,0.874115,sentence-transformers/all-mpnet-base-v2,0.704943
MTG6,DenverCityCouncil_09252017_17-1060,deepseek_reasoning,budget_06,run_03,0.151515,0.416667,0.222222,0.853761,0.904777,0.878529,sentence-transformers/all-mpnet-base-v2,0.772075
MTG6,DenverCityCouncil_09252017_17-1060,deepseek_reasoning,budget_06,run_04,0.119565,0.458333,0.189655,0.830207,0.919344,0.872505,sentence-transformers/all-mpnet-base-v2,0.790747
MTG6,DenverCityCouncil_09252017_17-1060,deepseek_reasoning,budget_06,run_05,0.130952,0.458333,0.203704,0.850973,0.911005,0.879967,sentence-transformers/all-mpnet-base-v2,0.768296
MTG6,DenverCityCouncil_09252017_17-1060,deepseek_temp1_chat,budget_02,run_01,0.216216,0.333333,0.262295,0.872756,0.905784,0.888963,sentence-transformers/all-mpnet-base-v2,0.706198
MTG6,DenverCityCouncil_09252017_17-1060,deepseek_temp1_chat,budget_02,run_02,0.205882,0.291667,0.241379,0.883607,0.917735,0.900348,sentence-transformers/all-mpnet-base-v2,0.821207
MTG6,DenverCityCouncil_09252017_17-1060,deepseek_temp1_chat,budget_02,run_03,0.212121,0.291667,0.245614,0.892713,0.927256,0.909657,sentence-transformers/all-mpnet-base-v2,0.854859
MTG6,DenverCityCouncil_09252017_17-1060,deepseek_temp1_chat,budget_02,run_04,0.272727,0.375,0.315789,0.891515,0.915786,0.903487,sentence-transformers/all-mpnet-base-v2,0.765331
MTG6,DenverCityCouncil_09252017_17-1060,deepseek_temp1_chat,budget_02,run_05,0.155556,0.291667,0.202899,0.860394,0.902106,0.880756,sentence-transformers/all-mpnet-base-v2,0.754692
MTG6,DenverCityCouncil_09252017_17-1060,deepseek_temp1_chat,budget_03,run_01,0.277778,0.416667,0.333333,0.889568,0.923537,0.906235,sentence-transformers/all-mpnet-base-v2,0.80487
MTG6,DenverCityCouncil_09252017_17-1060,deepseek_temp1_chat,budget_03,run_02,0.166667,0.333333,0.222222,0.87282,0.917608,0.894654,sentence-transformers/all-mpnet-base-v2,0.80442
MTG6,DenverCityCouncil_09252017_17-1060,deepseek_temp1_chat,budget_03,run_03,0.186047,0.333333,0.238806,0.868632,0.919533,0.893358,sentence-transformers/all-mpnet-base-v2,0.84221
MTG6,DenverCityCouncil_09252017_17-1060,deepseek_temp1_chat,budget_03,run_04,0.166667,0.416667,0.238095,0.852764,0.910098,0.880498,sentence-transformers/all-mpnet-base-v2,0.751357
MTG6,DenverCityCouncil_09252017_17-1060,deepseek_temp1_chat,budget_03,run_05,0.177778,0.333333,0.231884,0.875519,0.913358,0.894038,sentence-transformers/all-mpnet-base-v2,0.792101
MTG6,DenverCityCouncil_09252017_17-1060,deepseek_temp1_chat,budget_06,run_01,0.106383,0.416667,0.169492,0.853154,0.91954,0.885104,sentence-transformers/all-mpnet-base-v2,0.810462
MTG6,DenverCityCouncil_09252017_17-1060,deepseek_temp1_chat,budget_06,run_02,0.112676,0.333333,0.168421,0.854741,0.911883,0.882387,sentence-transformers/all-mpnet-base-v2,0.756424
MTG6,DenverCityCouncil_09252017_17-1060,deepseek_temp1_chat,budget_06,run_03,0.125,0.416667,0.192308,0.854907,0.914402,0.883654,sentence-transformers/all-mpnet-base-v2,0.801374
MTG6,DenverCityCouncil_09252017_17-1060,deepseek_temp1_chat,budget_06,run_04,0.13253,0.458333,0.205607,0.852056,0.919067,0.884294,sentence-transformers/all-mpnet-base-v2,0.806941
MTG6,DenverCityCouncil_09252017_17-1060,deepseek_temp1_chat,budget_06,run_05,0.103896,0.333333,0.158416,0.855117,0.909222,0.88134,sentence-transformers/all-mpnet-base-v2,0.800767
MTG6,DenverCityCouncil_09252017_17-1060,gemini_2_5_flash_lite,budget_02,run_01,0.321429,0.375,0.346154,0.875975,0.911818,0.893537,sentence-transformers/all-mpnet-base-v2,0.783386
MTG6,DenverCityCouncil_09252017_17-1060,gemini_2_5_flash_lite,budget_02,run_02,0.391304,0.375,0.382979,0.905346,0.919905,0.912567,sentence-transformers/all-mpnet-base-v2,0.712579
MTG6,DenverCityCouncil_09252017_17-1060,gemini_2_5_flash_lite,budget_02,run_03,0.461538,0.5,0.48,0.923841,0.929749,0.926785,sentence-transformers/all-mpnet-base-v2,0.819155
MTG6,DenverCityCouncil_09252017_17-1060,gemini_2_5_flash_lite,budget_02,run_04,0.423077,0.458333,0.44,0.920491,0.933431,0.926916,sentence-transformers/all-mpnet-base-v2,0.817794
MTG6,DenverCityCouncil_09252017_17-1060,gemini_2_5_flash_lite,budget_02,run_05,0.411765,0.583333,0.482759,0.914333,0.934563,0.924337,sentence-transformers/all-mpnet-base-v2,0.812987
MTG6,DenverCityCouncil_09252017_17-1060,gemini_2_5_flash_lite,budget_03,run_01,0.314286,0.458333,0.372881,0.906746,0.926854,0.91669,sentence-transformers/all-mpnet-base-v2,0.768057
MTG6,DenverCityCouncil_09252017_17-1060,gemini_2_5_flash_lite,budget_03,run_02,0.322581,0.416667,0.363636,0.900686,0.918861,0.909683,sentence-transformers/all-mpnet-base-v2,0.752126
MTG6,DenverCityCouncil_09252017_17-1060,gemini_2_5_flash_lite,budget_03,run_03,0.357143,0.625,0.454545,0.902362,0.929243,0.915606,sentence-transformers/all-mpnet-base-v2,0.830709
MTG6,DenverCityCouncil_09252017_17-1060,gemini_2_5_flash_lite,budget_03,run_04,0.219512,0.375,0.276923,0.871591,0.912266,0.891465,sentence-transformers/all-mpnet-base-v2,0.801404
MTG6,DenverCityCouncil_09252017_17-1060,gemini_2_5_flash_lite,budget_03,run_05,0.317073,0.541667,0.4,0.894535,0.929727,0.911792,sentence-transformers/all-mpnet-base-v2,0.816161
MTG6,DenverCityCouncil_09252017_17-1060,gemini_2_5_flash_lite,budget_06,run_01,0.24,0.5,0.324324,0.892624,0.927055,0.909514,sentence-transformers/all-mpnet-base-v2,0.810973
MTG6,DenverCityCouncil_09252017_17-1060,gemini_2_5_flash_lite,budget_06,run_02,0.204082,0.416667,0.273973,0.883268,0.914093,0.898416,sentence-transformers/all-mpnet-base-v2,0.715126
MTG6,DenverCityCouncil_09252017_17-1060,gemini_2_5_flash_lite,budget_06,run_03,0.25,0.583333,0.35,0.882521,0.927182,0.904301,sentence-transformers/all-mpnet-base-v2,0.827803
MTG6,DenverCityCouncil_09252017_17-1060,gemini_2_5_flash_lite,budget_06,run_04,0.150943,0.333333,0.207792,0.878574,0.908265,0.893173,sentence-transformers/all-mpnet-base-v2,0.83531
MTG6,DenverCityCouncil_09252017_17-1060,gemini_2_5_flash_lite,budget_06,run_05,0.207547,0.458333,0.285714,0.881289,0.91701,0.898795,sentence-transformers/all-mpnet-base-v2,0.825077
MTG7,LongBeachCC_06102014_14-0426,deepseek_reasoning,budget_02,run_01,0.136364,0.041096,0.063158,0.862614,0.833295,0.847701,sentence-transformers/all-mpnet-base-v2,0.363324
MTG7,LongBeachCC_06102014_14-0426,deepseek_reasoning,budget_02,run_02,0.230769,0.082192,0.121212,0.870586,0.842557,0.856342,sentence-transformers/all-mpnet-base-v2,0.303362
MTG7,LongBeachCC_06102014_14-0426,deepseek_reasoning,budget_02,run_03,0.205882,0.09589,0.130841,0.858532,0.84916,0.85382,sentence-transformers/all-mpnet-base-v2,0.462593
MTG7,LongBeachCC_06102014_14-0426,deepseek_reasoning,budget_02,run_04,0.272727,0.082192,0.126316,0.870871,0.840768,0.855555,sentence-transformers/all-mpnet-base-v2,0.485989
MTG7,LongBeachCC_06102014_14-0426,deepseek_reasoning,budget_02,run_05,0.392857,0.150685,0.217822,0.884475,0.862641,0.873421,sentence-transformers/all-mpnet-base-v2,0.586562
MTG7,LongBeachCC_06102014_14-0426,deepseek_reasoning,budget_03,run_01,0.164179,0.150685,0.157143,0.854414,0.865197,0.859772,sentence-transformers/all-mpnet-base-v2,0.508043
MTG7,LongBeachCC_06102014_14-0426,deepseek_reasoning,budget_03,run_02,0.204082,0.136986,0.163934,0.859106,0.856894,0.857998,sentence-transformers/all-mpnet-base-v2,0.530271
MTG7,LongBeachCC_06102014_14-0426,deepseek_reasoning,budget_03,run_03,0.235294,0.164384,0.193548,0.882737,0.880445,0.88159,sentence-transformers/all-mpnet-base-v2,0.631289
MTG7,LongBeachCC_06102014_14-0426,deepseek_reasoning,budget_03,run_04,0.234043,0.150685,0.183333,0.862001,0.868356,0.865167,sentence-transformers/all-mpnet-base-v2,0.617624
MTG7,LongBeachCC_06102014_14-0426,deepseek_reasoning,budget_03,run_05,0.142857,0.082192,0.104348,0.852562,0.840331,0.846402,sentence-transformers/all-mpnet-base-v2,0.542322
MTG7,LongBeachCC_06102014_14-0426,deepseek_reasoning,budget_06,run_01,0.1875,0.246575,0.213018,0.858104,0.875773,0.866848,sentence-transformers/all-mpnet-base-v2,0.626938
MTG7,LongBeachCC_06102014_14-0426,deepseek_reasoning,budget_06,run_02,0.185714,0.178082,0.181818,0.859761,0.865513,0.862627,sentence-transformers/all-mpnet-base-v2,0.614708
MTG7,LongBeachCC_06102014_14-0426,deepseek_reasoning,budget_06,run_03,0.177778,0.219178,0.196319,0.844782,0.874781,0.85952,sentence-transformers/all-mpnet-base-v2,0.678173
MTG7,LongBeachCC_06102014_14-0426,deepseek_reasoning,budget_06,run_04,0.166667,0.273973,0.207254,0.849309,0.873637,0.861301,sentence-transformers/all-mpnet-base-v2,0.685215
MTG7,LongBeachCC_06102014_14-0426,deepseek_reasoning,budget_06,run_05,0.127451,0.178082,0.148571,0.839146,0.865808,0.852269,sentence-transformers/all-mpnet-base-v2,0.619266
MTG7,LongBeachCC_06102014_14-0426,deepseek_temp1_chat,budget_02,run_01,0.233333,0.09589,0.135922,0.878793,0.8552,0.866836,sentence-transformers/all-mpnet-base-v2,0.538671
MTG7,LongBeachCC_06102014_14-0426,deepseek_temp1_chat,budget_02,run_02,0.191489,0.123288,0.15,0.87687,0.870432,0.873639,sentence-transformers/all-mpnet-base-v2,0.607111
MTG7,LongBeachCC_06102014_14-0426,deepseek_temp1_chat,budget_02,run_03,0.310345,0.123288,0.176471,0.875444,0.851528,0.863321,sentence-transformers/all-mpnet-base-v2,0.458343
MTG7,LongBeachCC_06102014_14-0426,deepseek_temp1_chat,budget_02,run_04,0.272727,0.164384,0.205128,0.869658,0.859846,0.864724,sentence-transformers/all-mpnet-base-v2,0.488902
MTG7,LongBeachCC_06102014_14-0426,deepseek_temp1_chat,budget_02,run_05,0.277778,0.136986,0.183486,0.872491,0.861606,0.867014,sentence-transformers/all-mpnet-base-v2,0.464705
MTG7,LongBeachCC_06102014_14-0426,deepseek_temp1_chat,budget_03,run_01,0.25,0.164384,0.198347,0.856382,0.850577,0.853469,sentence-transformers/all-mpnet-base-v2,0.53811
MTG7,LongBeachCC_06102014_14-0426,deepseek_temp1_chat,budget_03,run_02,0.243902,0.136986,0.175439,0.87479,0.861658,0.868174,sentence-transformers/all-mpnet-base-v2,0.513027
MTG7,LongBeachCC_06102014_14-0426,deepseek_temp1_chat,budget_03,run_03,0.171429,0.082192,0.111111,0.868592,0.846303,0.857303,sentence-transformers/all-mpnet-base-v2,0.53231
MTG7,LongBeachCC_06102014_14-0426,deepseek_temp1_chat,budget_03,run_04,0.227273,0.205479,0.215827,0.878374,0.875966,0.877168,sentence-transformers/all-mpnet-base-v2,0.635158
MTG7,LongBeachCC_06102014_14-0426,deepseek_temp1_chat,budget_03,run_05,0.134615,0.09589,0.112,0.847384,0.851341,0.849358,sentence-transformers/all-mpnet-base-v2,0.542782
MTG7,LongBeachCC_06102014_14-0426,deepseek_temp1_chat,budget_06,run_01,0.237113,0.315068,0.270588,0.871161,0.882066,0.876579,sentence-transformers/all-mpnet-base-v2,0.726589
MTG7,LongBeachCC_06102014_14-0426,deepseek_temp1_chat,budget_06,run_02,0.178571,0.205479,0.191083,0.856226,0.873306,0.864682,sentence-transformers/all-mpnet-base-v2,0.637366
MTG7,LongBeachCC_06102014_14-0426,deepseek_temp1_chat,budget_06,run_03,0.235955,0.287671,0.259259,0.87072,0.881474,0.876064,sentence-transformers/all-mpnet-base-v2,0.686389
MTG7,LongBeachCC_06102014_14-0426,deepseek_temp1_chat,budget_06,run_04,0.163462,0.232877,0.19209,0.854924,0.874705,0.864701,sentence-transformers/all-mpnet-base-v2,0.666975
MTG7,LongBeachCC_06102014_14-0426,deepseek_temp1_chat,budget_06,run_05,0.166667,0.219178,0.189349,0.86269,0.874232,0.868423,sentence-transformers/all-mpnet-base-v2,0.638818
MTG7,LongBeachCC_06102014_14-0426,gemini_2_5_flash_lite,budget_02,run_01,0.295455,0.178082,0.222222,0.886324,0.871207,0.878701,sentence-transformers/all-mpnet-base-v2,0.593558
MTG7,LongBeachCC_06102014_14-0426,gemini_2_5_flash_lite,budget_02,run_02,0.217391,0.136986,0.168067,0.871145,0.860196,0.865636,sentence-transformers/all-mpnet-base-v2,0.507157
MTG7,LongBeachCC_06102014_14-0426,gemini_2_5_flash_lite,budget_02,run_03,0.354839,0.150685,0.211538,0.897002,0.859423,0.877811,sentence-transformers/all-mpnet-base-v2,0.579436
MTG7,LongBeachCC_06102014_14-0426,gemini_2_5_flash_lite,budget_02,run_04,0.307692,0.164384,0.214286,0.880753,0.860731,0.870627,sentence-transformers/all-mpnet-base-v2,0.577083
MTG7,LongBeachCC_06102014_14-0426,gemini_2_5_flash_lite,budget_02,run_05,0.470588,0.219178,0.299065,0.90772,0.880518,0.893912,sentence-transformers/all-mpnet-base-v2,0.697863
MTG7,LongBeachCC_06102014_14-0426,gemini_2_5_flash_lite,budget_03,run_01,0.297297,0.150685,0.2,0.87397,0.848159,0.860871,sentence-transformers/all-mpnet-base-v2,0.432044
MTG7,LongBeachCC_06102014_14-0426,gemini_2_5_flash_lite,budget_03,run_02,0.333333,0.136986,0.194175,0.891455,0.859228,0.875045,sentence-transformers/all-mpnet-base-v2,0.54906
MTG7,LongBeachCC_06102014_14-0426,gemini_2_5_flash_lite,budget_03,run_03,0.315789,0.164384,0.216216,0.895405,0.876775,0.885992,sentence-transformers/all-mpnet-base-v2,0.592534
MTG7,LongBeachCC_06102014_14-0426,gemini_2_5_flash_lite,budget_03,run_04,0.21875,0.09589,0.133333,0.869545,0.84795,0.858612,sentence-transformers/all-mpnet-base-v2,0.563393
MTG7,LongBeachCC_06102014_14-0426,gemini_2_5_flash_lite,budget_03,run_05,0.333333,0.164384,0.220183,0.88823,0.873419,0.880762,sentence-transformers/all-mpnet-base-v2,0.591912
MTG7,LongBeachCC_06102014_14-0426,gemini_2_5_flash_lite,budget_06,run_01,0.1875,0.123288,0.14876,0.862355,0.851221,0.856752,sentence-transformers/all-mpnet-base-v2,0.498108
MTG7,LongBeachCC_06102014_14-0426,gemini_2_5_flash_lite,budget_06,run_02,0.238806,0.219178,0.228571,0.863082,0.862704,0.862893,sentence-transformers/all-mpnet-base-v2,0.611279
MTG7,LongBeachCC_06102014_14-0426,gemini_2_5_flash_lite,budget_06,run_03,0.276923,0.246575,0.26087,0.879085,0.88393,0.881501,sentence-transformers/all-mpnet-base-v2,0.753132
MTG7,LongBeachCC_06102014_14-0426,gemini_2_5_flash_lite,budget_06,run_04,0.258065,0.219178,0.237037,0.871417,0.862517,0.866944,sentence-transformers/all-mpnet-base-v2,0.624042
MTG7,LongBeachCC_06102014_14-0426,gemini_2_5_flash_lite,budget_06,run_05,0.20339,0.164384,0.181818,0.871823,0.851062,0.861317,sentence-transformers/all-mpnet-base-v2,0.659024
MTG8,DenverCityCouncil_04132015_15-0201,deepseek_reasoning,budget_02,run_01,0.176471,0.3,0.222222,0.840688,0.859713,0.850094,sentence-transformers/all-mpnet-base-v2,0.605154
MTG8,DenverCityCouncil_04132015_15-0201,deepseek_reasoning,budget_02,run_02,0.25,0.4,0.307692,0.861265,0.884632,0.872792,sentence-transformers/all-mpnet-base-v2,0.702119
MTG8,DenverCityCouncil_04132015_15-0201,deepseek_reasoning,budget_02,run_03,0.230769,0.3,0.26087,0.866761,0.886474,0.876506,sentence-transformers/all-mpnet-base-v2,0.698139
MTG8,DenverCityCouncil_04132015_15-0201,deepseek_reasoning,budget_02,run_04,0.205882,0.35,0.259259,0.85378,0.870332,0.861976,sentence-transformers/all-mpnet-base-v2,0.663636
MTG8,DenverCityCouncil_04132015_15-0201,deepseek_reasoning,budget_02,run_05,0.275862,0.4,0.326531,0.864248,0.87953,0.871822,sentence-transformers/all-mpnet-base-v2,0.687964
MTG8,DenverCityCouncil_04132015_15-0201,deepseek_reasoning,budget_03,run_01,0.2,0.4,0.266667,0.842118,0.882766,0.861963,sentence-transformers/all-mpnet-base-v2,0.686783
MTG8,DenverCityCouncil_04132015_15-0201,deepseek_reasoning,budget_03,run_02,0.219512,0.45,0.295082,0.84475,0.866718,0.855593,sentence-transformers/all-mpnet-base-v2,0.618086
MTG8,DenverCityCouncil_04132015_15-0201,deepseek_reasoning,budget_03,run_03,0.2,0.35,0.254545,0.852688,0.861668,0.857155,sentence-transformers/all-mpnet-base-v2,0.719764
MTG8,DenverCityCouncil_04132015_15-0201,deepseek_reasoning,budget_03,run_04,0.159091,0.35,0.21875,0.850278,0.887914,0.868688,sentence-transformers/all-mpnet-base-v2,0.625614
MTG8,DenverCityCouncil_04132015_15-0201,deepseek_reasoning,budget_03,run_05,0.137255,0.35,0.197183,0.824693,0.860353,0.842146,sentence-transformers/all-mpnet-base-v2,0.660664
MTG8,DenverCityCouncil_04132015_15-0201,deepseek_reasoning,budget_06,run_01,0.114943,0.5,0.186916,0.816225,0.870035,0.842272,sentence-transformers/all-mpnet-base-v2,0.575722
MTG8,DenverCityCouncil_04132015_15-0201,deepseek_reasoning,budget_06,run_02,0.089286,0.5,0.151515,0.817434,0.87368,0.844621,sentence-transformers/all-mpnet-base-v2,0.634512
MTG8,DenverCityCouncil_04132015_15-0201,deepseek_reasoning,budget_06,run_03,0.125,0.6,0.206897,0.818113,0.886894,0.851116,sentence-transformers/all-mpnet-base-v2,0.614955
MTG8,DenverCityCouncil_04132015_15-0201,deepseek_reasoning,budget_06,run_04,0.142857,0.55,0.226804,0.819946,0.887961,0.852599,sentence-transformers/all-mpnet-base-v2,0.609019
MTG8,DenverCityCouncil_04132015_15-0201,deepseek_reasoning,budget_06,run_05,0.094118,0.4,0.152381,0.809206,0.852259,0.830175,sentence-transformers/all-mpnet-base-v2,0.637713
MTG8,DenverCityCouncil_04132015_15-0201,deepseek_temp1_chat,budget_02,run_01,0.264706,0.45,0.333333,0.869159,0.903975,0.886226,sentence-transformers/all-mpnet-base-v2,0.689673
MTG8,DenverCityCouncil_04132015_15-0201,deepseek_temp1_chat,budget_02,run_02,0.1875,0.3,0.230769,0.852365,0.878397,0.865185,sentence-transformers/all-mpnet-base-v2,0.695792
MTG8,DenverCityCouncil_04132015_15-0201,deepseek_temp1_chat,budget_02,run_03,0.179487,0.35,0.237288,0.853568,0.896694,0.8746,sentence-transformers/all-mpnet-base-v2,0.637942
MTG8,DenverCityCouncil_04132015_15-0201,deepseek_temp1_chat,budget_02,run_04,0.3,0.45,0.36,0.877649,0.910416,0.893732,sentence-transformers/all-mpnet-base-v2,0.658178
MTG8,DenverCityCouncil_04132015_15-0201,deepseek_temp1_chat,budget_02,run_05,0.21875,0.35,0.269231,0.851807,0.860684,0.856222,sentence-transformers/all-mpnet-base-v2,0.691091
MTG8,DenverCityCouncil_04132015_15-0201,deepseek_temp1_chat,budget_03,run_01,0.162162,0.3,0.210526,0.84953,0.874436,0.861803,sentence-transformers/all-mpnet-base-v2,0.647294
MTG8,DenverCityCouncil_04132015_15-0201,deepseek_temp1_chat,budget_03,run_02,0.135593,0.4,0.202532,0.829071,0.886406,0.85678,sentence-transformers/all-mpnet-base-v2,0.649743
MTG8,DenverCityCouncil_04132015_15-0201,deepseek_temp1_chat,budget_03,run_03,0.117647,0.3,0.169014,0.844632,0.891318,0.867347,sentence-transformers/all-mpnet-base-v2,0.737568
MTG8,DenverCityCouncil_04132015_15-0201,deepseek_temp1_chat,budget_03,run_04,0.115385,0.3,0.166667,0.829406,0.876511,0.852308,sentence-transformers/all-mpnet-base-v2,0.652217
MTG8,DenverCityCouncil_04132015_15-0201,deepseek_temp1_chat,budget_03,run_05,0.173077,0.45,0.25,0.830251,0.86571,0.84761,sentence-transformers/all-mpnet-base-v2,0.607234
MTG8,DenverCityCouncil_04132015_15-0201,deepseek_temp1_chat,budget_06,run_01,0.102564,0.4,0.163265,0.800318,0.878656,0.837659,sentence-transformers/all-mpnet-base-v2,0.703682
MTG8,DenverCityCouncil_04132015_15-0201,deepseek_temp1_chat,budget_06,run_02,0.123288,0.45,0.193548,0.836561,0.886399,0.860759,sentence-transformers/all-mpnet-base-v2,0.765149
MTG8,DenverCityCouncil_04132015_15-0201,deepseek_temp1_chat,budget_06,run_03,0.1,0.45,0.163636,0.819797,0.883216,0.850325,sentence-transformers/all-mpnet-base-v2,0.623053
MTG8,DenverCityCouncil_04132015_15-0201,deepseek_temp1_chat,budget_06,run_04,0.065934,0.3,0.108108,0.803746,0.864213,0.832884,sentence-transformers/all-mpnet-base-v2,0.604431
MTG8,DenverCityCouncil_04132015_15-0201,deepseek_temp1_chat,budget_06,run_05,0.080808,0.4,0.134454,0.800886,0.881794,0.839395,sentence-transformers/all-mpnet-base-v2,0.638648
MTG8,DenverCityCouncil_04132015_15-0201,gemini_2_5_flash_lite,budget_02,run_01,0.333333,0.55,0.415094,0.878106,0.90987,0.893706,sentence-transformers/all-mpnet-base-v2,0.682289
MTG8,DenverCityCouncil_04132015_15-0201,gemini_2_5_flash_lite,budget_02,run_02,0.347826,0.4,0.372093,0.892916,0.906481,0.899647,sentence-transformers/all-mpnet-base-v2,0.678964
MTG8,DenverCityCouncil_04132015_15-0201,gemini_2_5_flash_lite,budget_02,run_03,0.333333,0.45,0.382979,0.886444,0.903382,0.894833,sentence-transformers/all-mpnet-base-v2,0.69726
MTG8,DenverCityCouncil_04132015_15-0201,gemini_2_5_flash_lite,budget_02,run_04,0.275862,0.4,0.326531,0.882264,0.90306,0.892541,sentence-transformers/all-mpnet-base-v2,0.659144
MTG8,DenverCityCouncil_04132015_15-0201,gemini_2_5_flash_lite,budget_02,run_05,0.205128,0.4,0.271186,0.867732,0.900627,0.883873,sentence-transformers/all-mpnet-base-v2,0.729307
MTG8,DenverCityCouncil_04132015_15-0201,gemini_2_5_flash_lite,budget_03,run_01,0.228571,0.4,0.290909,0.873842,0.904461,0.888888,sentence-transformers/all-mpnet-base-v2,0.74412
MTG8,DenverCityCouncil_04132015_15-0201,gemini_2_5_flash_lite,budget_03,run_02,0.225806,0.35,0.27451,0.855986,0.866834,0.861376,sentence-transformers/all-mpnet-base-v2,0.754739
MTG8,DenverCityCouncil_04132015_15-0201,gemini_2_5_flash_lite,budget_03,run_03,0.216216,0.4,0.280702,0.865237,0.899255,0.881918,sentence-transformers/all-mpnet-base-v2,0.630778
MTG8,DenverCityCouncil_04132015_15-0201,gemini_2_5_flash_lite,budget_03,run_04,0.242424,0.4,0.301887,0.872306,0.896995,0.884479,sentence-transformers/all-mpnet-base-v2,0.693351
MTG8,DenverCityCouncil_04132015_15-0201,gemini_2_5_flash_lite,budget_03,run_05,0.205128,0.4,0.271186,0.859378,0.900645,0.879528,sentence-transformers/all-mpnet-base-v2,0.64477
MTG8,DenverCityCouncil_04132015_15-0201,gemini_2_5_flash_lite,budget_06,run_01,0.18,0.45,0.257143,0.861839,0.892128,0.876722,sentence-transformers/all-mpnet-base-v2,0.639745
MTG8,DenverCityCouncil_04132015_15-0201,gemini_2_5_flash_lite,budget_06,run_02,0.125,0.4,0.190476,0.847323,0.883999,0.865272,sentence-transformers/all-mpnet-base-v2,0.641362
MTG8,DenverCityCouncil_04132015_15-0201,gemini_2_5_flash_lite,budget_06,run_03,0.136364,0.45,0.209302,0.845157,0.873641,0.859163,sentence-transformers/all-mpnet-base-v2,0.627938
MTG8,DenverCityCouncil_04132015_15-0201,gemini_2_5_flash_lite,budget_06,run_04,0.181818,0.5,0.266667,0.851957,0.884092,0.867727,sentence-transformers/all-mpnet-base-v2,0.75593
MTG8,DenverCityCouncil_04132015_15-0201,gemini_2_5_flash_lite,budget_06,run_05,0.169231,0.55,0.258824,0.848453,0.895403,0.871296,sentence-transformers/all-mpnet-base-v2,0.490251
MTG9,AlamedaCC_04292015_2015-1631,deepseek_reasoning,budget_02,run_01,0.189189,0.241379,0.212121,0.879034,0.865868,0.872401,sentence-transformers/all-mpnet-base-v2,0.57715
MTG9,AlamedaCC_04292015_2015-1631,deepseek_reasoning,budget_02,run_02,0.235294,0.275862,0.253968,0.861761,0.858904,0.86033,sentence-transformers/all-mpnet-base-v2,0.481445
MTG9,AlamedaCC_04292015_2015-1631,deepseek_reasoning,budget_02,run_03,0.181818,0.206897,0.193548,0.863242,0.856501,0.859858,sentence-transformers/all-mpnet-base-v2,0.510517
MTG9,AlamedaCC_04292015_2015-1631,deepseek_reasoning,budget_02,run_04,0.228571,0.275862,0.25,0.853904,0.864695,0.859265,sentence-transformers/all-mpnet-base-v2,0.560039
MTG9,AlamedaCC_04292015_2015-1631,deepseek_reasoning,budget_02,run_05,0.2,0.206897,0.20339,0.878107,0.863632,0.870809,sentence-transformers/all-mpnet-base-v2,0.606146
MTG9,AlamedaCC_04292015_2015-1631,deepseek_reasoning,budget_03,run_01,0.194444,0.241379,0.215385,0.866427,0.859117,0.862757,sentence-transformers/all-mpnet-base-v2,0.721702
MTG9,AlamedaCC_04292015_2015-1631,deepseek_reasoning,budget_03,run_02,0.113208,0.206897,0.146341,0.855607,0.857867,0.856735,sentence-transformers/all-mpnet-base-v2,0.664206
MTG9,AlamedaCC_04292015_2015-1631,deepseek_reasoning,budget_03,run_03,0.138889,0.172414,0.153846,0.873934,0.8614,0.867621,sentence-transformers/all-mpnet-base-v2,0.767456
MTG9,AlamedaCC_04292015_2015-1631,deepseek_reasoning,budget_03,run_04,0.148936,0.241379,0.184211,0.861493,0.866541,0.86401,sentence-transformers/all-mpnet-base-v2,0.77329
MTG9,AlamedaCC_04292015_2015-1631,deepseek_reasoning,budget_03,run_05,0.166667,0.241379,0.197183,0.855851,0.856997,0.856423,sentence-transformers/all-mpnet-base-v2,0.625748
MTG9,AlamedaCC_04292015_2015-1631,deepseek_reasoning,budget_06,run_01,0.072289,0.206897,0.107143,0.836764,0.849187,0.84293,sentence-transformers/all-mpnet-base-v2,0.761607
MTG9,AlamedaCC_04292015_2015-1631,deepseek_reasoning,budget_06,run_02,0.08642,0.241379,0.127273,0.837353,0.851426,0.844331,sentence-transformers/all-mpnet-base-v2,0.733841
MTG9,AlamedaCC_04292015_2015-1631,deepseek_reasoning,budget_06,run_03,0.133333,0.413793,0.201681,0.838063,0.859718,0.848752,sentence-transformers/all-mpnet-base-v2,0.724891
MTG9,AlamedaCC_04292015_2015-1631,deepseek_reasoning,budget_06,run_04,0.097826,0.310345,0.14876,0.820024,0.857939,0.838553,sentence-transformers/all-mpnet-base-v2,0.773251
MTG9,AlamedaCC_04292015_2015-1631,deepseek_reasoning,budget_06,run_05,0.1,0.275862,0.146789,0.843168,0.85613,0.8496,sentence-transformers/all-mpnet-base-v2,0.751208
MTG9,AlamedaCC_04292015_2015-1631,deepseek_temp1_chat,budget_02,run_01,0.125,0.137931,0.131148,0.859715,0.855278,0.857491,sentence-transformers/all-mpnet-base-v2,0.620066
MTG9,AlamedaCC_04292015_2015-1631,deepseek_temp1_chat,budget_02,run_02,0.133333,0.137931,0.135593,0.851098,0.84841,0.849752,sentence-transformers/all-mpnet-base-v2,0.616381
MTG9,AlamedaCC_04292015_2015-1631,deepseek_temp1_chat,budget_02,run_03,0.135135,0.172414,0.151515,0.857241,0.854648,0.855942,sentence-transformers/all-mpnet-base-v2,0.591957
MTG9,AlamedaCC_04292015_2015-1631,deepseek_temp1_chat,budget_02,run_04,0.225,0.310345,0.26087,0.874942,0.865195,0.870041,sentence-transformers/all-mpnet-base-v2,0.626725
MTG9,AlamedaCC_04292015_2015-1631,deepseek_temp1_chat,budget_02,run_05,0.142857,0.172414,0.15625,0.868413,0.861069,0.864725,sentence-transformers/all-mpnet-base-v2,0.593669
MTG9,AlamedaCC_04292015_2015-1631,deepseek_temp1_chat,budget_03,run_01,0.173913,0.275862,0.213333,0.864891,0.858637,0.861753,sentence-transformers/all-mpnet-base-v2,0.66428
MTG9,AlamedaCC_04292015_2015-1631,deepseek_temp1_chat,budget_03,run_02,0.090909,0.137931,0.109589,0.848859,0.848082,0.848471,sentence-transformers/all-mpnet-base-v2,0.474838
MTG9,AlamedaCC_04292015_2015-1631,deepseek_temp1_chat,budget_03,run_03,0.128205,0.172414,0.147059,0.85589,0.857238,0.856564,sentence-transformers/all-mpnet-base-v2,0.676449
MTG9,AlamedaCC_04292015_2015-1631,deepseek_temp1_chat,budget_03,run_04,0.163265,0.275862,0.205128,0.863734,0.861299,0.862514,sentence-transformers/all-mpnet-base-v2,0.667586
MTG9,AlamedaCC_04292015_2015-1631,deepseek_temp1_chat,budget_03,run_05,0.194444,0.241379,0.215385,0.874288,0.864077,0.869153,sentence-transformers/all-mpnet-base-v2,0.673032
MTG9,AlamedaCC_04292015_2015-1631,deepseek_temp1_chat,budget_06,run_01,0.0875,0.241379,0.12844,0.82775,0.853021,0.840195,sentence-transformers/all-mpnet-base-v2,0.753417
MTG9,AlamedaCC_04292015_2015-1631,deepseek_temp1_chat,budget_06,run_02,0.12766,0.413793,0.195122,0.842539,0.874903,0.858416,sentence-transformers/all-mpnet-base-v2,0.771423
MTG9,AlamedaCC_04292015_2015-1631,deepseek_temp1_chat,budget_06,run_03,0.153846,0.482759,0.233333,0.856721,0.888177,0.872166,sentence-transformers/all-mpnet-base-v2,0.735105
MTG9,AlamedaCC_04292015_2015-1631,deepseek_temp1_chat,budget_06,run_04,0.103448,0.310345,0.155172,0.838699,0.857471,0.847981,sentence-transformers/all-mpnet-base-v2,0.776798
MTG9,AlamedaCC_04292015_2015-1631,deepseek_temp1_chat,budget_06,run_05,0.082192,0.206897,0.117647,0.836121,0.855299,0.845601,sentence-transformers/all-mpnet-base-v2,0.740832
MTG9,AlamedaCC_04292015_2015-1631,gemini_2_5_flash_lite,budget_02,run_01,0.206897,0.206897,0.206897,0.886612,0.868108,0.877262,sentence-transformers/all-mpnet-base-v2,0.68046
MTG9,AlamedaCC_04292015_2015-1631,gemini_2_5_flash_lite,budget_02,run_02,0.304348,0.241379,0.269231,0.890245,0.869372,0.879685,sentence-transformers/all-mpnet-base-v2,0.741656
MTG9,AlamedaCC_04292015_2015-1631,gemini_2_5_flash_lite,budget_02,run_03,0.307692,0.275862,0.290909,0.879799,0.866922,0.873313,sentence-transformers/all-mpnet-base-v2,0.64785
MTG9,AlamedaCC_04292015_2015-1631,gemini_2_5_flash_lite,budget_02,run_04,0.269231,0.241379,0.254545,0.896544,0.890569,0.893546,sentence-transformers/all-mpnet-base-v2,0.749248
MTG9,AlamedaCC_04292015_2015-1631,gemini_2_5_flash_lite,budget_02,run_05,0.291667,0.241379,0.264151,0.894996,0.873259,0.883994,sentence-transformers/all-mpnet-base-v2,0.72084
MTG9,AlamedaCC_04292015_2015-1631,gemini_2_5_flash_lite,budget_03,run_01,0.210526,0.275862,0.238806,0.882415,0.869606,0.875964,sentence-transformers/all-mpnet-base-v2,0.715983
MTG9,AlamedaCC_04292015_2015-1631,gemini_2_5_flash_lite,budget_03,run_02,0.2,0.241379,0.21875,0.868813,0.859354,0.864058,sentence-transformers/all-mpnet-base-v2,0.617066
MTG9,AlamedaCC_04292015_2015-1631,gemini_2_5_flash_lite,budget_03,run_03,0.2,0.275862,0.231884,0.86874,0.861817,0.865265,sentence-transformers/all-mpnet-base-v2,0.676782
MTG9,AlamedaCC_04292015_2015-1631,gemini_2_5_flash_lite,budget_03,run_04,0.230769,0.310345,0.264706,0.879404,0.871682,0.875526,sentence-transformers/all-mpnet-base-v2,0.72627
MTG9,AlamedaCC_04292015_2015-1631,gemini_2_5_flash_lite,budget_03,run_05,0.219512,0.310345,0.257143,0.878082,0.872894,0.87548,sentence-transformers/all-mpnet-base-v2,0.730937
MTG9,AlamedaCC_04292015_2015-1631,gemini_2_5_flash_lite,budget_06,run_01,0.147541,0.310345,0.2,0.85628,0.868436,0.862315,sentence-transformers/all-mpnet-base-v2,0.778024
MTG9,AlamedaCC_04292015_2015-1631,gemini_2_5_flash_lite,budget_06,run_02,0.137931,0.275862,0.183908,0.852561,0.858342,0.855442,sentence-transformers/all-mpnet-base-v2,0.720862
MTG9,AlamedaCC_04292015_2015-1631,gemini_2_5_flash_lite,budget_06,run_03,0.160714,0.310345,0.211765,0.859259,0.862993,0.861122,sentence-transformers/all-mpnet-base-v2,0.752891
MTG9,AlamedaCC_04292015_2015-1631,gemini_2_5_flash_lite,budget_06,run_04,0.140625,0.310345,0.193548,0.854598,0.862338,0.85845,sentence-transformers/all-mpnet-base-v2,0.783373
MTG9,AlamedaCC_04292015_2015-1631,gemini_2_5_flash_lite,budget_06,run_05,0.134328,0.310345,0.1875,0.85689,0.864182,0.86052,sentence-transformers/all-mpnet-base-v2,0.741724
MTG10,AlamedaCC_09212021_2021-1292,deepseek_reasoning,budget_02,run_01,0.485714,0.232877,0.314815,0.898585,0.843947,0.870409,sentence-transformers/all-mpnet-base-v2,0.825664
MTG10,AlamedaCC_09212021_2021-1292,deepseek_reasoning,budget_02,run_02,0.366667,0.150685,0.213592,0.900163,0.841324,0.869749,sentence-transformers/all-mpnet-base-v2,0.73969
MTG10,AlamedaCC_09212021_2021-1292,deepseek_reasoning,budget_02,run_03,0.257143,0.123288,0.166667,0.855989,0.820169,0.837696,sentence-transformers/all-mpnet-base-v2,0.508886
MTG10,AlamedaCC_09212021_2021-1292,deepseek_reasoning,budget_02,run_04,0.2,0.109589,0.141593,0.864394,0.833834,0.848839,sentence-transformers/all-mpnet-base-v2,0.744019
MTG10,AlamedaCC_09212021_2021-1292,deepseek_reasoning,budget_02,run_05,0.235294,0.109589,0.149533,0.868727,0.817434,0.8423,sentence-transformers/all-mpnet-base-v2,0.638699
MTG10,AlamedaCC_09212021_2021-1292,deepseek_reasoning,budget_03,run_01,0.257143,0.246575,0.251748,0.8624,0.857125,0.859754,sentence-transformers/all-mpnet-base-v2,0.869773
MTG10,AlamedaCC_09212021_2021-1292,deepseek_reasoning,budget_03,run_02,0.222222,0.164384,0.188976,0.872611,0.851058,0.8617,sentence-transformers/all-mpnet-base-v2,0.856062
MTG10,AlamedaCC_09212021_2021-1292,deepseek_reasoning,budget_03,run_03,0.178571,0.136986,0.155039,0.862711,0.841496,0.851972,sentence-transformers/all-mpnet-base-v2,0.859879
MTG10,AlamedaCC_09212021_2021-1292,deepseek_reasoning,budget_03,run_04,0.207547,0.150685,0.174603,0.868938,0.842287,0.855405,sentence-transformers/all-mpnet-base-v2,0.783768
MTG10,AlamedaCC_09212021_2021-1292,deepseek_reasoning,budget_03,run_05,0.3,0.205479,0.243902,0.870086,0.840274,0.85492,sentence-transformers/all-mpnet-base-v2,0.849991
MTG10,AlamedaCC_09212021_2021-1292,deepseek_reasoning,budget_06,run_01,0.206186,0.273973,0.235294,0.851373,0.844181,0.847762,sentence-transformers/all-mpnet-base-v2,0.797823
MTG10,AlamedaCC_09212021_2021-1292,deepseek_reasoning,budget_06,run_02,0.141304,0.178082,0.157576,0.847227,0.843016,0.845116,sentence-transformers/all-mpnet-base-v2,0.84483
MTG10,AlamedaCC_09212021_2021-1292,deepseek_reasoning,budget_06,run_03,0.163265,0.219178,0.187135,0.850475,0.841542,0.845984,sentence-transformers/all-mpnet-base-v2,0.851433
MTG10,AlamedaCC_09212021_2021-1292,deepseek_reasoning,budget_06,run_04,0.157407,0.232877,0.187845,0.847183,0.851184,0.849179,sentence-transformers/all-mpnet-base-v2,0.833174
MTG10,AlamedaCC_09212021_2021-1292,deepseek_reasoning,budget_06,run_05,0.126582,0.136986,0.131579,0.84378,0.838363,0.841063,sentence-transformers/all-mpnet-base-v2,0.815539
MTG10,AlamedaCC_09212021_2021-1292,deepseek_temp1_chat,budget_02,run_01,0.255319,0.164384,0.2,0.870284,0.844146,0.857016,sentence-transformers/all-mpnet-base-v2,0.844186
MTG10,AlamedaCC_09212021_2021-1292,deepseek_temp1_chat,budget_02,run_02,0.209302,0.123288,0.155172,0.868369,0.835214,0.851469,sentence-transformers/all-mpnet-base-v2,0.739762
MTG10,AlamedaCC_09212021_2021-1292,deepseek_temp1_chat,budget_02,run_03,0.32,0.219178,0.260163,0.895503,0.860727,0.877771,sentence-transformers/all-mpnet-base-v2,0.813896
MTG10,AlamedaCC_09212021_2021-1292,deepseek_temp1_chat,budget_02,run_04,0.24,0.164384,0.195122,0.873443,0.848841,0.860967,sentence-transformers/all-mpnet-base-v2,0.701709
MTG10,AlamedaCC_09212021_2021-1292,deepseek_temp1_chat,budget_02,run_05,0.3,0.164384,0.212389,0.902196,0.854257,0.877572,sentence-transformers/all-mpnet-base-v2,0.826104
MTG10,AlamedaCC_09212021_2021-1292,deepseek_temp1_chat,budget_03,run_01,0.253968,0.219178,0.235294,0.873142,0.859544,0.86629,sentence-transformers/all-mpnet-base-v2,0.868231
MTG10,AlamedaCC_09212021_2021-1292,deepseek_temp1_chat,budget_03,run_02,0.151515,0.136986,0.143885,0.851025,0.839539,0.845243,sentence-transformers/all-mpnet-base-v2,0.800054
MTG10,AlamedaCC_09212021_2021-1292,deepseek_temp1_chat,budget_03,run_03,0.169492,0.136986,0.151515,0.873402,0.846876,0.859934,sentence-transformers/all-mpnet-base-v2,0.848808
MTG10,AlamedaCC_09212021_2021-1292,deepseek_temp1_chat,budget_03,run_04,0.242424,0.219178,0.230216,0.873905,0.852641,0.863142,sentence-transformers/all-mpnet-base-v2,0.810861
MTG10,AlamedaCC_09212021_2021-1292,deepseek_temp1_chat,budget_03,run_05,0.22449,0.150685,0.180328,0.869609,0.840815,0.85497,sentence-transformers/all-mpnet-base-v2,0.76546
MTG10,AlamedaCC_09212021_2021-1292,deepseek_temp1_chat,budget_06,run_01,0.153061,0.205479,0.175439,0.848352,0.848461,0.848406,sentence-transformers/all-mpnet-base-v2,0.827541
MTG10,AlamedaCC_09212021_2021-1292,deepseek_temp1_chat,budget_06,run_02,0.175926,0.260274,0.209945,0.855856,0.856863,0.856359,sentence-transformers/all-mpnet-base-v2,0.800182
MTG10,AlamedaCC_09212021_2021-1292,deepseek_temp1_chat,budget_06,run_03,0.148515,0.205479,0.172414,0.846994,0.847023,0.847009,sentence-transformers/all-mpnet-base-v2,0.866709
MTG10,AlamedaCC_09212021_2021-1292,deepseek_temp1_chat,budget_06,run_04,0.152,0.260274,0.191919,0.846549,0.85701,0.851747,sentence-transformers/all-mpnet-base-v2,0.849387
MTG10,AlamedaCC_09212021_2021-1292,deepseek_temp1_chat,budget_06,run_05,0.193277,0.315068,0.239583,0.847484,0.855105,0.851277,sentence-transformers/all-mpnet-base-v2,0.875486
MTG10,AlamedaCC_09212021_2021-1292,gemini_2_5_flash_lite,budget_02,run_01,0.513514,0.260274,0.345455,0.901207,0.839662,0.869347,sentence-transformers/all-mpnet-base-v2,0.872043
MTG10,AlamedaCC_09212021_2021-1292,gemini_2_5_flash_lite,budget_02,run_02,0.314286,0.150685,0.203704,0.887833,0.843059,0.864867,sentence-transformers/all-mpnet-base-v2,0.768465
MTG10,AlamedaCC_09212021_2021-1292,gemini_2_5_flash_lite,budget_02,run_03,0.482759,0.191781,0.27451,0.90025,0.830834,0.86415,sentence-transformers/all-mpnet-base-v2,0.737566
MTG10,AlamedaCC_09212021_2021-1292,gemini_2_5_flash_lite,budget_02,run_04,0.348837,0.205479,0.258621,0.883415,0.854346,0.868637,sentence-transformers/all-mpnet-base-v2,0.78363
MTG10,AlamedaCC_09212021_2021-1292,gemini_2_5_flash_lite,budget_02,run_05,0.473684,0.246575,0.324324,0.899225,0.840468,0.868854,sentence-transformers/all-mpnet-base-v2,0.871539
MTG10,AlamedaCC_09212021_2021-1292,gemini_2_5_flash_lite,budget_03,run_01,0.388889,0.191781,0.256881,0.868538,0.821258,0.844237,sentence-transformers/all-mpnet-base-v2,0.738007
MTG10,AlamedaCC_09212021_2021-1292,gemini_2_5_flash_lite,budget_03,run_02,0.307692,0.164384,0.214286,0.879314,0.839555,0.858975,sentence-transformers/all-mpnet-base-v2,0.759689
MTG10,AlamedaCC_09212021_2021-1292,gemini_2_5_flash_lite,budget_03,run_03,0.404255,0.260274,0.316667,0.887146,0.840223,0.863047,sentence-transformers/all-mpnet-base-v2,0.853832
MTG10,AlamedaCC_09212021_2021-1292,gemini_2_5_flash_lite,budget_03,run_04,0.394737,0.205479,0.27027,0.896462,0.832129,0.863098,sentence-transformers/all-mpnet-base-v2,0.860314
MTG10,AlamedaCC_09212021_2021-1292,gemini_2_5_flash_lite,budget_03,run_05,0.441176,0.205479,0.280374,0.877236,0.820359,0.847845,sentence-transformers/all-mpnet-base-v2,0.717502
MTG10,AlamedaCC_09212021_2021-1292,gemini_2_5_flash_lite,budget_06,run_01,0.225806,0.191781,0.207407,0.874081,0.833299,0.853203,sentence-transformers/all-mpnet-base-v2,0.856302
MTG10,AlamedaCC_09212021_2021-1292,gemini_2_5_flash_lite,budget_06,run_02,0.263158,0.205479,0.230769,0.880906,0.852219,0.866325,sentence-transformers/all-mpnet-base-v2,0.810261
MTG10,AlamedaCC_09212021_2021-1292,gemini_2_5_flash_lite,budget_06,run_03,0.323077,0.287671,0.304348,0.882001,0.847812,0.864569,sentence-transformers/all-mpnet-base-v2,0.897742
MTG10,AlamedaCC_09212021_2021-1292,gemini_2_5_flash_lite,budget_06,run_04,0.377049,0.315068,0.343284,0.896547,0.870505,0.883334,sentence-transformers/all-mpnet-base-v2,0.864653
MTG10,AlamedaCC_09212021_2021-1292,gemini_2_5_flash_lite,budget_06,run_05,0.185714,0.178082,0.181818,0.855044,0.834507,0.844651,sentence-transformers/all-mpnet-base-v2,0.78435
MTG11,DenverCityCouncil_12192016_16-1034,deepseek_reasoning,budget_02,run_01,0.233333,0.116667,0.155556,0.868788,0.836538,0.852358,sentence-transformers/all-mpnet-base-v2,0.701374
MTG11,DenverCityCouncil_12192016_16-1034,deepseek_reasoning,budget_02,run_02,0.235294,0.133333,0.170213,0.86611,0.840995,0.853368,sentence-transformers/all-mpnet-base-v2,0.709368
MTG11,DenverCityCouncil_12192016_16-1034,deepseek_reasoning,budget_02,run_03,0.214286,0.1,0.136364,0.857069,0.836258,0.846536,sentence-transformers/all-mpnet-base-v2,0.70592
MTG11,DenverCityCouncil_12192016_16-1034,deepseek_reasoning,budget_02,run_04,0.257143,0.15,0.189474,0.860376,0.843287,0.851746,sentence-transformers/all-mpnet-base-v2,0.710172
MTG11,DenverCityCouncil_12192016_16-1034,deepseek_reasoning,budget_02,run_05,0.233333,0.116667,0.155556,0.86376,0.836128,0.84972,sentence-transformers/all-mpnet-base-v2,0.712485
MTG11,DenverCityCouncil_12192016_16-1034,deepseek_reasoning,budget_03,run_01,0.186047,0.133333,0.15534,0.860444,0.838196,0.849174,sentence-transformers/all-mpnet-base-v2,0.720922
MTG11,DenverCityCouncil_12192016_16-1034,deepseek_reasoning,budget_03,run_02,0.173077,0.15,0.160714,0.855135,0.846222,0.850655,sentence-transformers/all-mpnet-base-v2,0.706171
MTG11,DenverCityCouncil_12192016_16-1034,deepseek_reasoning,budget_03,run_03,0.176471,0.15,0.162162,0.855803,0.841603,0.848644,sentence-transformers/all-mpnet-base-v2,0.685549
MTG11,DenverCityCouncil_12192016_16-1034,deepseek_reasoning,budget_03,run_04,0.232558,0.166667,0.194175,0.871202,0.856358,0.863716,sentence-transformers/all-mpnet-base-v2,0.741977
MTG11,DenverCityCouncil_12192016_16-1034,deepseek_reasoning,budget_03,run_05,0.244444,0.183333,0.209524,0.869819,0.842967,0.856183,sentence-transformers/all-mpnet-base-v2,0.777941
MTG11,DenverCityCouncil_12192016_16-1034,deepseek_reasoning,budget_06,run_01,0.121212,0.2,0.150943,0.838395,0.841546,0.839968,sentence-transformers/all-mpnet-base-v2,0.680794
MTG11,DenverCityCouncil_12192016_16-1034,deepseek_reasoning,budget_06,run_02,0.151163,0.216667,0.178082,0.845524,0.85017,0.847841,sentence-transformers/all-mpnet-base-v2,0.756801
MTG11,DenverCityCouncil_12192016_16-1034,deepseek_reasoning,budget_06,run_03,0.096386,0.133333,0.111888,0.82351,0.846913,0.835048,sentence-transformers/all-mpnet-base-v2,0.692503
MTG11,DenverCityCouncil_12192016_16-1034,deepseek_reasoning,budget_06,run_04,0.126316,0.2,0.154839,0.844125,0.848469,0.846292,sentence-transformers/all-mpnet-base-v2,0.744359
MTG11,DenverCityCouncil_12192016_16-1034,deepseek_reasoning,budget_06,run_05,0.134021,0.216667,0.165605,0.828491,0.846324,0.837313,sentence-transformers/all-mpnet-base-v2,0.754591
MTG11,DenverCityCouncil_12192016_16-1034,deepseek_temp1_chat,budget_02,run_01,0.216216,0.133333,0.164948,0.863978,0.8491,0.856475,sentence-transformers/all-mpnet-base-v2,0.773468
MTG11,DenverCityCouncil_12192016_16-1034,deepseek_temp1_chat,budget_02,run_02,0.171429,0.1,0.126316,0.853106,0.829894,0.84134,sentence-transformers/all-mpnet-base-v2,0.658835
MTG11,DenverCityCouncil_12192016_16-1034,deepseek_temp1_chat,budget_02,run_03,0.225,0.15,0.18,0.868078,0.849487,0.858682,sentence-transformers/all-mpnet-base-v2,0.709776
MTG11,DenverCityCouncil_12192016_16-1034,deepseek_temp1_chat,budget_02,run_04,0.230769,0.1,0.139535,0.877246,0.840802,0.858638,sentence-transformers/all-mpnet-base-v2,0.70947
MTG11,DenverCityCouncil_12192016_16-1034,deepseek_temp1_chat,budget_02,run_05,0.186047,0.133333,0.15534,0.869141,0.843543,0.856151,sentence-transformers/all-mpnet-base-v2,0.71697
MTG11,DenverCityCouncil_12192016_16-1034,deepseek_temp1_chat,budget_03,run_01,0.25641,0.166667,0.20202,0.866844,0.836103,0.851196,sentence-transformers/all-mpnet-base-v2,0.760878
MTG11,DenverCityCouncil_12192016_16-1034,deepseek_temp1_chat,budget_03,run_02,0.132075,0.116667,0.123894,0.849842,0.826907,0.838218,sentence-transformers/all-mpnet-base-v2,0.553508
MTG11,DenverCityCouncil_12192016_16-1034,deepseek_temp1_chat,budget_03,run_03,0.2,0.133333,0.16,0.869197,0.843653,0.856234,sentence-transformers/all-mpnet-base-v2,0.720601
MTG11,DenverCityCouncil_12192016_16-1034,deepseek_temp1_chat,budget_03,run_04,0.157143,0.183333,0.169231,0.849221,0.84812,0.84867,sentence-transformers/all-mpnet-base-v2,0.740325
MTG11,DenverCityCouncil_12192016_16-1034,deepseek_temp1_chat,budget_03,run_05,0.195652,0.15,0.169811,0.858832,0.8302,0.844274,sentence-transformers/all-mpnet-base-v2,0.659247
MTG11,DenverCityCouncil_12192016_16-1034,deepseek_temp1_chat,budget_06,run_01,0.12766,0.2,0.155844,0.842536,0.837436,0.839978,sentence-transformers/all-mpnet-base-v2,0.730608
MTG11,DenverCityCouncil_12192016_16-1034,deepseek_temp1_chat,budget_06,run_02,0.134146,0.183333,0.15493,0.854742,0.848396,0.851557,sentence-transformers/all-mpnet-base-v2,0.762145
MTG11,DenverCityCouncil_12192016_16-1034,deepseek_temp1_chat,budget_06,run_03,0.172414,0.25,0.204082,0.838219,0.857338,0.847671,sentence-transformers/all-mpnet-base-v2,0.709914
MTG11,DenverCityCouncil_12192016_16-1034,deepseek_temp1_chat,budget_06,run_04,0.191919,0.316667,0.238994,0.8544,0.860846,0.857611,sentence-transformers/all-mpnet-base-v2,0.804188
MTG11,DenverCityCouncil_12192016_16-1034,deepseek_temp1_chat,budget_06,run_05,0.222222,0.366667,0.27673,0.870355,0.889176,0.879665,sentence-transformers/all-mpnet-base-v2,0.821258
MTG11,DenverCityCouncil_12192016_16-1034,gemini_2_5_flash_lite,budget_02,run_01,0.333333,0.166667,0.222222,0.887901,0.849562,0.868308,sentence-transformers/all-mpnet-base-v2,0.79574
MTG11,DenverCityCouncil_12192016_16-1034,gemini_2_5_flash_lite,budget_02,run_02,0.392857,0.183333,0.25,0.885744,0.842263,0.863456,sentence-transformers/all-mpnet-base-v2,0.796899
MTG11,DenverCityCouncil_12192016_16-1034,gemini_2_5_flash_lite,budget_02,run_03,0.322581,0.166667,0.21978,0.881381,0.833708,0.856882,sentence-transformers/all-mpnet-base-v2,0.717207
MTG11,DenverCityCouncil_12192016_16-1034,gemini_2_5_flash_lite,budget_02,run_04,0.357143,0.166667,0.227273,0.883286,0.838985,0.860566,sentence-transformers/all-mpnet-base-v2,0.83575
MTG11,DenverCityCouncil_12192016_16-1034,gemini_2_5_flash_lite,budget_02,run_05,0.241379,0.116667,0.157303,0.881541,0.848706,0.864812,sentence-transformers/all-mpnet-base-v2,0.748063
MTG11,DenverCityCouncil_12192016_16-1034,gemini_2_5_flash_lite,budget_03,run_01,0.261905,0.183333,0.215686,0.876688,0.837766,0.856785,sentence-transformers/all-mpnet-base-v2,0.725814
MTG11,DenverCityCouncil_12192016_16-1034,gemini_2_5_flash_lite,budget_03,run_02,0.22,0.183333,0.2,0.869307,0.838706,0.853733,sentence-transformers/all-mpnet-base-v2,0.744112
MTG11,DenverCityCouncil_12192016_16-1034,gemini_2_5_flash_lite,budget_03,run_03,0.333333,0.2,0.25,0.886686,0.845836,0.865779,sentence-transformers/all-mpnet-base-v2,0.827444
MTG11,DenverCityCouncil_12192016_16-1034,gemini_2_5_flash_lite,budget_03,run_04,0.177778,0.133333,0.152381,0.868371,0.831674,0.849626,sentence-transformers/all-mpnet-base-v2,0.677535
MTG11,DenverCityCouncil_12192016_16-1034,gemini_2_5_flash_lite,budget_03,run_05,0.171429,0.1,0.126316,0.852977,0.824978,0.838744,sentence-transformers/all-mpnet-base-v2,0.673309
MTG11,DenverCityCouncil_12192016_16-1034,gemini_2_5_flash_lite,budget_06,run_01,0.237288,0.233333,0.235294,0.867779,0.856143,0.861922,sentence-transformers/all-mpnet-base-v2,0.822982
MTG11,DenverCityCouncil_12192016_16-1034,gemini_2_5_flash_lite,budget_06,run_02,0.262295,0.266667,0.264463,0.864382,0.844978,0.85457,sentence-transformers/all-mpnet-base-v2,0.829146
MTG11,DenverCityCouncil_12192016_16-1034,gemini_2_5_flash_lite,budget_06,run_03,0.189655,0.183333,0.186441,0.861165,0.836046,0.84842,sentence-transformers/all-mpnet-base-v2,0.812263
MTG11,DenverCityCouncil_12192016_16-1034,gemini_2_5_flash_lite,budget_06,run_04,0.142857,0.15,0.146341,0.852689,0.823576,0.83788,sentence-transformers/all-mpnet-base-v2,0.612507
MTG11,DenverCityCouncil_12192016_16-1034,gemini_2_5_flash_lite,budget_06,run_05,0.189655,0.183333,0.186441,0.866916,0.838774,0.852613,sentence-transformers/all-mpnet-base-v2,0.794868
MTG12,KingCountyCC_03212018_2018-0069,deepseek_reasoning,budget_02,run_01,0.291667,0.318182,0.304348,0.888575,0.894093,0.891326,sentence-transformers/all-mpnet-base-v2,0.560417
MTG12,KingCountyCC_03212018_2018-0069,deepseek_reasoning,budget_02,run_02,0.322581,0.454545,0.377358,0.88921,0.906077,0.897564,sentence-transformers/all-mpnet-base-v2,0.527173
MTG12,KingCountyCC_03212018_2018-0069,deepseek_reasoning,budget_02,run_03,0.225806,0.318182,0.264151,0.883991,0.904464,0.89411,sentence-transformers/all-mpnet-base-v2,0.58523
MTG12,KingCountyCC_03212018_2018-0069,deepseek_reasoning,budget_02,run_04,0.225806,0.318182,0.264151,0.876371,0.892813,0.884515,sentence-transformers/all-mpnet-base-v2,0.521421
MTG12,KingCountyCC_03212018_2018-0069,deepseek_reasoning,budget_02,run_05,0.259259,0.318182,0.285714,0.883596,0.875013,0.879284,sentence-transformers/all-mpnet-base-v2,0.594823
MTG12,KingCountyCC_03212018_2018-0069,deepseek_reasoning,budget_03,run_01,0.152174,0.318182,0.205882,0.846533,0.902438,0.873592,sentence-transformers/all-mpnet-base-v2,0.717752
MTG12,KingCountyCC_03212018_2018-0069,deepseek_reasoning,budget_03,run_02,0.230769,0.409091,0.295082,0.875659,0.897698,0.886541,sentence-transformers/all-mpnet-base-v2,0.587062
MTG12,KingCountyCC_03212018_2018-0069,deepseek_reasoning,budget_03,run_03,0.152174,0.318182,0.205882,0.864027,0.884477,0.874132,sentence-transformers/all-mpnet-base-v2,0.606592
MTG12,KingCountyCC_03212018_2018-0069,deepseek_reasoning,budget_03,run_04,0.156863,0.363636,0.219178,0.859179,0.906296,0.882109,sentence-transformers/all-mpnet-base-v2,0.630128
MTG12,KingCountyCC_03212018_2018-0069,deepseek_reasoning,budget_03,run_05,0.12,0.272727,0.166667,0.859357,0.900115,0.879264,sentence-transformers/all-mpnet-base-v2,0.665485
MTG12,KingCountyCC_03212018_2018-0069,deepseek_reasoning,budget_06,run_01,0.113924,0.409091,0.178218,0.851121,0.897972,0.873919,sentence-transformers/all-mpnet-base-v2,0.721701
MTG12,KingCountyCC_03212018_2018-0069,deepseek_reasoning,budget_06,run_02,0.10989,0.454545,0.176991,0.859175,0.914662,0.886051,sentence-transformers/all-mpnet-base-v2,0.721566
MTG12,KingCountyCC_03212018_2018-0069,deepseek_reasoning,budget_06,run_03,0.10101,0.454545,0.165289,0.828498,0.918273,0.871078,sentence-transformers/all-mpnet-base-v2,0.780409
MTG12,KingCountyCC_03212018_2018-0069,deepseek_reasoning,budget_06,run_04,0.134831,0.545455,0.216216,0.834679,0.915639,0.873287,sentence-transformers/all-mpnet-base-v2,0.790792
MTG12,KingCountyCC_03212018_2018-0069,deepseek_reasoning,budget_06,run_05,0.139535,0.545455,0.222222,0.847623,0.921778,0.883147,sentence-transformers/all-mpnet-base-v2,0.785568
MTG12,KingCountyCC_03212018_2018-0069,deepseek_temp1_chat,budget_02,run_01,0.263158,0.454545,0.333333,0.89057,0.906819,0.898621,sentence-transformers/all-mpnet-base-v2,0.595415
MTG12,KingCountyCC_03212018_2018-0069,deepseek_temp1_chat,budget_02,run_02,0.241379,0.318182,0.27451,0.8725,0.887232,0.879804,sentence-transformers/all-mpnet-base-v2,0.71941
MTG12,KingCountyCC_03212018_2018-0069,deepseek_temp1_chat,budget_02,run_03,0.233333,0.318182,0.269231,0.886075,0.887543,0.886809,sentence-transformers/all-mpnet-base-v2,0.663331
MTG12,KingCountyCC_03212018_2018-0069,deepseek_temp1_chat,budget_02,run_04,0.272727,0.409091,0.327273,0.901267,0.906765,0.904008,sentence-transformers/all-mpnet-base-v2,0.627126
MTG12,KingCountyCC_03212018_2018-0069,deepseek_temp1_chat,budget_02,run_05,0.212121,0.318182,0.254545,0.87455,0.882478,0.878496,sentence-transformers/all-mpnet-base-v2,0.620995
MTG12,KingCountyCC_03212018_2018-0069,deepseek_temp1_chat,budget_03,run_01,0.185185,0.454545,0.263158,0.861189,0.891072,0.875876,sentence-transformers/all-mpnet-base-v2,0.636581
MTG12,KingCountyCC_03212018_2018-0069,deepseek_temp1_chat,budget_03,run_02,0.178571,0.454545,0.25641,0.864664,0.916262,0.889715,sentence-transformers/all-mpnet-base-v2,0.724273
MTG12,KingCountyCC_03212018_2018-0069,deepseek_temp1_chat,budget_03,run_03,0.212766,0.454545,0.289855,0.867791,0.894909,0.881141,sentence-transformers/all-mpnet-base-v2,0.628261
MTG12,KingCountyCC_03212018_2018-0069,deepseek_temp1_chat,budget_03,run_04,0.178571,0.454545,0.25641,0.852406,0.897771,0.8745,sentence-transformers/all-mpnet-base-v2,0.646373
MTG12,KingCountyCC_03212018_2018-0069,deepseek_temp1_chat,budget_03,run_05,0.196078,0.454545,0.273973,0.858283,0.907128,0.88203,sentence-transformers/all-mpnet-base-v2,0.66659
MTG12,KingCountyCC_03212018_2018-0069,deepseek_temp1_chat,budget_06,run_01,0.113402,0.5,0.184874,0.846933,0.919582,0.881764,sentence-transformers/all-mpnet-base-v2,0.741784
MTG12,KingCountyCC_03212018_2018-0069,deepseek_temp1_chat,budget_06,run_02,0.119565,0.5,0.192982,0.853421,0.89495,0.873692,sentence-transformers/all-mpnet-base-v2,0.620185
MTG12,KingCountyCC_03212018_2018-0069,deepseek_temp1_chat,budget_06,run_03,0.113636,0.454545,0.181818,0.855603,0.901397,0.877903,sentence-transformers/all-mpnet-base-v2,0.671369
MTG12,KingCountyCC_03212018_2018-0069,deepseek_temp1_chat,budget_06,run_04,0.083333,0.363636,0.135593,0.841182,0.903953,0.871438,sentence-transformers/all-mpnet-base-v2,0.746591
MTG12,KingCountyCC_03212018_2018-0069,deepseek_temp1_chat,budget_06,run_05,0.086022,0.363636,0.13913,0.837906,0.897643,0.866746,sentence-transformers/all-mpnet-base-v2,0.618165
MTG12,KingCountyCC_03212018_2018-0069,gemini_2_5_flash_lite,budget_02,run_01,0.235294,0.363636,0.285714,0.876969,0.884074,0.880507,sentence-transformers/all-mpnet-base-v2,0.645715
MTG12,KingCountyCC_03212018_2018-0069,gemini_2_5_flash_lite,budget_02,run_02,0.2,0.227273,0.212766,0.884776,0.86798,0.876297,sentence-transformers/all-mpnet-base-v2,0.620747
MTG12,KingCountyCC_03212018_2018-0069,gemini_2_5_flash_lite,budget_02,run_03,0.347826,0.363636,0.355556,0.903853,0.889241,0.896487,sentence-transformers/all-mpnet-base-v2,0.618504
MTG12,KingCountyCC_03212018_2018-0069,gemini_2_5_flash_lite,budget_02,run_04,0.307692,0.363636,0.333333,0.898695,0.883109,0.890834,sentence-transformers/all-mpnet-base-v2,0.584767
MTG12,KingCountyCC_03212018_2018-0069,gemini_2_5_flash_lite,budget_02,run_05,0.291667,0.318182,0.304348,0.891588,0.871081,0.881215,sentence-transformers/all-mpnet-base-v2,0.607793
MTG12,KingCountyCC_03212018_2018-0069,gemini_2_5_flash_lite,budget_03,run_01,0.222222,0.363636,0.275862,0.882423,0.884702,0.883561,sentence-transformers/all-mpnet-base-v2,0.671778
MTG12,KingCountyCC_03212018_2018-0069,gemini_2_5_flash_lite,budget_03,run_02,0.205882,0.318182,0.25,0.879479,0.874059,0.876761,sentence-transformers/all-mpnet-base-v2,0.670568
MTG12,KingCountyCC_03212018_2018-0069,gemini_2_5_flash_lite,budget_03,run_03,0.205882,0.318182,0.25,0.882653,0.879449,0.881048,sentence-transformers/all-mpnet-base-v2,0.63485
MTG12,KingCountyCC_03212018_2018-0069,gemini_2_5_flash_lite,budget_03,run_04,0.2,0.318182,0.245614,0.885706,0.877522,0.881595,sentence-transformers/all-mpnet-base-v2,0.634338
MTG12,KingCountyCC_03212018_2018-0069,gemini_2_5_flash_lite,budget_03,run_05,0.233333,0.318182,0.269231,0.887805,0.881909,0.884847,sentence-transformers/all-mpnet-base-v2,0.661045
MTG12,KingCountyCC_03212018_2018-0069,gemini_2_5_flash_lite,budget_06,run_01,0.169231,0.5,0.252874,0.85284,0.883351,0.867827,sentence-transformers/all-mpnet-base-v2,0.588976
MTG12,KingCountyCC_03212018_2018-0069,gemini_2_5_flash_lite,budget_06,run_02,0.188679,0.454545,0.266667,0.86712,0.885474,0.876201,sentence-transformers/all-mpnet-base-v2,0.603221
MTG12,KingCountyCC_03212018_2018-0069,gemini_2_5_flash_lite,budget_06,run_03,0.142857,0.409091,0.211765,0.875014,0.8909,0.882886,sentence-transformers/all-mpnet-base-v2,0.648337
MTG12,KingCountyCC_03212018_2018-0069,gemini_2_5_flash_lite,budget_06,run_04,0.130435,0.409091,0.197802,0.866401,0.889304,0.877703,sentence-transformers/all-mpnet-base-v2,0.616952
MTG12,KingCountyCC_03212018_2018-0069,gemini_2_5_flash_lite,budget_06,run_05,0.122807,0.318182,0.177215,0.849986,0.873646,0.861654,sentence-transformers/all-mpnet-base-v2,0.576335
MTG13,LongBeachCC_03102015_15-0115,deepseek_reasoning,budget_02,run_01,0.103448,0.088235,0.095238,0.835852,0.815493,0.825547,sentence-transformers/all-mpnet-base-v2,0.437291
MTG13,LongBeachCC_03102015_15-0115,deepseek_reasoning,budget_02,run_02,0.078947,0.088235,0.083333,0.838659,0.819938,0.829193,sentence-transformers/all-mpnet-base-v2,0.570953
MTG13,LongBeachCC_03102015_15-0115,deepseek_reasoning,budget_02,run_03,0.108108,0.117647,0.112676,0.838375,0.81422,0.826121,sentence-transformers/all-mpnet-base-v2,0.50848
MTG13,LongBeachCC_03102015_15-0115,deepseek_reasoning,budget_02,run_04,0.076923,0.058824,0.066667,0.838195,0.806252,0.821913,sentence-transformers/all-mpnet-base-v2,0.489282
MTG13,LongBeachCC_03102015_15-0115,deepseek_reasoning,budget_02,run_05,0.060606,0.058824,0.059701,0.836206,0.818637,0.827328,sentence-transformers/all-mpnet-base-v2,0.576513
MTG13,LongBeachCC_03102015_15-0115,deepseek_reasoning,budget_03,run_01,0.088889,0.117647,0.101266,0.836632,0.81723,0.826817,sentence-transformers/all-mpnet-base-v2,0.56417
MTG13,LongBeachCC_03102015_15-0115,deepseek_reasoning,budget_03,run_02,0.06383,0.088235,0.074074,0.83654,0.812912,0.824557,sentence-transformers/all-mpnet-base-v2,0.5203
MTG13,LongBeachCC_03102015_15-0115,deepseek_reasoning,budget_03,run_03,0.085106,0.117647,0.098765,0.826228,0.812576,0.819345,sentence-transformers/all-mpnet-base-v2,0.519661
MTG13,LongBeachCC_03102015_15-0115,deepseek_reasoning,budget_03,run_04,0.116279,0.147059,0.12987,0.831029,0.822057,0.826518,sentence-transformers/all-mpnet-base-v2,0.625696
MTG13,LongBeachCC_03102015_15-0115,deepseek_reasoning,budget_03,run_05,0.078947,0.088235,0.083333,0.837197,0.811806,0.824306,sentence-transformers/all-mpnet-base-v2,0.554254
MTG13,LongBeachCC_03102015_15-0115,deepseek_reasoning,budget_06,run_01,0.052174,0.176471,0.080537,0.809513,0.812532,0.81102,sentence-transformers/all-mpnet-base-v2,0.568011
MTG13,LongBeachCC_03102015_15-0115,deepseek_reasoning,budget_06,run_02,0.063158,0.176471,0.093023,0.81542,0.817047,0.816233,sentence-transformers/all-mpnet-base-v2,0.551278
MTG13,LongBeachCC_03102015_15-0115,deepseek_reasoning,budget_06,run_03,0.074468,0.205882,0.109375,0.819555,0.820415,0.819984,sentence-transformers/all-mpnet-base-v2,0.591119
MTG13,LongBeachCC_03102015_15-0115,deepseek_reasoning,budget_06,run_04,0.060976,0.147059,0.086207,0.819651,0.812235,0.815926,sentence-transformers/all-mpnet-base-v2,0.522271
MTG13,LongBeachCC_03102015_15-0115,deepseek_reasoning,budget_06,run_05,0.051724,0.176471,0.08,0.814914,0.817703,0.816306,sentence-transformers/all-mpnet-base-v2,0.541377
MTG13,LongBeachCC_03102015_15-0115,deepseek_temp1_chat,budget_02,run_01,0.125,0.088235,0.103448,0.83335,0.821494,0.827379,sentence-transformers/all-mpnet-base-v2,0.557626
MTG13,LongBeachCC_03102015_15-0115,deepseek_temp1_chat,budget_02,run_02,0.102564,0.117647,0.109589,0.83249,0.815864,0.824093,sentence-transformers/all-mpnet-base-v2,0.552098
MTG13,LongBeachCC_03102015_15-0115,deepseek_temp1_chat,budget_02,run_03,0.1,0.088235,0.09375,0.842282,0.821506,0.831764,sentence-transformers/all-mpnet-base-v2,0.57534
MTG13,LongBeachCC_03102015_15-0115,deepseek_temp1_chat,budget_02,run_04,0.103448,0.088235,0.095238,0.840857,0.8222,0.831424,sentence-transformers/all-mpnet-base-v2,0.530916
MTG13,LongBeachCC_03102015_15-0115,deepseek_temp1_chat,budget_02,run_05,0.074074,0.058824,0.065574,0.833262,0.816541,0.824817,sentence-transformers/all-mpnet-base-v2,0.449594
MTG13,LongBeachCC_03102015_15-0115,deepseek_temp1_chat,budget_03,run_01,0.073171,0.088235,0.08,0.829507,0.819593,0.82452,sentence-transformers/all-mpnet-base-v2,0.590883
MTG13,LongBeachCC_03102015_15-0115,deepseek_temp1_chat,budget_03,run_02,0.119048,0.147059,0.131579,0.837515,0.815996,0.826616,sentence-transformers/all-mpnet-base-v2,0.548871
MTG13,LongBeachCC_03102015_15-0115,deepseek_temp1_chat,budget_03,run_03,0.065217,0.088235,0.075,0.824312,0.813381,0.81881,sentence-transformers/all-mpnet-base-v2,0.449701
MTG13,LongBeachCC_03102015_15-0115,deepseek_temp1_chat,budget_03,run_04,0.09434,0.147059,0.114943,0.82814,0.816881,0.822472,sentence-transformers/all-mpnet-base-v2,0.537779
MTG13,LongBeachCC_03102015_15-0115,deepseek_temp1_chat,budget_03,run_05,0.066667,0.088235,0.075949,0.829918,0.815799,0.822798,sentence-transformers/all-mpnet-base-v2,0.572675
MTG13,LongBeachCC_03102015_15-0115,deepseek_temp1_chat,budget_06,run_01,0.057692,0.176471,0.086957,0.816383,0.817886,0.817134,sentence-transformers/all-mpnet-base-v2,0.606568
MTG13,LongBeachCC_03102015_15-0115,deepseek_temp1_chat,budget_06,run_02,0.069767,0.176471,0.1,0.819516,0.814931,0.817217,sentence-transformers/all-mpnet-base-v2,0.505098
MTG13,LongBeachCC_03102015_15-0115,deepseek_temp1_chat,budget_06,run_03,0.063063,0.205882,0.096552,0.816616,0.81903,0.817821,sentence-transformers/all-mpnet-base-v2,0.57159
MTG13,LongBeachCC_03102015_15-0115,deepseek_temp1_chat,budget_06,run_04,0.061224,0.176471,0.090909,0.820574,0.818077,0.819324,sentence-transformers/all-mpnet-base-v2,0.535039
MTG13,LongBeachCC_03102015_15-0115,deepseek_temp1_chat,budget_06,run_05,0.06,0.176471,0.089552,0.821926,0.816085,0.818995,sentence-transformers/all-mpnet-base-v2,0.566578
MTG13,LongBeachCC_03102015_15-0115,gemini_2_5_flash_lite,budget_02,run_01,0.111111,0.088235,0.098361,0.84082,0.815397,0.827913,sentence-transformers/all-mpnet-base-v2,0.586972
MTG13,LongBeachCC_03102015_15-0115,gemini_2_5_flash_lite,budget_02,run_02,0.102564,0.117647,0.109589,0.839925,0.814107,0.826815,sentence-transformers/all-mpnet-base-v2,0.564463
MTG13,LongBeachCC_03102015_15-0115,gemini_2_5_flash_lite,budget_02,run_03,0.137931,0.117647,0.126984,0.842183,0.813094,0.827383,sentence-transformers/all-mpnet-base-v2,0.563252
MTG13,LongBeachCC_03102015_15-0115,gemini_2_5_flash_lite,budget_02,run_04,0.142857,0.117647,0.129032,0.853691,0.816667,0.834769,sentence-transformers/all-mpnet-base-v2,0.54443
MTG13,LongBeachCC_03102015_15-0115,gemini_2_5_flash_lite,budget_02,run_05,0.125,0.147059,0.135135,0.83488,0.816102,0.825384,sentence-transformers/all-mpnet-base-v2,0.59343
MTG13,LongBeachCC_03102015_15-0115,gemini_2_5_flash_lite,budget_03,run_01,0.086957,0.117647,0.1,0.835238,0.813721,0.824339,sentence-transformers/all-mpnet-base-v2,0.565405
MTG13,LongBeachCC_03102015_15-0115,gemini_2_5_flash_lite,budget_03,run_02,0.09434,0.147059,0.114943,0.842895,0.819805,0.83119,sentence-transformers/all-mpnet-base-v2,0.600884
MTG13,LongBeachCC_03102015_15-0115,gemini_2_5_flash_lite,budget_03,run_03,0.121212,0.117647,0.119403,0.860522,0.818344,0.838903,sentence-transformers/all-mpnet-base-v2,0.610509
MTG13,LongBeachCC_03102015_15-0115,gemini_2_5_flash_lite,budget_03,run_04,0.090909,0.088235,0.089552,0.853704,0.819712,0.836363,sentence-transformers/all-mpnet-base-v2,0.600424
MTG13,LongBeachCC_03102015_15-0115,gemini_2_5_flash_lite,budget_03,run_05,0.073171,0.088235,0.08,0.849773,0.821541,0.835419,sentence-transformers/all-mpnet-base-v2,0.594188
MTG13,LongBeachCC_03102015_15-0115,gemini_2_5_flash_lite,budget_06,run_01,0.071429,0.117647,0.088889,0.830834,0.810997,0.820796,sentence-transformers/all-mpnet-base-v2,0.634352
MTG13,LongBeachCC_03102015_15-0115,gemini_2_5_flash_lite,budget_06,run_02,0.109091,0.176471,0.134831,0.841258,0.816298,0.82859,sentence-transformers/all-mpnet-base-v2,0.624
MTG13,LongBeachCC_03102015_15-0115,gemini_2_5_flash_lite,budget_06,run_03,0.101695,0.176471,0.129032,0.836037,0.814557,0.825157,sentence-transformers/all-mpnet-base-v2,0.632889
MTG13,LongBeachCC_03102015_15-0115,gemini_2_5_flash_lite,budget_06,run_04,0.063492,0.117647,0.082474,0.830803,0.812975,0.821792,sentence-transformers/all-mpnet-base-v2,0.60928
MTG13,LongBeachCC_03102015_15-0115,gemini_2_5_flash_lite,budget_06,run_05,0.068966,0.117647,0.086957,0.831623,0.811165,0.821267,sentence-transformers/all-mpnet-base-v2,0.5921
MTG14,DenverCityCouncil_01092017_16-1071,deepseek_reasoning,budget_02,run_01,0.178571,0.05618,0.08547,0.849009,0.814564,0.83143,sentence-transformers/all-mpnet-base-v2,0.467095
MTG14,DenverCityCouncil_01092017_16-1071,deepseek_reasoning,budget_02,run_02,0.222222,0.067416,0.103448,0.853675,0.807065,0.829716,sentence-transformers/all-mpnet-base-v2,0.457671
MTG14,DenverCityCouncil_01092017_16-1071,deepseek_reasoning,budget_02,run_03,0.15625,0.05618,0.082645,0.833349,0.816602,0.82489,sentence-transformers/all-mpnet-base-v2,0.476127
MTG14,DenverCityCouncil_01092017_16-1071,deepseek_reasoning,budget_02,run_04,0.216216,0.089888,0.126984,0.836423,0.817689,0.82695,sentence-transformers/all-mpnet-base-v2,0.458786
MTG14,DenverCityCouncil_01092017_16-1071,deepseek_reasoning,budget_02,run_05,0.129032,0.044944,0.066667,0.828808,0.813213,0.820936,sentence-transformers/all-mpnet-base-v2,0.462622
MTG14,DenverCityCouncil_01092017_16-1071,deepseek_reasoning,budget_03,run_01,0.196078,0.11236,0.142857,0.841449,0.826694,0.834007,sentence-transformers/all-mpnet-base-v2,0.707589
MTG14,DenverCityCouncil_01092017_16-1071,deepseek_reasoning,budget_03,run_02,0.175,0.078652,0.108527,0.823803,0.8076,0.815621,sentence-transformers/all-mpnet-base-v2,0.561167
MTG14,DenverCityCouncil_01092017_16-1071,deepseek_reasoning,budget_03,run_03,0.163265,0.089888,0.115942,0.828216,0.81983,0.824001,sentence-transformers/all-mpnet-base-v2,0.523898
MTG14,DenverCityCouncil_01092017_16-1071,deepseek_reasoning,budget_03,run_04,0.137931,0.089888,0.108844,0.835788,0.817744,0.826668,sentence-transformers/all-mpnet-base-v2,0.5287
MTG14,DenverCityCouncil_01092017_16-1071,deepseek_reasoning,budget_03,run_05,0.166667,0.101124,0.125874,0.82125,0.830434,0.825816,sentence-transformers/all-mpnet-base-v2,0.633646
MTG14,DenverCityCouncil_01092017_16-1071,deepseek_reasoning,budget_06,run_01,0.127273,0.157303,0.140704,0.814379,0.824819,0.819565,sentence-transformers/all-mpnet-base-v2,0.547195
MTG14,DenverCityCouncil_01092017_16-1071,deepseek_reasoning,budget_06,run_02,0.184783,0.191011,0.187845,0.815827,0.842059,0.828735,sentence-transformers/all-mpnet-base-v2,0.733678
MTG14,DenverCityCouncil_01092017_16-1071,deepseek_reasoning,budget_06,run_03,0.136364,0.168539,0.150754,0.814976,0.834702,0.824721,sentence-transformers/all-mpnet-base-v2,0.716097
MTG14,DenverCityCouncil_01092017_16-1071,deepseek_reasoning,budget_06,run_04,0.16,0.179775,0.169312,0.833038,0.834293,0.833665,sentence-transformers/all-mpnet-base-v2,0.690702
MTG14,DenverCityCouncil_01092017_16-1071,deepseek_reasoning,budget_06,run_05,0.166667,0.157303,0.16185,0.8255,0.828996,0.827245,sentence-transformers/all-mpnet-base-v2,0.675246
MTG14,DenverCityCouncil_01092017_16-1071,deepseek_temp1_chat,budget_02,run_01,0.192308,0.05618,0.086957,0.851288,0.814294,0.83238,sentence-transformers/all-mpnet-base-v2,0.476428
MTG14,DenverCityCouncil_01092017_16-1071,deepseek_temp1_chat,budget_02,run_02,0.266667,0.089888,0.134454,0.853256,0.825308,0.839049,sentence-transformers/all-mpnet-base-v2,0.689238
MTG14,DenverCityCouncil_01092017_16-1071,deepseek_temp1_chat,budget_02,run_03,0.125,0.044944,0.066116,0.843044,0.817677,0.830167,sentence-transformers/all-mpnet-base-v2,0.49559
MTG14,DenverCityCouncil_01092017_16-1071,deepseek_temp1_chat,budget_02,run_04,0.242424,0.089888,0.131148,0.852444,0.834178,0.843212,sentence-transformers/all-mpnet-base-v2,0.68561
MTG14,DenverCityCouncil_01092017_16-1071,deepseek_temp1_chat,budget_02,run_05,0.228571,0.089888,0.129032,0.854206,0.831985,0.842949,sentence-transformers/all-mpnet-base-v2,0.720635
MTG14,DenverCityCouncil_01092017_16-1071,deepseek_temp1_chat,budget_03,run_01,0.170732,0.078652,0.107692,0.839753,0.829581,0.834636,sentence-transformers/all-mpnet-base-v2,0.673321
MTG14,DenverCityCouncil_01092017_16-1071,deepseek_temp1_chat,budget_03,run_02,0.219512,0.101124,0.138462,0.853265,0.833046,0.843034,sentence-transformers/all-mpnet-base-v2,0.695211
MTG14,DenverCityCouncil_01092017_16-1071,deepseek_temp1_chat,budget_03,run_03,0.151515,0.11236,0.129032,0.839194,0.835819,0.837503,sentence-transformers/all-mpnet-base-v2,0.743677
MTG14,DenverCityCouncil_01092017_16-1071,deepseek_temp1_chat,budget_03,run_04,0.163934,0.11236,0.133333,0.829613,0.827387,0.828499,sentence-transformers/all-mpnet-base-v2,0.610719
MTG14,DenverCityCouncil_01092017_16-1071,deepseek_temp1_chat,budget_03,run_05,0.2,0.101124,0.134328,0.849762,0.834851,0.84224,sentence-transformers/all-mpnet-base-v2,0.735367
MTG14,DenverCityCouncil_01092017_16-1071,deepseek_temp1_chat,budget_06,run_01,0.171717,0.191011,0.180851,0.83411,0.832806,0.833458,sentence-transformers/all-mpnet-base-v2,0.637508
MTG14,DenverCityCouncil_01092017_16-1071,deepseek_temp1_chat,budget_06,run_02,0.156863,0.179775,0.167539,0.830836,0.840279,0.835531,sentence-transformers/all-mpnet-base-v2,0.708138
MTG14,DenverCityCouncil_01092017_16-1071,deepseek_temp1_chat,budget_06,run_03,0.156522,0.202247,0.176471,0.834509,0.844234,0.839343,sentence-transformers/all-mpnet-base-v2,0.703205
MTG14,DenverCityCouncil_01092017_16-1071,deepseek_temp1_chat,budget_06,run_04,0.148515,0.168539,0.157895,0.837909,0.833979,0.835939,sentence-transformers/all-mpnet-base-v2,0.692084
MTG14,DenverCityCouncil_01092017_16-1071,deepseek_temp1_chat,budget_06,run_05,0.175926,0.213483,0.192893,0.828267,0.834692,0.831467,sentence-transformers/all-mpnet-base-v2,0.731139
MTG14,DenverCityCouncil_01092017_16-1071,gemini_2_5_flash_lite,budget_02,run_01,0.192308,0.05618,0.086957,0.856122,0.818371,0.836821,sentence-transformers/all-mpnet-base-v2,0.524874
MTG14,DenverCityCouncil_01092017_16-1071,gemini_2_5_flash_lite,budget_02,run_02,0.172414,0.05618,0.084746,0.849958,0.814829,0.832022,sentence-transformers/all-mpnet-base-v2,0.496104
MTG14,DenverCityCouncil_01092017_16-1071,gemini_2_5_flash_lite,budget_02,run_03,0.151515,0.05618,0.081967,0.8457,0.815683,0.83042,sentence-transformers/all-mpnet-base-v2,0.575308
MTG14,DenverCityCouncil_01092017_16-1071,gemini_2_5_flash_lite,budget_02,run_04,0.157895,0.067416,0.094488,0.846711,0.816853,0.831514,sentence-transformers/all-mpnet-base-v2,0.484239
MTG14,DenverCityCouncil_01092017_16-1071,gemini_2_5_flash_lite,budget_02,run_05,0.157895,0.067416,0.094488,0.842463,0.816408,0.829231,sentence-transformers/all-mpnet-base-v2,0.437551
MTG14,DenverCityCouncil_01092017_16-1071,gemini_2_5_flash_lite,budget_03,run_01,0.162162,0.067416,0.095238,0.843177,0.813383,0.828012,sentence-transformers/all-mpnet-base-v2,0.556752
MTG14,DenverCityCouncil_01092017_16-1071,gemini_2_5_flash_lite,budget_03,run_02,0.211538,0.123596,0.156028,0.851246,0.835942,0.843524,sentence-transformers/all-mpnet-base-v2,0.749304
MTG14,DenverCityCouncil_01092017_16-1071,gemini_2_5_flash_lite,budget_03,run_03,0.216216,0.089888,0.126984,0.857023,0.838462,0.847641,sentence-transformers/all-mpnet-base-v2,0.756832
MTG14,DenverCityCouncil_01092017_16-1071,gemini_2_5_flash_lite,budget_03,run_04,0.275,0.123596,0.170543,0.864053,0.844606,0.854219,sentence-transformers/all-mpnet-base-v2,0.766899
MTG14,DenverCityCouncil_01092017_16-1071,gemini_2_5_flash_lite,budget_03,run_05,0.225,0.101124,0.139535,0.862024,0.841274,0.851523,sentence-transformers/all-mpnet-base-v2,0.77706
MTG14,DenverCityCouncil_01092017_16-1071,gemini_2_5_flash_lite,budget_06,run_01,0.185714,0.146067,0.163522,0.846962,0.837621,0.842266,sentence-transformers/all-mpnet-base-v2,0.744036
MTG14,DenverCityCouncil_01092017_16-1071,gemini_2_5_flash_lite,budget_06,run_02,0.166667,0.134831,0.149068,0.845989,0.833721,0.83981,sentence-transformers/all-mpnet-base-v2,0.70409
MTG14,DenverCityCouncil_01092017_16-1071,gemini_2_5_flash_lite,budget_06,run_03,0.169231,0.123596,0.142857,0.851577,0.839695,0.845594,sentence-transformers/all-mpnet-base-v2,0.76036
MTG14,DenverCityCouncil_01092017_16-1071,gemini_2_5_flash_lite,budget_06,run_04,0.2,0.134831,0.161074,0.845944,0.822024,0.833812,sentence-transformers/all-mpnet-base-v2,0.588532
MTG14,DenverCityCouncil_01092017_16-1071,gemini_2_5_flash_lite,budget_06,run_05,0.145161,0.101124,0.119205,0.844771,0.830065,0.837353,sentence-transformers/all-mpnet-base-v2,0.762671
MTG15,AlamedaCC_02022016_2016-2508,deepseek_reasoning,budget_02,run_01,0.266667,0.109589,0.15534,0.868877,0.801582,0.833874,sentence-transformers/all-mpnet-base-v2,0.613885
MTG15,AlamedaCC_02022016_2016-2508,deepseek_reasoning,budget_02,run_02,0.216216,0.109589,0.145455,0.869158,0.80411,0.83537,sentence-transformers/all-mpnet-base-v2,0.609858
MTG15,AlamedaCC_02022016_2016-2508,deepseek_reasoning,budget_02,run_03,0.28125,0.123288,0.171429,0.870205,0.802696,0.835088,sentence-transformers/all-mpnet-base-v2,0.566879
MTG15,AlamedaCC_02022016_2016-2508,deepseek_reasoning,budget_02,run_04,0.333333,0.178082,0.232143,0.86605,0.812941,0.838656,sentence-transformers/all-mpnet-base-v2,0.668589
MTG15,AlamedaCC_02022016_2016-2508,deepseek_reasoning,budget_02,run_05,0.305556,0.150685,0.201835,0.867603,0.814877,0.840413,sentence-transformers/all-mpnet-base-v2,0.692249
MTG15,AlamedaCC_02022016_2016-2508,deepseek_reasoning,budget_03,run_01,0.195122,0.109589,0.140351,0.847059,0.798962,0.822308,sentence-transformers/all-mpnet-base-v2,0.687208
MTG15,AlamedaCC_02022016_2016-2508,deepseek_reasoning,budget_03,run_02,0.191489,0.123288,0.15,0.850805,0.804435,0.82697,sentence-transformers/all-mpnet-base-v2,0.642587
MTG15,AlamedaCC_02022016_2016-2508,deepseek_reasoning,budget_03,run_03,0.209677,0.178082,0.192593,0.85673,0.815545,0.83563,sentence-transformers/all-mpnet-base-v2,0.753016
MTG15,AlamedaCC_02022016_2016-2508,deepseek_reasoning,budget_03,run_04,0.188679,0.136986,0.15873,0.845488,0.79482,0.819371,sentence-transformers/all-mpnet-base-v2,0.506454
MTG15,AlamedaCC_02022016_2016-2508,deepseek_reasoning,budget_03,run_05,0.206897,0.164384,0.183206,0.846449,0.814077,0.829948,sentence-transformers/all-mpnet-base-v2,0.743673
MTG15,AlamedaCC_02022016_2016-2508,deepseek_reasoning,budget_06,run_01,0.106195,0.164384,0.129032,0.816092,0.801415,0.808687,sentence-transformers/all-mpnet-base-v2,0.714959
MTG15,AlamedaCC_02022016_2016-2508,deepseek_reasoning,budget_06,run_02,0.186813,0.232877,0.207317,0.848905,0.81916,0.833767,sentence-transformers/all-mpnet-base-v2,0.786215
MTG15,AlamedaCC_02022016_2016-2508,deepseek_reasoning,budget_06,run_03,0.144068,0.232877,0.17801,0.840398,0.817138,0.828605,sentence-transformers/all-mpnet-base-v2,0.759735
MTG15,AlamedaCC_02022016_2016-2508,deepseek_reasoning,budget_06,run_04,0.171429,0.246575,0.202247,0.84414,0.815091,0.829361,sentence-transformers/all-mpnet-base-v2,0.787299
MTG15,AlamedaCC_02022016_2016-2508,deepseek_reasoning,budget_06,run_05,0.153846,0.246575,0.189474,0.831095,0.817858,0.824423,sentence-transformers/all-mpnet-base-v2,0.783414
MTG15,AlamedaCC_02022016_2016-2508,deepseek_temp1_chat,budget_02,run_01,0.244898,0.164384,0.196721,0.864318,0.811302,0.836971,sentence-transformers/all-mpnet-base-v2,0.754409
MTG15,AlamedaCC_02022016_2016-2508,deepseek_temp1_chat,budget_02,run_02,0.261905,0.150685,0.191304,0.875109,0.814665,0.843806,sentence-transformers/all-mpnet-base-v2,0.62977
MTG15,AlamedaCC_02022016_2016-2508,deepseek_temp1_chat,budget_02,run_03,0.25,0.150685,0.188034,0.869951,0.81128,0.839592,sentence-transformers/all-mpnet-base-v2,0.69538
MTG15,AlamedaCC_02022016_2016-2508,deepseek_temp1_chat,budget_02,run_04,0.25,0.136986,0.176991,0.874129,0.811467,0.841633,sentence-transformers/all-mpnet-base-v2,0.726278
MTG15,AlamedaCC_02022016_2016-2508,deepseek_temp1_chat,budget_02,run_05,0.225,0.123288,0.159292,0.868449,0.808307,0.837299,sentence-transformers/all-mpnet-base-v2,0.741289
MTG15,AlamedaCC_02022016_2016-2508,deepseek_temp1_chat,budget_03,run_01,0.189655,0.150685,0.167939,0.857081,0.812261,0.83407,sentence-transformers/all-mpnet-base-v2,0.734032
MTG15,AlamedaCC_02022016_2016-2508,deepseek_temp1_chat,budget_03,run_02,0.164384,0.164384,0.164384,0.853793,0.817655,0.835333,sentence-transformers/all-mpnet-base-v2,0.801776
MTG15,AlamedaCC_02022016_2016-2508,deepseek_temp1_chat,budget_03,run_03,0.254237,0.205479,0.227273,0.860919,0.810138,0.834757,sentence-transformers/all-mpnet-base-v2,0.739697
MTG15,AlamedaCC_02022016_2016-2508,deepseek_temp1_chat,budget_03,run_04,0.203704,0.150685,0.173228,0.866354,0.812472,0.838549,sentence-transformers/all-mpnet-base-v2,0.755139
MTG15,AlamedaCC_02022016_2016-2508,deepseek_temp1_chat,budget_03,run_05,0.109091,0.082192,0.09375,0.844632,0.799923,0.82167,sentence-transformers/all-mpnet-base-v2,0.64938
MTG15,AlamedaCC_02022016_2016-2508,deepseek_temp1_chat,budget_06,run_01,0.109489,0.205479,0.142857,0.835943,0.812385,0.823996,sentence-transformers/all-mpnet-base-v2,0.746877
MTG15,AlamedaCC_02022016_2016-2508,deepseek_temp1_chat,budget_06,run_02,0.129032,0.219178,0.162437,0.835477,0.818565,0.826935,sentence-transformers/all-mpnet-base-v2,0.753258
MTG15,AlamedaCC_02022016_2016-2508,deepseek_temp1_chat,budget_06,run_03,0.118182,0.178082,0.142077,0.843662,0.814621,0.828887,sentence-transformers/all-mpnet-base-v2,0.788988
MTG15,AlamedaCC_02022016_2016-2508,deepseek_temp1_chat,budget_06,run_04,0.130435,0.205479,0.159574,0.841826,0.817771,0.829624,sentence-transformers/all-mpnet-base-v2,0.727412
MTG15,AlamedaCC_02022016_2016-2508,deepseek_temp1_chat,budget_06,run_05,0.104651,0.123288,0.113208,0.84044,0.804707,0.822185,sentence-transformers/all-mpnet-base-v2,0.698646
MTG15,AlamedaCC_02022016_2016-2508,gemini_2_5_flash_lite,budget_02,run_01,0.342857,0.164384,0.222222,0.887909,0.813582,0.849122,sentence-transformers/all-mpnet-base-v2,0.770192
MTG15,AlamedaCC_02022016_2016-2508,gemini_2_5_flash_lite,budget_02,run_02,0.372093,0.219178,0.275862,0.886197,0.81572,0.849499,sentence-transformers/all-mpnet-base-v2,0.741055
MTG15,AlamedaCC_02022016_2016-2508,gemini_2_5_flash_lite,budget_02,run_03,0.333333,0.205479,0.254237,0.868968,0.813208,0.840164,sentence-transformers/all-mpnet-base-v2,0.708965
MTG15,AlamedaCC_02022016_2016-2508,gemini_2_5_flash_lite,budget_02,run_04,0.344828,0.136986,0.196078,0.890033,0.808467,0.847292,sentence-transformers/all-mpnet-base-v2,0.732379
MTG15,AlamedaCC_02022016_2016-2508,gemini_2_5_flash_lite,budget_02,run_05,0.3125,0.136986,0.190476,0.880251,0.810698,0.844044,sentence-transformers/all-mpnet-base-v2,0.671782
MTG15,AlamedaCC_02022016_2016-2508,gemini_2_5_flash_lite,budget_03,run_01,0.325,0.178082,0.230088,0.87999,0.812801,0.845062,sentence-transformers/all-mpnet-base-v2,0.785542
MTG15,AlamedaCC_02022016_2016-2508,gemini_2_5_flash_lite,budget_03,run_02,0.315789,0.164384,0.216216,0.880186,0.811016,0.844186,sentence-transformers/all-mpnet-base-v2,0.77146
MTG15,AlamedaCC_02022016_2016-2508,gemini_2_5_flash_lite,budget_03,run_03,0.3,0.164384,0.212389,0.868442,0.805899,0.836002,sentence-transformers/all-mpnet-base-v2,0.687228
MTG15,AlamedaCC_02022016_2016-2508,gemini_2_5_flash_lite,budget_03,run_04,0.313725,0.219178,0.258065,0.872069,0.812002,0.840964,sentence-transformers/all-mpnet-base-v2,0.723648
MTG15,AlamedaCC_02022016_2016-2508,gemini_2_5_flash_lite,budget_03,run_05,0.304348,0.191781,0.235294,0.875537,0.814591,0.843965,sentence-transformers/all-mpnet-base-v2,0.767303
MTG15,AlamedaCC_02022016_2016-2508,gemini_2_5_flash_lite,budget_06,run_01,0.172414,0.136986,0.152672,0.865108,0.805213,0.834087,sentence-transformers/all-mpnet-base-v2,0.744878
MTG15,AlamedaCC_02022016_2016-2508,gemini_2_5_flash_lite,budget_06,run_02,0.133333,0.136986,0.135135,0.844509,0.8095,0.826634,sentence-transformers/all-mpnet-base-v2,0.778595
MTG15,AlamedaCC_02022016_2016-2508,gemini_2_5_flash_lite,budget_06,run_03,0.142857,0.136986,0.13986,0.841308,0.801261,0.820796,sentence-transformers/all-mpnet-base-v2,0.768287
MTG15,AlamedaCC_02022016_2016-2508,gemini_2_5_flash_lite,budget_06,run_04,0.163934,0.136986,0.149254,0.852846,0.80624,0.828888,sentence-transformers/all-mpnet-base-v2,0.78318
MTG15,AlamedaCC_02022016_2016-2508,gemini_2_5_flash_lite,budget_06,run_05,0.12069,0.09589,0.10687,0.852251,0.801138,0.825905,sentence-transformers/all-mpnet-base-v2,0.753343
MTG16,KingCountyCC_06012022_2022-0180,deepseek_reasoning,budget_02,run_01,0.21875,0.094595,0.132075,0.85527,0.817066,0.835732,sentence-transformers/all-mpnet-base-v2,0.595132
MTG16,KingCountyCC_06012022_2022-0180,deepseek_reasoning,budget_02,run_02,0.25,0.108108,0.150943,0.855931,0.816095,0.835538,sentence-transformers/all-mpnet-base-v2,0.471329
MTG16,KingCountyCC_06012022_2022-0180,deepseek_reasoning,budget_02,run_03,0.26087,0.081081,0.123711,0.855656,0.809174,0.831766,sentence-transformers/all-mpnet-base-v2,0.404315
MTG16,KingCountyCC_06012022_2022-0180,deepseek_reasoning,budget_02,run_04,0.214286,0.081081,0.117647,0.854818,0.810832,0.832244,sentence-transformers/all-mpnet-base-v2,0.488719
MTG16,KingCountyCC_06012022_2022-0180,deepseek_reasoning,budget_02,run_05,0.166667,0.094595,0.12069,0.843206,0.808051,0.825254,sentence-transformers/all-mpnet-base-v2,0.434808
MTG16,KingCountyCC_06012022_2022-0180,deepseek_reasoning,budget_03,run_01,0.2,0.121622,0.151261,0.849566,0.819713,0.834373,sentence-transformers/all-mpnet-base-v2,0.546276
MTG16,KingCountyCC_06012022_2022-0180,deepseek_reasoning,budget_03,run_02,0.25,0.175676,0.206349,0.862571,0.837842,0.850026,sentence-transformers/all-mpnet-base-v2,0.671939
MTG16,KingCountyCC_06012022_2022-0180,deepseek_reasoning,budget_03,run_03,0.211538,0.148649,0.174603,0.857018,0.8219,0.839092,sentence-transformers/all-mpnet-base-v2,0.601003
MTG16,KingCountyCC_06012022_2022-0180,deepseek_reasoning,budget_03,run_04,0.169014,0.162162,0.165517,0.843255,0.824153,0.833594,sentence-transformers/all-mpnet-base-v2,0.623126
MTG16,KingCountyCC_06012022_2022-0180,deepseek_reasoning,budget_03,run_05,0.234043,0.148649,0.181818,0.851227,0.819357,0.834988,sentence-transformers/all-mpnet-base-v2,0.539496
MTG16,KingCountyCC_06012022_2022-0180,deepseek_reasoning,budget_06,run_01,0.144231,0.202703,0.168539,0.841313,0.841642,0.841477,sentence-transformers/all-mpnet-base-v2,0.816163
MTG16,KingCountyCC_06012022_2022-0180,deepseek_reasoning,budget_06,run_02,0.188119,0.256757,0.217143,0.84845,0.840366,0.844389,sentence-transformers/all-mpnet-base-v2,0.74313
MTG16,KingCountyCC_06012022_2022-0180,deepseek_reasoning,budget_06,run_03,0.203704,0.297297,0.241758,0.844439,0.840673,0.842552,sentence-transformers/all-mpnet-base-v2,0.702637
MTG16,KingCountyCC_06012022_2022-0180,deepseek_reasoning,budget_06,run_04,0.215909,0.256757,0.234568,0.850782,0.836605,0.843634,sentence-transformers/all-mpnet-base-v2,0.757769
MTG16,KingCountyCC_06012022_2022-0180,deepseek_reasoning,budget_06,run_05,0.185567,0.243243,0.210526,0.84016,0.834383,0.837262,sentence-transformers/all-mpnet-base-v2,0.735495
MTG16,KingCountyCC_06012022_2022-0180,deepseek_temp1_chat,budget_02,run_01,0.2,0.081081,0.115385,0.857321,0.811172,0.833608,sentence-transformers/all-mpnet-base-v2,0.390787
MTG16,KingCountyCC_06012022_2022-0180,deepseek_temp1_chat,budget_02,run_02,0.314286,0.148649,0.201835,0.867691,0.827582,0.847162,sentence-transformers/all-mpnet-base-v2,0.52466
MTG16,KingCountyCC_06012022_2022-0180,deepseek_temp1_chat,budget_02,run_03,0.209302,0.121622,0.153846,0.861014,0.82719,0.843763,sentence-transformers/all-mpnet-base-v2,0.514668
MTG16,KingCountyCC_06012022_2022-0180,deepseek_temp1_chat,budget_02,run_04,0.285714,0.108108,0.156863,0.878037,0.82038,0.84823,sentence-transformers/all-mpnet-base-v2,0.476491
MTG16,KingCountyCC_06012022_2022-0180,deepseek_temp1_chat,budget_02,run_05,0.282051,0.148649,0.19469,0.868876,0.830732,0.849376,sentence-transformers/all-mpnet-base-v2,0.574913
MTG16,KingCountyCC_06012022_2022-0180,deepseek_temp1_chat,budget_03,run_01,0.266667,0.162162,0.201681,0.863952,0.829264,0.846253,sentence-transformers/all-mpnet-base-v2,0.666371
MTG16,KingCountyCC_06012022_2022-0180,deepseek_temp1_chat,budget_03,run_02,0.214286,0.121622,0.155172,0.862515,0.821839,0.841686,sentence-transformers/all-mpnet-base-v2,0.623352
MTG16,KingCountyCC_06012022_2022-0180,deepseek_temp1_chat,budget_03,run_03,0.25,0.135135,0.175439,0.86427,0.828479,0.845996,sentence-transformers/all-mpnet-base-v2,0.646843
MTG16,KingCountyCC_06012022_2022-0180,deepseek_temp1_chat,budget_03,run_04,0.27027,0.135135,0.18018,0.866331,0.8301,0.847829,sentence-transformers/all-mpnet-base-v2,0.66079
MTG16,KingCountyCC_06012022_2022-0180,deepseek_temp1_chat,budget_03,run_05,0.244898,0.162162,0.195122,0.850883,0.820774,0.835557,sentence-transformers/all-mpnet-base-v2,0.580663
MTG16,KingCountyCC_06012022_2022-0180,deepseek_temp1_chat,budget_06,run_01,0.171429,0.243243,0.201117,0.850542,0.840584,0.845534,sentence-transformers/all-mpnet-base-v2,0.690851
MTG16,KingCountyCC_06012022_2022-0180,deepseek_temp1_chat,budget_06,run_02,0.2,0.216216,0.207792,0.836943,0.831495,0.83421,sentence-transformers/all-mpnet-base-v2,0.692353
MTG16,KingCountyCC_06012022_2022-0180,deepseek_temp1_chat,budget_06,run_03,0.173077,0.243243,0.202247,0.845021,0.841201,0.843107,sentence-transformers/all-mpnet-base-v2,0.719079
MTG16,KingCountyCC_06012022_2022-0180,deepseek_temp1_chat,budget_06,run_04,0.22093,0.256757,0.2375,0.850034,0.837314,0.843626,sentence-transformers/all-mpnet-base-v2,0.680118
MTG16,KingCountyCC_06012022_2022-0180,deepseek_temp1_chat,budget_06,run_05,0.190476,0.27027,0.223464,0.83608,0.838599,0.837338,sentence-transformers/all-mpnet-base-v2,0.768095
MTG16,KingCountyCC_06012022_2022-0180,gemini_2_5_flash_lite,budget_02,run_01,0.333333,0.148649,0.205607,0.877602,0.831055,0.853695,sentence-transformers/all-mpnet-base-v2,0.681888
MTG16,KingCountyCC_06012022_2022-0180,gemini_2_5_flash_lite,budget_02,run_02,0.3125,0.135135,0.188679,0.86805,0.824859,0.845903,sentence-transformers/all-mpnet-base-v2,0.616944
MTG16,KingCountyCC_06012022_2022-0180,gemini_2_5_flash_lite,budget_02,run_03,0.243243,0.121622,0.162162,0.861134,0.82326,0.841771,sentence-transformers/all-mpnet-base-v2,0.63589
MTG16,KingCountyCC_06012022_2022-0180,gemini_2_5_flash_lite,budget_02,run_04,0.322581,0.135135,0.190476,0.874165,0.819314,0.845852,sentence-transformers/all-mpnet-base-v2,0.610132
MTG16,KingCountyCC_06012022_2022-0180,gemini_2_5_flash_lite,budget_02,run_05,0.25,0.121622,0.163636,0.857312,0.819563,0.838013,sentence-transformers/all-mpnet-base-v2,0.5826
MTG16,KingCountyCC_06012022_2022-0180,gemini_2_5_flash_lite,budget_03,run_01,0.25,0.135135,0.175439,0.860218,0.821721,0.840529,sentence-transformers/all-mpnet-base-v2,0.60686
MTG16,KingCountyCC_06012022_2022-0180,gemini_2_5_flash_lite,budget_03,run_02,0.277778,0.135135,0.181818,0.874289,0.826011,0.849464,sentence-transformers/all-mpnet-base-v2,0.663575
MTG16,KingCountyCC_06012022_2022-0180,gemini_2_5_flash_lite,budget_03,run_03,0.290323,0.121622,0.171429,0.866702,0.813207,0.839103,sentence-transformers/all-mpnet-base-v2,0.605388
MTG16,KingCountyCC_06012022_2022-0180,gemini_2_5_flash_lite,budget_03,run_04,0.25641,0.135135,0.176991,0.868172,0.825079,0.846077,sentence-transformers/all-mpnet-base-v2,0.642562
MTG16,KingCountyCC_06012022_2022-0180,gemini_2_5_flash_lite,budget_03,run_05,0.215686,0.148649,0.176,0.848153,0.824457,0.836137,sentence-transformers/all-mpnet-base-v2,0.605694
MTG16,KingCountyCC_06012022_2022-0180,gemini_2_5_flash_lite,budget_06,run_01,0.218182,0.162162,0.186047,0.858882,0.823074,0.840597,sentence-transformers/all-mpnet-base-v2,0.649629
MTG16,KingCountyCC_06012022_2022-0180,gemini_2_5_flash_lite,budget_06,run_02,0.169492,0.135135,0.150376,0.856747,0.82699,0.841606,sentence-transformers/all-mpnet-base-v2,0.60632
MTG16,KingCountyCC_06012022_2022-0180,gemini_2_5_flash_lite,budget_06,run_03,0.212121,0.189189,0.2,0.854956,0.831383,0.843005,sentence-transformers/all-mpnet-base-v2,0.677036
MTG16,KingCountyCC_06012022_2022-0180,gemini_2_5_flash_lite,budget_06,run_04,0.175439,0.135135,0.152672,0.858739,0.821467,0.83969,sentence-transformers/all-mpnet-base-v2,0.646778
MTG16,KingCountyCC_06012022_2022-0180,gemini_2_5_flash_lite,budget_06,run_05,0.19403,0.175676,0.184397,0.856157,0.823688,0.839609,sentence-transformers/all-mpnet-base-v2,0.696138
MTG17,DenverCityCouncil_04092018_18-0173,deepseek_reasoning,budget_02,run_01,0.285714,0.126582,0.175439,0.8705,0.830919,0.850249,sentence-transformers/all-mpnet-base-v2,0.662161
MTG17,DenverCityCouncil_04092018_18-0173,deepseek_reasoning,budget_02,run_02,0.181818,0.075949,0.107143,0.839898,0.79894,0.818907,sentence-transformers/all-mpnet-base-v2,0.666448
MTG17,DenverCityCouncil_04092018_18-0173,deepseek_reasoning,budget_02,run_03,0.225806,0.088608,0.127273,0.868895,0.804497,0.835457,sentence-transformers/all-mpnet-base-v2,0.636301
MTG17,DenverCityCouncil_04092018_18-0173,deepseek_reasoning,budget_02,run_04,0.310345,0.113924,0.166667,0.864698,0.814051,0.838611,sentence-transformers/all-mpnet-base-v2,0.678709
MTG17,DenverCityCouncil_04092018_18-0173,deepseek_reasoning,budget_02,run_05,0.2,0.075949,0.110092,0.847648,0.785842,0.815576,sentence-transformers/all-mpnet-base-v2,0.54248
MTG17,DenverCityCouncil_04092018_18-0173,deepseek_reasoning,budget_03,run_01,0.169811,0.113924,0.136364,0.86109,0.812337,0.836003,sentence-transformers/all-mpnet-base-v2,0.698023
MTG17,DenverCityCouncil_04092018_18-0173,deepseek_reasoning,budget_03,run_02,0.142857,0.075949,0.099174,0.857564,0.799695,0.827619,sentence-transformers/all-mpnet-base-v2,0.577862
MTG17,DenverCityCouncil_04092018_18-0173,deepseek_reasoning,budget_03,run_03,0.2,0.113924,0.145161,0.855265,0.812641,0.833408,sentence-transformers/all-mpnet-base-v2,0.679196
MTG17,DenverCityCouncil_04092018_18-0173,deepseek_reasoning,budget_03,run_04,0.181818,0.126582,0.149254,0.854803,0.819522,0.836791,sentence-transformers/all-mpnet-base-v2,0.765869
MTG17,DenverCityCouncil_04092018_18-0173,deepseek_reasoning,budget_03,run_05,0.245283,0.164557,0.19697,0.862591,0.841854,0.852096,sentence-transformers/all-mpnet-base-v2,0.712523
MTG17,DenverCityCouncil_04092018_18-0173,deepseek_reasoning,budget_06,run_01,0.169014,0.151899,0.16,0.834217,0.812541,0.823236,sentence-transformers/all-mpnet-base-v2,0.658007
MTG17,DenverCityCouncil_04092018_18-0173,deepseek_reasoning,budget_06,run_02,0.191176,0.164557,0.176871,0.8508,0.840522,0.845629,sentence-transformers/all-mpnet-base-v2,0.634226
MTG17,DenverCityCouncil_04092018_18-0173,deepseek_reasoning,budget_06,run_03,0.180723,0.189873,0.185185,0.847788,0.843709,0.845744,sentence-transformers/all-mpnet-base-v2,0.723423
MTG17,DenverCityCouncil_04092018_18-0173,deepseek_reasoning,budget_06,run_04,0.144578,0.151899,0.148148,0.846267,0.820451,0.833159,sentence-transformers/all-mpnet-base-v2,0.757364
MTG17,DenverCityCouncil_04092018_18-0173,deepseek_reasoning,budget_06,run_05,0.142857,0.164557,0.152941,0.832465,0.837914,0.835181,sentence-transformers/all-mpnet-base-v2,0.689162
MTG17,DenverCityCouncil_04092018_18-0173,deepseek_temp1_chat,budget_02,run_01,0.15,0.037975,0.060606,0.860156,0.77675,0.816328,sentence-transformers/all-mpnet-base-v2,0.432872
MTG17,DenverCityCouncil_04092018_18-0173,deepseek_temp1_chat,budget_02,run_02,0.155556,0.088608,0.112903,0.852056,0.786839,0.81815,sentence-transformers/all-mpnet-base-v2,0.61776
MTG17,DenverCityCouncil_04092018_18-0173,deepseek_temp1_chat,budget_02,run_03,0.171429,0.075949,0.105263,0.85778,0.790388,0.822706,sentence-transformers/all-mpnet-base-v2,0.574407
MTG17,DenverCityCouncil_04092018_18-0173,deepseek_temp1_chat,budget_02,run_04,0.204545,0.113924,0.146341,0.848169,0.81119,0.829267,sentence-transformers/all-mpnet-base-v2,0.707347
MTG17,DenverCityCouncil_04092018_18-0173,deepseek_temp1_chat,budget_02,run_05,0.195652,0.113924,0.144,0.859812,0.802133,0.829971,sentence-transformers/all-mpnet-base-v2,0.723465
MTG17,DenverCityCouncil_04092018_18-0173,deepseek_temp1_chat,budget_03,run_01,0.325,0.164557,0.218487,0.869112,0.838329,0.853443,sentence-transformers/all-mpnet-base-v2,0.675991
MTG17,DenverCityCouncil_04092018_18-0173,deepseek_temp1_chat,budget_03,run_02,0.163636,0.113924,0.134328,0.855042,0.803827,0.828644,sentence-transformers/all-mpnet-base-v2,0.656217
MTG17,DenverCityCouncil_04092018_18-0173,deepseek_temp1_chat,budget_03,run_03,0.238095,0.126582,0.165289,0.857745,0.792348,0.82375,sentence-transformers/all-mpnet-base-v2,0.629006
MTG17,DenverCityCouncil_04092018_18-0173,deepseek_temp1_chat,budget_03,run_04,0.194444,0.088608,0.121739,0.857648,0.784266,0.819317,sentence-transformers/all-mpnet-base-v2,0.593954
MTG17,DenverCityCouncil_04092018_18-0173,deepseek_temp1_chat,budget_03,run_05,0.111111,0.063291,0.080645,0.846223,0.790134,0.817218,sentence-transformers/all-mpnet-base-v2,0.48028
MTG17,DenverCityCouncil_04092018_18-0173,deepseek_temp1_chat,budget_06,run_01,0.225806,0.265823,0.244186,0.840852,0.843575,0.842211,sentence-transformers/all-mpnet-base-v2,0.745159
MTG17,DenverCityCouncil_04092018_18-0173,deepseek_temp1_chat,budget_06,run_02,0.113636,0.126582,0.11976,0.848797,0.805709,0.826692,sentence-transformers/all-mpnet-base-v2,0.695777
MTG17,DenverCityCouncil_04092018_18-0173,deepseek_temp1_chat,budget_06,run_03,0.148148,0.151899,0.15,0.85257,0.813996,0.832837,sentence-transformers/all-mpnet-base-v2,0.611825
MTG17,DenverCityCouncil_04092018_18-0173,deepseek_temp1_chat,budget_06,run_04,0.146667,0.139241,0.142857,0.829041,0.807698,0.81823,sentence-transformers/all-mpnet-base-v2,0.648892
MTG17,DenverCityCouncil_04092018_18-0173,deepseek_temp1_chat,budget_06,run_05,0.231579,0.278481,0.252874,0.848208,0.846092,0.847149,sentence-transformers/all-mpnet-base-v2,0.716955
MTG17,DenverCityCouncil_04092018_18-0173,gemini_2_5_flash_lite,budget_02,run_01,0.21875,0.088608,0.126126,0.858692,0.786764,0.821156,sentence-transformers/all-mpnet-base-v2,0.602391
MTG17,DenverCityCouncil_04092018_18-0173,gemini_2_5_flash_lite,budget_02,run_02,0.225806,0.088608,0.127273,0.863728,0.787737,0.823984,sentence-transformers/all-mpnet-base-v2,0.551161
MTG17,DenverCityCouncil_04092018_18-0173,gemini_2_5_flash_lite,budget_02,run_03,0.277778,0.126582,0.173913,0.869873,0.794772,0.830628,sentence-transformers/all-mpnet-base-v2,0.6096
MTG17,DenverCityCouncil_04092018_18-0173,gemini_2_5_flash_lite,budget_02,run_04,0.30303,0.126582,0.178571,0.866156,0.792482,0.827683,sentence-transformers/all-mpnet-base-v2,0.610456
MTG17,DenverCityCouncil_04092018_18-0173,gemini_2_5_flash_lite,budget_02,run_05,0.296296,0.101266,0.150943,0.867881,0.790748,0.827521,sentence-transformers/all-mpnet-base-v2,0.583739
MTG17,DenverCityCouncil_04092018_18-0173,gemini_2_5_flash_lite,budget_03,run_01,0.210526,0.101266,0.136752,0.859354,0.791883,0.82424,sentence-transformers/all-mpnet-base-v2,0.596775
MTG17,DenverCityCouncil_04092018_18-0173,gemini_2_5_flash_lite,budget_03,run_02,0.1875,0.075949,0.108108,0.870638,0.790301,0.828527,sentence-transformers/all-mpnet-base-v2,0.632431
MTG17,DenverCityCouncil_04092018_18-0173,gemini_2_5_flash_lite,budget_03,run_03,0.351351,0.164557,0.224138,0.873091,0.799313,0.834574,sentence-transformers/all-mpnet-base-v2,0.646531
MTG17,DenverCityCouncil_04092018_18-0173,gemini_2_5_flash_lite,budget_03,run_04,0.243902,0.126582,0.166667,0.853405,0.792383,0.821763,sentence-transformers/all-mpnet-base-v2,0.60656
MTG17,DenverCityCouncil_04092018_18-0173,gemini_2_5_flash_lite,budget_03,run_05,0.208333,0.126582,0.15748,0.862764,0.792188,0.825971,sentence-transformers/all-mpnet-base-v2,0.669299
MTG17,DenverCityCouncil_04092018_18-0173,gemini_2_5_flash_lite,budget_06,run_01,0.197368,0.189873,0.193548,0.849739,0.804684,0.826598,sentence-transformers/all-mpnet-base-v2,0.712203
MTG17,DenverCityCouncil_04092018_18-0173,gemini_2_5_flash_lite,budget_06,run_02,0.148148,0.101266,0.120301,0.853352,0.791868,0.821461,sentence-transformers/all-mpnet-base-v2,0.63449
MTG17,DenverCityCouncil_04092018_18-0173,gemini_2_5_flash_lite,budget_06,run_03,0.171875,0.139241,0.153846,0.851954,0.794973,0.822478,sentence-transformers/all-mpnet-base-v2,0.615909
MTG17,DenverCityCouncil_04092018_18-0173,gemini_2_5_flash_lite,budget_06,run_04,0.125,0.088608,0.103704,0.837734,0.795507,0.816074,sentence-transformers/all-mpnet-base-v2,0.660024
MTG17,DenverCityCouncil_04092018_18-0173,gemini_2_5_flash_lite,budget_06,run_05,0.212121,0.177215,0.193103,0.859362,0.802537,0.829978,sentence-transformers/all-mpnet-base-v2,0.646318
MTG18,SeattleCityCouncil_08152016_Res 31698,deepseek_reasoning,budget_02,run_01,0.233333,0.368421,0.285714,0.859465,0.866114,0.862777,sentence-transformers/all-mpnet-base-v2,0.69394
MTG18,SeattleCityCouncil_08152016_Res 31698,deepseek_reasoning,budget_02,run_02,0.129032,0.210526,0.16,0.85054,0.845467,0.847996,sentence-transformers/all-mpnet-base-v2,0.603469
MTG18,SeattleCityCouncil_08152016_Res 31698,deepseek_reasoning,budget_02,run_03,0.125,0.263158,0.169492,0.843324,0.843892,0.843608,sentence-transformers/all-mpnet-base-v2,0.583865
MTG18,SeattleCityCouncil_08152016_Res 31698,deepseek_reasoning,budget_02,run_04,0.153846,0.315789,0.206897,0.858292,0.868599,0.863415,sentence-transformers/all-mpnet-base-v2,0.729752
MTG18,SeattleCityCouncil_08152016_Res 31698,deepseek_reasoning,budget_02,run_05,0.184211,0.368421,0.245614,0.860388,0.867947,0.864151,sentence-transformers/all-mpnet-base-v2,0.706283
MTG18,SeattleCityCouncil_08152016_Res 31698,deepseek_reasoning,budget_03,run_01,0.098039,0.263158,0.142857,0.841406,0.839991,0.840698,sentence-transformers/all-mpnet-base-v2,0.572468
MTG18,SeattleCityCouncil_08152016_Res 31698,deepseek_reasoning,budget_03,run_02,0.137255,0.368421,0.2,0.846374,0.86042,0.853339,sentence-transformers/all-mpnet-base-v2,0.723951
MTG18,SeattleCityCouncil_08152016_Res 31698,deepseek_reasoning,budget_03,run_03,0.148936,0.368421,0.212121,0.853527,0.856018,0.854771,sentence-transformers/all-mpnet-base-v2,0.675815
MTG18,SeattleCityCouncil_08152016_Res 31698,deepseek_reasoning,budget_03,run_04,0.122449,0.315789,0.176471,0.836602,0.86301,0.849601,sentence-transformers/all-mpnet-base-v2,0.706261
MTG18,SeattleCityCouncil_08152016_Res 31698,deepseek_reasoning,budget_03,run_05,0.133333,0.315789,0.1875,0.845268,0.859321,0.852237,sentence-transformers/all-mpnet-base-v2,0.699767
MTG18,SeattleCityCouncil_08152016_Res 31698,deepseek_reasoning,budget_06,run_01,0.067308,0.368421,0.113821,0.824499,0.857353,0.840605,sentence-transformers/all-mpnet-base-v2,0.700462
MTG18,SeattleCityCouncil_08152016_Res 31698,deepseek_reasoning,budget_06,run_02,0.085106,0.421053,0.141593,0.814121,0.856468,0.834758,sentence-transformers/all-mpnet-base-v2,0.744824
MTG18,SeattleCityCouncil_08152016_Res 31698,deepseek_reasoning,budget_06,run_03,0.058824,0.315789,0.099174,0.80697,0.855007,0.830294,sentence-transformers/all-mpnet-base-v2,0.736934
MTG18,SeattleCityCouncil_08152016_Res 31698,deepseek_reasoning,budget_06,run_04,0.083333,0.421053,0.13913,0.835059,0.858336,0.846537,sentence-transformers/all-mpnet-base-v2,0.647929
MTG18,SeattleCityCouncil_08152016_Res 31698,deepseek_reasoning,budget_06,run_05,0.066667,0.368421,0.112903,0.816002,0.862992,0.838839,sentence-transformers/all-mpnet-base-v2,0.726991
MTG18,SeattleCityCouncil_08152016_Res 31698,deepseek_temp1_chat,budget_02,run_01,0.233333,0.368421,0.285714,0.874297,0.871801,0.873047,sentence-transformers/all-mpnet-base-v2,0.67369
MTG18,SeattleCityCouncil_08152016_Res 31698,deepseek_temp1_chat,budget_02,run_02,0.170732,0.368421,0.233333,0.852615,0.866646,0.859573,sentence-transformers/all-mpnet-base-v2,0.714267
MTG18,SeattleCityCouncil_08152016_Res 31698,deepseek_temp1_chat,budget_02,run_03,0.194444,0.368421,0.254545,0.862817,0.866594,0.864701,sentence-transformers/all-mpnet-base-v2,0.637889
MTG18,SeattleCityCouncil_08152016_Res 31698,deepseek_temp1_chat,budget_02,run_04,0.242424,0.421053,0.307692,0.865756,0.865445,0.865601,sentence-transformers/all-mpnet-base-v2,0.691289
MTG18,SeattleCityCouncil_08152016_Res 31698,deepseek_temp1_chat,budget_02,run_05,0.15,0.315789,0.20339,0.854255,0.868313,0.861227,sentence-transformers/all-mpnet-base-v2,0.70747
MTG18,SeattleCityCouncil_08152016_Res 31698,deepseek_temp1_chat,budget_03,run_01,0.097561,0.421053,0.158416,0.845261,0.85863,0.851893,sentence-transformers/all-mpnet-base-v2,0.655111
MTG18,SeattleCityCouncil_08152016_Res 31698,deepseek_temp1_chat,budget_03,run_02,0.105263,0.315789,0.157895,0.843212,0.865306,0.854116,sentence-transformers/all-mpnet-base-v2,0.714659
MTG18,SeattleCityCouncil_08152016_Res 31698,deepseek_temp1_chat,budget_03,run_03,0.137931,0.421053,0.207792,0.84877,0.866771,0.857676,sentence-transformers/all-mpnet-base-v2,0.72925
MTG18,SeattleCityCouncil_08152016_Res 31698,deepseek_temp1_chat,budget_03,run_04,0.096154,0.263158,0.140845,0.841356,0.842821,0.842088,sentence-transformers/all-mpnet-base-v2,0.56308
MTG18,SeattleCityCouncil_08152016_Res 31698,deepseek_temp1_chat,budget_03,run_05,0.125,0.368421,0.186667,0.85279,0.859587,0.856175,sentence-transformers/all-mpnet-base-v2,0.640473
MTG18,SeattleCityCouncil_08152016_Res 31698,deepseek_temp1_chat,budget_06,run_01,0.067961,0.368421,0.114754,0.82885,0.860966,0.844603,sentence-transformers/all-mpnet-base-v2,0.707036
MTG18,SeattleCityCouncil_08152016_Res 31698,deepseek_temp1_chat,budget_06,run_02,0.073171,0.315789,0.118812,0.831961,0.864515,0.847926,sentence-transformers/all-mpnet-base-v2,0.706628
MTG18,SeattleCityCouncil_08152016_Res 31698,deepseek_temp1_chat,budget_06,run_03,0.085106,0.421053,0.141593,0.829667,0.856482,0.842861,sentence-transformers/all-mpnet-base-v2,0.715506
MTG18,SeattleCityCouncil_08152016_Res 31698,deepseek_temp1_chat,budget_06,run_04,0.086022,0.421053,0.142857,0.818957,0.837479,0.828115,sentence-transformers/all-mpnet-base-v2,0.621179
MTG18,SeattleCityCouncil_08152016_Res 31698,deepseek_temp1_chat,budget_06,run_05,0.060976,0.263158,0.09901,0.819378,0.8324,0.825838,sentence-transformers/all-mpnet-base-v2,0.627871
MTG18,SeattleCityCouncil_08152016_Res 31698,gemini_2_5_flash_lite,budget_02,run_01,0.228571,0.421053,0.296296,0.868784,0.866374,0.867578,sentence-transformers/all-mpnet-base-v2,0.715971
MTG18,SeattleCityCouncil_08152016_Res 31698,gemini_2_5_flash_lite,budget_02,run_02,0.205882,0.368421,0.264151,0.873393,0.865235,0.869295,sentence-transformers/all-mpnet-base-v2,0.644165
MTG18,SeattleCityCouncil_08152016_Res 31698,gemini_2_5_flash_lite,budget_02,run_03,0.184211,0.368421,0.245614,0.85912,0.868837,0.863951,sentence-transformers/all-mpnet-base-v2,0.71977
MTG18,SeattleCityCouncil_08152016_Res 31698,gemini_2_5_flash_lite,budget_02,run_04,0.2,0.368421,0.259259,0.870587,0.866814,0.868696,sentence-transformers/all-mpnet-base-v2,0.621173
MTG18,SeattleCityCouncil_08152016_Res 31698,gemini_2_5_flash_lite,budget_02,run_05,0.2,0.368421,0.259259,0.866863,0.873366,0.870102,sentence-transformers/all-mpnet-base-v2,0.687674
MTG18,SeattleCityCouncil_08152016_Res 31698,gemini_2_5_flash_lite,budget_03,run_01,0.173913,0.421053,0.246154,0.866168,0.866914,0.866541,sentence-transformers/all-mpnet-base-v2,0.725098
MTG18,SeattleCityCouncil_08152016_Res 31698,gemini_2_5_flash_lite,budget_03,run_02,0.179487,0.368421,0.241379,0.869936,0.865245,0.867584,sentence-transformers/all-mpnet-base-v2,0.660299
MTG18,SeattleCityCouncil_08152016_Res 31698,gemini_2_5_flash_lite,budget_03,run_03,0.173913,0.421053,0.246154,0.86857,0.869311,0.868941,sentence-transformers/all-mpnet-base-v2,0.702485
MTG18,SeattleCityCouncil_08152016_Res 31698,gemini_2_5_flash_lite,budget_03,run_04,0.177778,0.421053,0.25,0.864625,0.865569,0.865097,sentence-transformers/all-mpnet-base-v2,0.66505
MTG18,SeattleCityCouncil_08152016_Res 31698,gemini_2_5_flash_lite,budget_03,run_05,0.153846,0.315789,0.206897,0.873539,0.880855,0.877182,sentence-transformers/all-mpnet-base-v2,0.7979
MTG18,SeattleCityCouncil_08152016_Res 31698,gemini_2_5_flash_lite,budget_06,run_01,0.089552,0.315789,0.139535,0.840122,0.855851,0.847914,sentence-transformers/all-mpnet-base-v2,0.661514
MTG18,SeattleCityCouncil_08152016_Res 31698,gemini_2_5_flash_lite,budget_06,run_02,0.112903,0.368421,0.17284,0.859245,0.868088,0.863644,sentence-transformers/all-mpnet-base-v2,0.782786
MTG18,SeattleCityCouncil_08152016_Res 31698,gemini_2_5_flash_lite,budget_06,run_03,0.118644,0.368421,0.179487,0.840158,0.847334,0.843731,sentence-transformers/all-mpnet-base-v2,0.679953
MTG18,SeattleCityCouncil_08152016_Res 31698,gemini_2_5_flash_lite,budget_06,run_04,0.135593,0.421053,0.205128,0.860106,0.875174,0.867575,sentence-transformers/all-mpnet-base-v2,0.759636
MTG18,SeattleCityCouncil_08152016_Res 31698,gemini_2_5_flash_lite,budget_06,run_05,0.09375,0.315789,0.144578,0.84969,0.85772,0.853686,sentence-transformers/all-mpnet-base-v2,0.658614
MTG19,AlamedaCC_12202016_2016-3688,deepseek_reasoning,budget_02,run_01,0.225806,0.101449,0.14,0.867861,0.801841,0.833546,sentence-transformers/all-mpnet-base-v2,0.638576
MTG19,AlamedaCC_12202016_2016-3688,deepseek_reasoning,budget_02,run_02,0.32,0.115942,0.170213,0.867632,0.80237,0.833726,sentence-transformers/all-mpnet-base-v2,0.482659
MTG19,AlamedaCC_12202016_2016-3688,deepseek_reasoning,budget_02,run_03,0.318182,0.101449,0.153846,0.87668,0.799863,0.836512,sentence-transformers/all-mpnet-base-v2,0.487605
MTG19,AlamedaCC_12202016_2016-3688,deepseek_reasoning,budget_02,run_04,0.294118,0.144928,0.194175,0.87188,0.807668,0.838546,sentence-transformers/all-mpnet-base-v2,0.652477
MTG19,AlamedaCC_12202016_2016-3688,deepseek_reasoning,budget_02,run_05,0.321429,0.130435,0.185567,0.872639,0.809578,0.839926,sentence-transformers/all-mpnet-base-v2,0.620132
MTG19,AlamedaCC_12202016_2016-3688,deepseek_reasoning,budget_03,run_01,0.170732,0.101449,0.127273,0.860373,0.80534,0.831947,sentence-transformers/all-mpnet-base-v2,0.577444
MTG19,AlamedaCC_12202016_2016-3688,deepseek_reasoning,budget_03,run_02,0.156863,0.115942,0.133333,0.851278,0.81415,0.8323,sentence-transformers/all-mpnet-base-v2,0.580105
MTG19,AlamedaCC_12202016_2016-3688,deepseek_reasoning,budget_03,run_03,0.235294,0.115942,0.15534,0.881724,0.81255,0.845725,sentence-transformers/all-mpnet-base-v2,0.629308
MTG19,AlamedaCC_12202016_2016-3688,deepseek_reasoning,budget_03,run_04,0.205128,0.115942,0.148148,0.870166,0.815126,0.841747,sentence-transformers/all-mpnet-base-v2,0.686081
MTG19,AlamedaCC_12202016_2016-3688,deepseek_reasoning,budget_03,run_05,0.193548,0.173913,0.183206,0.855126,0.823902,0.839224,sentence-transformers/all-mpnet-base-v2,0.638137
MTG19,AlamedaCC_12202016_2016-3688,deepseek_reasoning,budget_06,run_01,0.135802,0.15942,0.146667,0.847477,0.813195,0.829982,sentence-transformers/all-mpnet-base-v2,0.715997
MTG19,AlamedaCC_12202016_2016-3688,deepseek_reasoning,budget_06,run_02,0.140351,0.231884,0.174863,0.837782,0.823301,0.830478,sentence-transformers/all-mpnet-base-v2,0.685561
MTG19,AlamedaCC_12202016_2016-3688,deepseek_reasoning,budget_06,run_03,0.133333,0.144928,0.138889,0.853704,0.811327,0.831976,sentence-transformers/all-mpnet-base-v2,0.762096
MTG19,AlamedaCC_12202016_2016-3688,deepseek_reasoning,budget_06,run_04,0.131868,0.173913,0.15,0.838421,0.812621,0.825319,sentence-transformers/all-mpnet-base-v2,0.63668
MTG19,AlamedaCC_12202016_2016-3688,deepseek_reasoning,budget_06,run_05,0.145833,0.202899,0.169697,0.849761,0.823477,0.836413,sentence-transformers/all-mpnet-base-v2,0.760598
MTG19,AlamedaCC_12202016_2016-3688,deepseek_temp1_chat,budget_02,run_01,0.205882,0.101449,0.135922,0.860886,0.810212,0.834781,sentence-transformers/all-mpnet-base-v2,0.566837
MTG19,AlamedaCC_12202016_2016-3688,deepseek_temp1_chat,budget_02,run_02,0.285714,0.144928,0.192308,0.84912,0.808471,0.828297,sentence-transformers/all-mpnet-base-v2,0.65601
MTG19,AlamedaCC_12202016_2016-3688,deepseek_temp1_chat,budget_02,run_03,0.225806,0.101449,0.14,0.858856,0.80041,0.828604,sentence-transformers/all-mpnet-base-v2,0.589536
MTG19,AlamedaCC_12202016_2016-3688,deepseek_temp1_chat,budget_02,run_04,0.233333,0.101449,0.141414,0.865973,0.809801,0.836946,sentence-transformers/all-mpnet-base-v2,0.550888
MTG19,AlamedaCC_12202016_2016-3688,deepseek_temp1_chat,budget_02,run_05,0.204545,0.130435,0.159292,0.863414,0.814622,0.838308,sentence-transformers/all-mpnet-base-v2,0.616112
MTG19,AlamedaCC_12202016_2016-3688,deepseek_temp1_chat,budget_03,run_01,0.185185,0.144928,0.162602,0.859531,0.819816,0.839204,sentence-transformers/all-mpnet-base-v2,0.711915
MTG19,AlamedaCC_12202016_2016-3688,deepseek_temp1_chat,budget_03,run_02,0.169811,0.130435,0.147541,0.861015,0.816261,0.838041,sentence-transformers/all-mpnet-base-v2,0.710343
MTG19,AlamedaCC_12202016_2016-3688,deepseek_temp1_chat,budget_03,run_03,0.243243,0.130435,0.169811,0.873173,0.809586,0.840178,sentence-transformers/all-mpnet-base-v2,0.616985
MTG19,AlamedaCC_12202016_2016-3688,deepseek_temp1_chat,budget_03,run_04,0.152542,0.130435,0.140625,0.854606,0.813602,0.8336,sentence-transformers/all-mpnet-base-v2,0.612958
MTG19,AlamedaCC_12202016_2016-3688,deepseek_temp1_chat,budget_03,run_05,0.132075,0.101449,0.114754,0.853844,0.813114,0.832981,sentence-transformers/all-mpnet-base-v2,0.634516
MTG19,AlamedaCC_12202016_2016-3688,deepseek_temp1_chat,budget_06,run_01,0.123711,0.173913,0.144578,0.841446,0.818819,0.829978,sentence-transformers/all-mpnet-base-v2,0.664568
MTG19,AlamedaCC_12202016_2016-3688,deepseek_temp1_chat,budget_06,run_02,0.134146,0.15942,0.145695,0.8448,0.816805,0.830566,sentence-transformers/all-mpnet-base-v2,0.735519
MTG19,AlamedaCC_12202016_2016-3688,deepseek_temp1_chat,budget_06,run_03,0.128713,0.188406,0.152941,0.849541,0.818191,0.833571,sentence-transformers/all-mpnet-base-v2,0.761976
MTG19,AlamedaCC_12202016_2016-3688,deepseek_temp1_chat,budget_06,run_04,0.108434,0.130435,0.118421,0.847374,0.81937,0.833137,sentence-transformers/all-mpnet-base-v2,0.687796
MTG19,AlamedaCC_12202016_2016-3688,deepseek_temp1_chat,budget_06,run_05,0.157895,0.173913,0.165517,0.856675,0.82261,0.839297,sentence-transformers/all-mpnet-base-v2,0.794156
MTG19,AlamedaCC_12202016_2016-3688,gemini_2_5_flash_lite,budget_02,run_01,0.30303,0.144928,0.196078,0.875538,0.807445,0.840114,sentence-transformers/all-mpnet-base-v2,0.615576
MTG19,AlamedaCC_12202016_2016-3688,gemini_2_5_flash_lite,budget_02,run_02,0.28,0.101449,0.148936,0.877017,0.807433,0.840788,sentence-transformers/all-mpnet-base-v2,0.60702
MTG19,AlamedaCC_12202016_2016-3688,gemini_2_5_flash_lite,budget_02,run_03,0.333333,0.15942,0.215686,0.879896,0.811334,0.844225,sentence-transformers/all-mpnet-base-v2,0.703673
MTG19,AlamedaCC_12202016_2016-3688,gemini_2_5_flash_lite,budget_02,run_04,0.235294,0.115942,0.15534,0.858028,0.804686,0.830501,sentence-transformers/all-mpnet-base-v2,0.556955
MTG19,AlamedaCC_12202016_2016-3688,gemini_2_5_flash_lite,budget_02,run_05,0.481481,0.188406,0.270833,0.894828,0.814911,0.853002,sentence-transformers/all-mpnet-base-v2,0.592036
MTG19,AlamedaCC_12202016_2016-3688,gemini_2_5_flash_lite,budget_03,run_01,0.225806,0.101449,0.14,0.883763,0.802686,0.841276,sentence-transformers/all-mpnet-base-v2,0.669833
MTG19,AlamedaCC_12202016_2016-3688,gemini_2_5_flash_lite,budget_03,run_02,0.2,0.130435,0.157895,0.860333,0.810534,0.834691,sentence-transformers/all-mpnet-base-v2,0.608079
MTG19,AlamedaCC_12202016_2016-3688,gemini_2_5_flash_lite,budget_03,run_03,0.232558,0.144928,0.178571,0.863504,0.811637,0.836768,sentence-transformers/all-mpnet-base-v2,0.783705
MTG19,AlamedaCC_12202016_2016-3688,gemini_2_5_flash_lite,budget_03,run_04,0.217391,0.144928,0.173913,0.862683,0.812518,0.83685,sentence-transformers/all-mpnet-base-v2,0.67908
MTG19,AlamedaCC_12202016_2016-3688,gemini_2_5_flash_lite,budget_03,run_05,0.214286,0.130435,0.162162,0.873564,0.817376,0.844537,sentence-transformers/all-mpnet-base-v2,0.754211
MTG19,AlamedaCC_12202016_2016-3688,gemini_2_5_flash_lite,budget_06,run_01,0.192982,0.15942,0.174603,0.850052,0.815161,0.832241,sentence-transformers/all-mpnet-base-v2,0.774013
MTG19,AlamedaCC_12202016_2016-3688,gemini_2_5_flash_lite,budget_06,run_02,0.169811,0.130435,0.147541,0.855245,0.808976,0.831467,sentence-transformers/all-mpnet-base-v2,0.688864
MTG19,AlamedaCC_12202016_2016-3688,gemini_2_5_flash_lite,budget_06,run_03,0.210526,0.173913,0.190476,0.85987,0.81059,0.834503,sentence-transformers/all-mpnet-base-v2,0.674148
MTG19,AlamedaCC_12202016_2016-3688,gemini_2_5_flash_lite,budget_06,run_04,0.206897,0.173913,0.188976,0.858851,0.813685,0.835658,sentence-transformers/all-mpnet-base-v2,0.69757
MTG19,AlamedaCC_12202016_2016-3688,gemini_2_5_flash_lite,budget_06,run_05,0.163934,0.144928,0.153846,0.859633,0.812733,0.835526,sentence-transformers/all-mpnet-base-v2,0.717143
MTG20,SeattleCityCouncil_08092021_Res 32015,deepseek_reasoning,budget_02,run_01,0.371429,0.245283,0.295455,0.875197,0.87192,0.873556,sentence-transformers/all-mpnet-base-v2,0.82101
MTG20,SeattleCityCouncil_08092021_Res 32015,deepseek_reasoning,budget_02,run_02,0.3,0.169811,0.216867,0.87589,0.867415,0.871632,sentence-transformers/all-mpnet-base-v2,0.777333
MTG20,SeattleCityCouncil_08092021_Res 32015,deepseek_reasoning,budget_02,run_03,0.310345,0.169811,0.219512,0.858605,0.864099,0.861343,sentence-transformers/all-mpnet-base-v2,0.72201
MTG20,SeattleCityCouncil_08092021_Res 32015,deepseek_reasoning,budget_02,run_04,0.228571,0.150943,0.181818,0.867502,0.869011,0.868256,sentence-transformers/all-mpnet-base-v2,0.794405
MTG20,SeattleCityCouncil_08092021_Res 32015,deepseek_reasoning,budget_02,run_05,0.266667,0.150943,0.192771,0.855422,0.864117,0.859748,sentence-transformers/all-mpnet-base-v2,0.787347
MTG20,SeattleCityCouncil_08092021_Res 32015,deepseek_reasoning,budget_03,run_01,0.148148,0.150943,0.149533,0.856127,0.870794,0.863398,sentence-transformers/all-mpnet-base-v2,0.768379
MTG20,SeattleCityCouncil_08092021_Res 32015,deepseek_reasoning,budget_03,run_02,0.204545,0.169811,0.185567,0.866431,0.871948,0.869181,sentence-transformers/all-mpnet-base-v2,0.815846
MTG20,SeattleCityCouncil_08092021_Res 32015,deepseek_reasoning,budget_03,run_03,0.22,0.207547,0.213592,0.874146,0.879296,0.876713,sentence-transformers/all-mpnet-base-v2,0.800433
MTG20,SeattleCityCouncil_08092021_Res 32015,deepseek_reasoning,budget_03,run_04,0.229167,0.207547,0.217822,0.865007,0.869647,0.867321,sentence-transformers/all-mpnet-base-v2,0.84274
MTG20,SeattleCityCouncil_08092021_Res 32015,deepseek_reasoning,budget_03,run_05,0.244898,0.226415,0.235294,0.871987,0.878821,0.875391,sentence-transformers/all-mpnet-base-v2,0.790002
MTG20,SeattleCityCouncil_08092021_Res 32015,deepseek_reasoning,budget_06,run_01,0.164835,0.283019,0.208333,0.849556,0.884669,0.866757,sentence-transformers/all-mpnet-base-v2,0.856871
MTG20,SeattleCityCouncil_08092021_Res 32015,deepseek_reasoning,budget_06,run_02,0.151163,0.245283,0.18705,0.855534,0.880991,0.868076,sentence-transformers/all-mpnet-base-v2,0.877375
MTG20,SeattleCityCouncil_08092021_Res 32015,deepseek_reasoning,budget_06,run_03,0.195122,0.301887,0.237037,0.838252,0.884978,0.860981,sentence-transformers/all-mpnet-base-v2,0.758738
MTG20,SeattleCityCouncil_08092021_Res 32015,deepseek_reasoning,budget_06,run_04,0.197368,0.283019,0.232558,0.850149,0.878202,0.863948,sentence-transformers/all-mpnet-base-v2,0.821875
MTG20,SeattleCityCouncil_08092021_Res 32015,deepseek_reasoning,budget_06,run_05,0.163265,0.301887,0.211921,0.843574,0.873823,0.858433,sentence-transformers/all-mpnet-base-v2,0.835483
MTG20,SeattleCityCouncil_08092021_Res 32015,deepseek_temp1_chat,budget_02,run_01,0.315789,0.226415,0.263736,0.888086,0.887512,0.887799,sentence-transformers/all-mpnet-base-v2,0.877804
MTG20,SeattleCityCouncil_08092021_Res 32015,deepseek_temp1_chat,budget_02,run_02,0.243902,0.188679,0.212766,0.880775,0.881437,0.881106,sentence-transformers/all-mpnet-base-v2,0.824132
MTG20,SeattleCityCouncil_08092021_Res 32015,deepseek_temp1_chat,budget_02,run_03,0.25,0.207547,0.226804,0.866833,0.871326,0.869074,sentence-transformers/all-mpnet-base-v2,0.799486
MTG20,SeattleCityCouncil_08092021_Res 32015,deepseek_temp1_chat,budget_02,run_04,0.236842,0.169811,0.197802,0.870842,0.874739,0.872786,sentence-transformers/all-mpnet-base-v2,0.801463
MTG20,SeattleCityCouncil_08092021_Res 32015,deepseek_temp1_chat,budget_02,run_05,0.294118,0.188679,0.229885,0.854967,0.851648,0.853304,sentence-transformers/all-mpnet-base-v2,0.746345
MTG20,SeattleCityCouncil_08092021_Res 32015,deepseek_temp1_chat,budget_03,run_01,0.196078,0.188679,0.192308,0.861161,0.884615,0.87273,sentence-transformers/all-mpnet-base-v2,0.824584
MTG20,SeattleCityCouncil_08092021_Res 32015,deepseek_temp1_chat,budget_03,run_02,0.175439,0.188679,0.181818,0.849099,0.870334,0.859585,sentence-transformers/all-mpnet-base-v2,0.811188
MTG20,SeattleCityCouncil_08092021_Res 32015,deepseek_temp1_chat,budget_03,run_03,0.166667,0.150943,0.158416,0.844269,0.856352,0.850268,sentence-transformers/all-mpnet-base-v2,0.798757
MTG20,SeattleCityCouncil_08092021_Res 32015,deepseek_temp1_chat,budget_03,run_04,0.22,0.207547,0.213592,0.857242,0.874865,0.865964,sentence-transformers/all-mpnet-base-v2,0.779861
MTG20,SeattleCityCouncil_08092021_Res 32015,deepseek_temp1_chat,budget_03,run_05,0.148148,0.150943,0.149533,0.856623,0.867325,0.861941,sentence-transformers/all-mpnet-base-v2,0.799266
MTG20,SeattleCityCouncil_08092021_Res 32015,deepseek_temp1_chat,budget_06,run_01,0.211111,0.358491,0.265734,0.857252,0.884886,0.87085,sentence-transformers/all-mpnet-base-v2,0.860101
MTG20,SeattleCityCouncil_08092021_Res 32015,deepseek_temp1_chat,budget_06,run_02,0.134146,0.207547,0.162963,0.849033,0.870448,0.859607,sentence-transformers/all-mpnet-base-v2,0.809495
MTG20,SeattleCityCouncil_08092021_Res 32015,deepseek_temp1_chat,budget_06,run_03,0.148148,0.226415,0.179104,0.848468,0.876036,0.862032,sentence-transformers/all-mpnet-base-v2,0.806914
MTG20,SeattleCityCouncil_08092021_Res 32015,deepseek_temp1_chat,budget_06,run_04,0.144737,0.207547,0.170543,0.85376,0.873101,0.863322,sentence-transformers/all-mpnet-base-v2,0.83515
MTG20,SeattleCityCouncil_08092021_Res 32015,deepseek_temp1_chat,budget_06,run_05,0.156627,0.245283,0.191176,0.848459,0.872342,0.860235,sentence-transformers/all-mpnet-base-v2,0.823247
MTG20,SeattleCityCouncil_08092021_Res 32015,gemini_2_5_flash_lite,budget_02,run_01,0.347826,0.150943,0.210526,0.880625,0.864193,0.872332,sentence-transformers/all-mpnet-base-v2,0.77393
MTG20,SeattleCityCouncil_08092021_Res 32015,gemini_2_5_flash_lite,budget_02,run_02,0.28,0.132075,0.179487,0.8762,0.863997,0.870056,sentence-transformers/all-mpnet-base-v2,0.759778
MTG20,SeattleCityCouncil_08092021_Res 32015,gemini_2_5_flash_lite,budget_02,run_03,0.321429,0.169811,0.222222,0.886439,0.87305,0.879694,sentence-transformers/all-mpnet-base-v2,0.758132
MTG20,SeattleCityCouncil_08092021_Res 32015,gemini_2_5_flash_lite,budget_02,run_04,0.285714,0.150943,0.197531,0.876789,0.862183,0.869425,sentence-transformers/all-mpnet-base-v2,0.739095
MTG20,SeattleCityCouncil_08092021_Res 32015,gemini_2_5_flash_lite,budget_02,run_05,0.291667,0.132075,0.181818,0.880321,0.863503,0.871831,sentence-transformers/all-mpnet-base-v2,0.77436
MTG20,SeattleCityCouncil_08092021_Res 32015,gemini_2_5_flash_lite,budget_03,run_01,0.25641,0.188679,0.217391,0.884818,0.869787,0.877238,sentence-transformers/all-mpnet-base-v2,0.819888
MTG20,SeattleCityCouncil_08092021_Res 32015,gemini_2_5_flash_lite,budget_03,run_02,0.272727,0.169811,0.209302,0.878467,0.863432,0.870884,sentence-transformers/all-mpnet-base-v2,0.791247
MTG20,SeattleCityCouncil_08092021_Res 32015,gemini_2_5_flash_lite,budget_03,run_03,0.210526,0.150943,0.175824,0.871439,0.865843,0.868632,sentence-transformers/all-mpnet-base-v2,0.765233
MTG20,SeattleCityCouncil_08092021_Res 32015,gemini_2_5_flash_lite,budget_03,run_04,0.28125,0.169811,0.211765,0.87948,0.862406,0.870859,sentence-transformers/all-mpnet-base-v2,0.741606
MTG20,SeattleCityCouncil_08092021_Res 32015,gemini_2_5_flash_lite,budget_03,run_05,0.351351,0.245283,0.288889,0.898373,0.88078,0.889489,sentence-transformers/all-mpnet-base-v2,0.821767
MTG20,SeattleCityCouncil_08092021_Res 32015,gemini_2_5_flash_lite,budget_06,run_01,0.233333,0.264151,0.247788,0.879865,0.880378,0.880121,sentence-transformers/all-mpnet-base-v2,0.861212
MTG20,SeattleCityCouncil_08092021_Res 32015,gemini_2_5_flash_lite,budget_06,run_02,0.254237,0.283019,0.267857,0.877137,0.875421,0.876278,sentence-transformers/all-mpnet-base-v2,0.875619
MTG20,SeattleCityCouncil_08092021_Res 32015,gemini_2_5_flash_lite,budget_06,run_03,0.241379,0.264151,0.252252,0.887813,0.8822,0.884997,sentence-transformers/all-mpnet-base-v2,0.813834
MTG20,SeattleCityCouncil_08092021_Res 32015,gemini_2_5_flash_lite,budget_06,run_04,0.209677,0.245283,0.226087,0.878558,0.884307,0.881423,sentence-transformers/all-mpnet-base-v2,0.820377
MTG20,SeattleCityCouncil_08092021_Res 32015,gemini_2_5_flash_lite,budget_06,run_05,0.196721,0.226415,0.210526,0.887714,0.887779,0.887747,sentence-transformers/all-mpnet-base-v2,0.87885
MTG21,SeattleCityCouncil_03192020_CB 119758,deepseek_reasoning,budget_02,run_01,0.142857,0.061538,0.086022,0.849308,0.821043,0.834936,sentence-transformers/all-mpnet-base-v2,0.329493
MTG21,SeattleCityCouncil_03192020_CB 119758,deepseek_reasoning,budget_02,run_02,0.121212,0.061538,0.081633,0.833169,0.825412,0.829272,sentence-transformers/all-mpnet-base-v2,0.531025
MTG21,SeattleCityCouncil_03192020_CB 119758,deepseek_reasoning,budget_02,run_03,0.142857,0.092308,0.11215,0.836659,0.834291,0.835473,sentence-transformers/all-mpnet-base-v2,0.563109
MTG21,SeattleCityCouncil_03192020_CB 119758,deepseek_reasoning,budget_02,run_04,0.189189,0.107692,0.137255,0.850189,0.829731,0.839835,sentence-transformers/all-mpnet-base-v2,0.436386
MTG21,SeattleCityCouncil_03192020_CB 119758,deepseek_reasoning,budget_02,run_05,0.166667,0.061538,0.089888,0.851744,0.826245,0.8388,sentence-transformers/all-mpnet-base-v2,0.50095
MTG21,SeattleCityCouncil_03192020_CB 119758,deepseek_reasoning,budget_03,run_01,0.105263,0.061538,0.07767,0.835695,0.823679,0.829643,sentence-transformers/all-mpnet-base-v2,0.572331
MTG21,SeattleCityCouncil_03192020_CB 119758,deepseek_reasoning,budget_03,run_02,0.176471,0.138462,0.155172,0.832366,0.83313,0.832748,sentence-transformers/all-mpnet-base-v2,0.660809
MTG21,SeattleCityCouncil_03192020_CB 119758,deepseek_reasoning,budget_03,run_03,0.155556,0.107692,0.127273,0.831776,0.830535,0.831155,sentence-transformers/all-mpnet-base-v2,0.611407
MTG21,SeattleCityCouncil_03192020_CB 119758,deepseek_reasoning,budget_03,run_04,0.25,0.184615,0.212389,0.850823,0.845749,0.848279,sentence-transformers/all-mpnet-base-v2,0.643621
MTG21,SeattleCityCouncil_03192020_CB 119758,deepseek_reasoning,budget_03,run_05,0.153846,0.092308,0.115385,0.822963,0.828978,0.825959,sentence-transformers/all-mpnet-base-v2,0.525587
MTG21,SeattleCityCouncil_03192020_CB 119758,deepseek_reasoning,budget_06,run_01,0.129412,0.169231,0.146667,0.82632,0.842935,0.834544,sentence-transformers/all-mpnet-base-v2,0.572576
MTG21,SeattleCityCouncil_03192020_CB 119758,deepseek_reasoning,budget_06,run_02,0.105882,0.138462,0.12,0.823731,0.837746,0.830679,sentence-transformers/all-mpnet-base-v2,0.586423
MTG21,SeattleCityCouncil_03192020_CB 119758,deepseek_reasoning,budget_06,run_03,0.113924,0.138462,0.125,0.832155,0.840363,0.836239,sentence-transformers/all-mpnet-base-v2,0.586262
MTG21,SeattleCityCouncil_03192020_CB 119758,deepseek_reasoning,budget_06,run_04,0.118421,0.138462,0.12766,0.829063,0.826669,0.827864,sentence-transformers/all-mpnet-base-v2,0.562635
MTG21,SeattleCityCouncil_03192020_CB 119758,deepseek_reasoning,budget_06,run_05,0.186047,0.246154,0.211921,0.820699,0.852569,0.836331,sentence-transformers/all-mpnet-base-v2,0.557361
MTG21,SeattleCityCouncil_03192020_CB 119758,deepseek_temp1_chat,budget_02,run_01,0.142857,0.076923,0.1,0.846107,0.830255,0.838106,sentence-transformers/all-mpnet-base-v2,0.568972
MTG21,SeattleCityCouncil_03192020_CB 119758,deepseek_temp1_chat,budget_02,run_02,0.166667,0.076923,0.105263,0.846979,0.833187,0.840026,sentence-transformers/all-mpnet-base-v2,0.558916
MTG21,SeattleCityCouncil_03192020_CB 119758,deepseek_temp1_chat,budget_02,run_03,0.166667,0.107692,0.130841,0.849523,0.832731,0.841043,sentence-transformers/all-mpnet-base-v2,0.562757
MTG21,SeattleCityCouncil_03192020_CB 119758,deepseek_temp1_chat,budget_02,run_04,0.096774,0.046154,0.0625,0.852278,0.828681,0.840314,sentence-transformers/all-mpnet-base-v2,0.510056
MTG21,SeattleCityCouncil_03192020_CB 119758,deepseek_temp1_chat,budget_02,run_05,0.25,0.092308,0.134831,0.850851,0.829632,0.840108,sentence-transformers/all-mpnet-base-v2,0.579394
MTG21,SeattleCityCouncil_03192020_CB 119758,deepseek_temp1_chat,budget_03,run_01,0.194444,0.107692,0.138614,0.848142,0.834613,0.841323,sentence-transformers/all-mpnet-base-v2,0.553283
MTG21,SeattleCityCouncil_03192020_CB 119758,deepseek_temp1_chat,budget_03,run_02,0.229167,0.169231,0.19469,0.841803,0.83693,0.839359,sentence-transformers/all-mpnet-base-v2,0.590695
MTG21,SeattleCityCouncil_03192020_CB 119758,deepseek_temp1_chat,budget_03,run_03,0.166667,0.092308,0.118812,0.855346,0.829812,0.842386,sentence-transformers/all-mpnet-base-v2,0.546367
MTG21,SeattleCityCouncil_03192020_CB 119758,deepseek_temp1_chat,budget_03,run_04,0.162791,0.107692,0.12963,0.840849,0.83742,0.839131,sentence-transformers/all-mpnet-base-v2,0.550242
MTG21,SeattleCityCouncil_03192020_CB 119758,deepseek_temp1_chat,budget_03,run_05,0.121951,0.076923,0.09434,0.824538,0.81904,0.821779,sentence-transformers/all-mpnet-base-v2,0.493898
MTG21,SeattleCityCouncil_03192020_CB 119758,deepseek_temp1_chat,budget_06,run_01,0.142857,0.261538,0.184783,0.823707,0.853968,0.838565,sentence-transformers/all-mpnet-base-v2,0.642899
MTG21,SeattleCityCouncil_03192020_CB 119758,deepseek_temp1_chat,budget_06,run_02,0.141176,0.184615,0.16,0.827844,0.843625,0.83566,sentence-transformers/all-mpnet-base-v2,0.595926
MTG21,SeattleCityCouncil_03192020_CB 119758,deepseek_temp1_chat,budget_06,run_03,0.15,0.230769,0.181818,0.839988,0.853902,0.846888,sentence-transformers/all-mpnet-base-v2,0.64438
MTG21,SeattleCityCouncil_03192020_CB 119758,deepseek_temp1_chat,budget_06,run_04,0.123894,0.215385,0.157303,0.821956,0.854482,0.837903,sentence-transformers/all-mpnet-base-v2,0.651123
MTG21,SeattleCityCouncil_03192020_CB 119758,deepseek_temp1_chat,budget_06,run_05,0.117647,0.153846,0.133333,0.82413,0.835908,0.829977,sentence-transformers/all-mpnet-base-v2,0.536183
MTG21,SeattleCityCouncil_03192020_CB 119758,gemini_2_5_flash_lite,budget_02,run_01,0.222222,0.092308,0.130435,0.873204,0.839524,0.856033,sentence-transformers/all-mpnet-base-v2,0.549783
MTG21,SeattleCityCouncil_03192020_CB 119758,gemini_2_5_flash_lite,budget_02,run_02,0.172414,0.076923,0.106383,0.854069,0.835525,0.844695,sentence-transformers/all-mpnet-base-v2,0.610486
MTG21,SeattleCityCouncil_03192020_CB 119758,gemini_2_5_flash_lite,budget_02,run_03,0.296296,0.123077,0.173913,0.871176,0.848679,0.85978,sentence-transformers/all-mpnet-base-v2,0.699106
MTG21,SeattleCityCouncil_03192020_CB 119758,gemini_2_5_flash_lite,budget_02,run_04,0.2,0.092308,0.126316,0.862445,0.835687,0.848855,sentence-transformers/all-mpnet-base-v2,0.554036
MTG21,SeattleCityCouncil_03192020_CB 119758,gemini_2_5_flash_lite,budget_02,run_05,0.25,0.092308,0.134831,0.870576,0.839644,0.85483,sentence-transformers/all-mpnet-base-v2,0.599041
MTG21,SeattleCityCouncil_03192020_CB 119758,gemini_2_5_flash_lite,budget_03,run_01,0.333333,0.169231,0.22449,0.876565,0.850303,0.863234,sentence-transformers/all-mpnet-base-v2,0.650412
MTG21,SeattleCityCouncil_03192020_CB 119758,gemini_2_5_flash_lite,budget_03,run_02,0.290323,0.138462,0.1875,0.871074,0.842359,0.856476,sentence-transformers/all-mpnet-base-v2,0.628919
MTG21,SeattleCityCouncil_03192020_CB 119758,gemini_2_5_flash_lite,budget_03,run_03,0.225806,0.107692,0.145833,0.87237,0.838479,0.855089,sentence-transformers/all-mpnet-base-v2,0.585543
MTG21,SeattleCityCouncil_03192020_CB 119758,gemini_2_5_flash_lite,budget_03,run_04,0.243243,0.138462,0.176471,0.870216,0.841823,0.855784,sentence-transformers/all-mpnet-base-v2,0.513968
MTG21,SeattleCityCouncil_03192020_CB 119758,gemini_2_5_flash_lite,budget_03,run_05,0.228571,0.123077,0.16,0.865317,0.841745,0.853368,sentence-transformers/all-mpnet-base-v2,0.557327
MTG21,SeattleCityCouncil_03192020_CB 119758,gemini_2_5_flash_lite,budget_06,run_01,0.196429,0.169231,0.181818,0.84924,0.838346,0.843757,sentence-transformers/all-mpnet-base-v2,0.638236
MTG21,SeattleCityCouncil_03192020_CB 119758,gemini_2_5_flash_lite,budget_06,run_02,0.210526,0.184615,0.196721,0.857395,0.843739,0.850512,sentence-transformers/all-mpnet-base-v2,0.614571
MTG21,SeattleCityCouncil_03192020_CB 119758,gemini_2_5_flash_lite,budget_06,run_03,0.203125,0.2,0.20155,0.855103,0.840883,0.847933,sentence-transformers/all-mpnet-base-v2,0.666548
MTG21,SeattleCityCouncil_03192020_CB 119758,gemini_2_5_flash_lite,budget_06,run_04,0.145455,0.123077,0.133333,0.845694,0.82655,0.836013,sentence-transformers/all-mpnet-base-v2,0.586835
MTG21,SeattleCityCouncil_03192020_CB 119758,gemini_2_5_flash_lite,budget_06,run_05,0.218182,0.184615,0.2,0.851551,0.844165,0.847842,sentence-transformers/all-mpnet-base-v2,0.63469
MTG22,KingCountyCC_07292019_2019-0245,deepseek_reasoning,budget_02,run_01,0.131579,0.147059,0.138889,0.849141,0.851563,0.85035,sentence-transformers/all-mpnet-base-v2,0.494264
MTG22,KingCountyCC_07292019_2019-0245,deepseek_reasoning,budget_02,run_02,0.133333,0.117647,0.125,0.84356,0.848865,0.846204,sentence-transformers/all-mpnet-base-v2,0.494904
MTG22,KingCountyCC_07292019_2019-0245,deepseek_reasoning,budget_02,run_03,0.153846,0.176471,0.164384,0.835371,0.847277,0.841282,sentence-transformers/all-mpnet-base-v2,0.434486
MTG22,KingCountyCC_07292019_2019-0245,deepseek_reasoning,budget_02,run_04,0.119048,0.147059,0.131579,0.846006,0.848545,0.847273,sentence-transformers/all-mpnet-base-v2,0.47518
MTG22,KingCountyCC_07292019_2019-0245,deepseek_reasoning,budget_02,run_05,0.114286,0.117647,0.115942,0.832618,0.84713,0.839811,sentence-transformers/all-mpnet-base-v2,0.48223
MTG22,KingCountyCC_07292019_2019-0245,deepseek_reasoning,budget_03,run_01,0.163636,0.264706,0.202247,0.851674,0.87153,0.861488,sentence-transformers/all-mpnet-base-v2,0.668521
MTG22,KingCountyCC_07292019_2019-0245,deepseek_reasoning,budget_03,run_02,0.1,0.147059,0.119048,0.825507,0.842423,0.833879,sentence-transformers/all-mpnet-base-v2,0.519006
MTG22,KingCountyCC_07292019_2019-0245,deepseek_reasoning,budget_03,run_03,0.106383,0.147059,0.123457,0.832246,0.844617,0.838386,sentence-transformers/all-mpnet-base-v2,0.40798
MTG22,KingCountyCC_07292019_2019-0245,deepseek_reasoning,budget_03,run_04,0.102041,0.147059,0.120482,0.840311,0.845768,0.843031,sentence-transformers/all-mpnet-base-v2,0.550273
MTG22,KingCountyCC_07292019_2019-0245,deepseek_reasoning,budget_03,run_05,0.086207,0.147059,0.108696,0.827156,0.84149,0.834261,sentence-transformers/all-mpnet-base-v2,0.448383
MTG22,KingCountyCC_07292019_2019-0245,deepseek_reasoning,budget_06,run_01,0.09009,0.294118,0.137931,0.806841,0.844866,0.825416,sentence-transformers/all-mpnet-base-v2,0.559314
MTG22,KingCountyCC_07292019_2019-0245,deepseek_reasoning,budget_06,run_02,0.083333,0.235294,0.123077,0.826873,0.843543,0.835125,sentence-transformers/all-mpnet-base-v2,0.486495
MTG22,KingCountyCC_07292019_2019-0245,deepseek_reasoning,budget_06,run_03,0.119565,0.323529,0.174603,0.829763,0.847901,0.838734,sentence-transformers/all-mpnet-base-v2,0.597319
MTG22,KingCountyCC_07292019_2019-0245,deepseek_reasoning,budget_06,run_04,0.085106,0.235294,0.125,0.823291,0.850583,0.836714,sentence-transformers/all-mpnet-base-v2,0.569538
MTG22,KingCountyCC_07292019_2019-0245,deepseek_reasoning,budget_06,run_05,0.075472,0.235294,0.114286,0.817931,0.846983,0.832204,sentence-transformers/all-mpnet-base-v2,0.590355
MTG22,KingCountyCC_07292019_2019-0245,deepseek_temp1_chat,budget_02,run_01,0.177778,0.235294,0.202532,0.85755,0.875411,0.866388,sentence-transformers/all-mpnet-base-v2,0.614118
MTG22,KingCountyCC_07292019_2019-0245,deepseek_temp1_chat,budget_02,run_02,0.09375,0.088235,0.090909,0.83981,0.84221,0.841008,sentence-transformers/all-mpnet-base-v2,0.491644
MTG22,KingCountyCC_07292019_2019-0245,deepseek_temp1_chat,budget_02,run_03,0.117647,0.117647,0.117647,0.836112,0.844582,0.840326,sentence-transformers/all-mpnet-base-v2,0.526964
MTG22,KingCountyCC_07292019_2019-0245,deepseek_temp1_chat,budget_02,run_04,0.176471,0.176471,0.176471,0.837458,0.844562,0.840995,sentence-transformers/all-mpnet-base-v2,0.422038
MTG22,KingCountyCC_07292019_2019-0245,deepseek_temp1_chat,budget_02,run_05,0.083333,0.117647,0.097561,0.837755,0.84777,0.842733,sentence-transformers/all-mpnet-base-v2,0.527583
MTG22,KingCountyCC_07292019_2019-0245,deepseek_temp1_chat,budget_03,run_01,0.117647,0.176471,0.141176,0.842171,0.854368,0.848226,sentence-transformers/all-mpnet-base-v2,0.551116
MTG22,KingCountyCC_07292019_2019-0245,deepseek_temp1_chat,budget_03,run_02,0.1,0.147059,0.119048,0.833531,0.842112,0.837799,sentence-transformers/all-mpnet-base-v2,0.458931
MTG22,KingCountyCC_07292019_2019-0245,deepseek_temp1_chat,budget_03,run_03,0.131579,0.147059,0.138889,0.851561,0.858613,0.855073,sentence-transformers/all-mpnet-base-v2,0.589612
MTG22,KingCountyCC_07292019_2019-0245,deepseek_temp1_chat,budget_03,run_04,0.125,0.205882,0.155556,0.841755,0.853578,0.847625,sentence-transformers/all-mpnet-base-v2,0.520968
MTG22,KingCountyCC_07292019_2019-0245,deepseek_temp1_chat,budget_03,run_05,0.133333,0.176471,0.151899,0.839865,0.847668,0.843748,sentence-transformers/all-mpnet-base-v2,0.56411
MTG22,KingCountyCC_07292019_2019-0245,deepseek_temp1_chat,budget_06,run_01,0.122222,0.323529,0.177419,0.835789,0.876244,0.855538,sentence-transformers/all-mpnet-base-v2,0.701311
MTG22,KingCountyCC_07292019_2019-0245,deepseek_temp1_chat,budget_06,run_02,0.102041,0.294118,0.151515,0.829252,0.869614,0.848954,sentence-transformers/all-mpnet-base-v2,0.671733
MTG22,KingCountyCC_07292019_2019-0245,deepseek_temp1_chat,budget_06,run_03,0.160494,0.382353,0.226087,0.840578,0.873358,0.856655,sentence-transformers/all-mpnet-base-v2,0.694497
MTG22,KingCountyCC_07292019_2019-0245,deepseek_temp1_chat,budget_06,run_04,0.11215,0.352941,0.170213,0.829437,0.876175,0.852166,sentence-transformers/all-mpnet-base-v2,0.617555
MTG22,KingCountyCC_07292019_2019-0245,deepseek_temp1_chat,budget_06,run_05,0.102564,0.235294,0.142857,0.830442,0.855249,0.842663,sentence-transformers/all-mpnet-base-v2,0.598705
MTG22,KingCountyCC_07292019_2019-0245,gemini_2_5_flash_lite,budget_02,run_01,0.083333,0.088235,0.085714,0.859234,0.855875,0.857551,sentence-transformers/all-mpnet-base-v2,0.51078
MTG22,KingCountyCC_07292019_2019-0245,gemini_2_5_flash_lite,budget_02,run_02,0.162791,0.205882,0.181818,0.864044,0.857283,0.86065,sentence-transformers/all-mpnet-base-v2,0.520129
MTG22,KingCountyCC_07292019_2019-0245,gemini_2_5_flash_lite,budget_02,run_03,0.209302,0.264706,0.233766,0.874255,0.879282,0.876762,sentence-transformers/all-mpnet-base-v2,0.625389
MTG22,KingCountyCC_07292019_2019-0245,gemini_2_5_flash_lite,budget_02,run_04,0.259259,0.205882,0.229508,0.883998,0.868765,0.876316,sentence-transformers/all-mpnet-base-v2,0.639546
MTG22,KingCountyCC_07292019_2019-0245,gemini_2_5_flash_lite,budget_02,run_05,0.130435,0.176471,0.15,0.856471,0.854308,0.855388,sentence-transformers/all-mpnet-base-v2,0.49886
MTG22,KingCountyCC_07292019_2019-0245,gemini_2_5_flash_lite,budget_03,run_01,0.117647,0.176471,0.141176,0.85374,0.855064,0.854401,sentence-transformers/all-mpnet-base-v2,0.479676
MTG22,KingCountyCC_07292019_2019-0245,gemini_2_5_flash_lite,budget_03,run_02,0.098039,0.147059,0.117647,0.854223,0.860266,0.857234,sentence-transformers/all-mpnet-base-v2,0.57797
MTG22,KingCountyCC_07292019_2019-0245,gemini_2_5_flash_lite,budget_03,run_03,0.135593,0.235294,0.172043,0.859995,0.878254,0.869028,sentence-transformers/all-mpnet-base-v2,0.655637
MTG22,KingCountyCC_07292019_2019-0245,gemini_2_5_flash_lite,budget_03,run_04,0.166667,0.205882,0.184211,0.86977,0.876716,0.873229,sentence-transformers/all-mpnet-base-v2,0.742417
MTG22,KingCountyCC_07292019_2019-0245,gemini_2_5_flash_lite,budget_03,run_05,0.232558,0.294118,0.25974,0.864177,0.872624,0.86838,sentence-transformers/all-mpnet-base-v2,0.621989
MTG22,KingCountyCC_07292019_2019-0245,gemini_2_5_flash_lite,budget_06,run_01,0.142857,0.264706,0.185567,0.856014,0.870044,0.862972,sentence-transformers/all-mpnet-base-v2,0.664377
MTG22,KingCountyCC_07292019_2019-0245,gemini_2_5_flash_lite,budget_06,run_02,0.140351,0.235294,0.175824,0.852681,0.87408,0.863248,sentence-transformers/all-mpnet-base-v2,0.70839
MTG22,KingCountyCC_07292019_2019-0245,gemini_2_5_flash_lite,budget_06,run_03,0.081967,0.147059,0.105263,0.842552,0.845507,0.844027,sentence-transformers/all-mpnet-base-v2,0.560397
MTG22,KingCountyCC_07292019_2019-0245,gemini_2_5_flash_lite,budget_06,run_04,0.112903,0.205882,0.145833,0.851309,0.859682,0.855475,sentence-transformers/all-mpnet-base-v2,0.56973
MTG22,KingCountyCC_07292019_2019-0245,gemini_2_5_flash_lite,budget_06,run_05,0.152542,0.264706,0.193548,0.861675,0.880921,0.871192,sentence-transformers/all-mpnet-base-v2,0.688353
MTG23,AlamedaCC_11032015_2015-2060,deepseek_reasoning,budget_02,run_01,0.272727,0.166667,0.206897,0.868928,0.832408,0.850276,sentence-transformers/all-mpnet-base-v2,0.69434
MTG23,AlamedaCC_11032015_2015-2060,deepseek_reasoning,budget_02,run_02,0.411765,0.259259,0.318182,0.880072,0.848488,0.863991,sentence-transformers/all-mpnet-base-v2,0.723722
MTG23,AlamedaCC_11032015_2015-2060,deepseek_reasoning,budget_02,run_03,0.295455,0.240741,0.265306,0.865654,0.837349,0.851266,sentence-transformers/all-mpnet-base-v2,0.565681
MTG23,AlamedaCC_11032015_2015-2060,deepseek_reasoning,budget_02,run_04,0.368421,0.259259,0.304348,0.884718,0.844504,0.864144,sentence-transformers/all-mpnet-base-v2,0.709828
MTG23,AlamedaCC_11032015_2015-2060,deepseek_reasoning,budget_02,run_05,0.277778,0.185185,0.222222,0.870403,0.833466,0.851534,sentence-transformers/all-mpnet-base-v2,0.667725
MTG23,AlamedaCC_11032015_2015-2060,deepseek_reasoning,budget_03,run_01,0.25,0.222222,0.235294,0.86984,0.842162,0.855777,sentence-transformers/all-mpnet-base-v2,0.72612
MTG23,AlamedaCC_11032015_2015-2060,deepseek_reasoning,budget_03,run_02,0.283019,0.277778,0.280374,0.865139,0.843996,0.854437,sentence-transformers/all-mpnet-base-v2,0.735223
MTG23,AlamedaCC_11032015_2015-2060,deepseek_reasoning,budget_03,run_03,0.265625,0.314815,0.288136,0.866832,0.857753,0.862268,sentence-transformers/all-mpnet-base-v2,0.844108
MTG23,AlamedaCC_11032015_2015-2060,deepseek_reasoning,budget_03,run_04,0.241379,0.259259,0.25,0.861377,0.839936,0.850521,sentence-transformers/all-mpnet-base-v2,0.75164
MTG23,AlamedaCC_11032015_2015-2060,deepseek_reasoning,budget_03,run_05,0.25,0.240741,0.245283,0.86092,0.833863,0.847176,sentence-transformers/all-mpnet-base-v2,0.735437
MTG23,AlamedaCC_11032015_2015-2060,deepseek_reasoning,budget_06,run_01,0.190476,0.296296,0.231884,0.837517,0.834666,0.836089,sentence-transformers/all-mpnet-base-v2,0.661571
MTG23,AlamedaCC_11032015_2015-2060,deepseek_reasoning,budget_06,run_02,0.189474,0.333333,0.241611,0.84754,0.849161,0.84835,sentence-transformers/all-mpnet-base-v2,0.79454
MTG23,AlamedaCC_11032015_2015-2060,deepseek_reasoning,budget_06,run_03,0.179775,0.296296,0.223776,0.842347,0.845292,0.843817,sentence-transformers/all-mpnet-base-v2,0.667276
MTG23,AlamedaCC_11032015_2015-2060,deepseek_reasoning,budget_06,run_04,0.197531,0.296296,0.237037,0.845568,0.834199,0.839845,sentence-transformers/all-mpnet-base-v2,0.691628
MTG23,AlamedaCC_11032015_2015-2060,deepseek_reasoning,budget_06,run_05,0.129032,0.296296,0.179775,0.828161,0.828149,0.828155,sentence-transformers/all-mpnet-base-v2,0.721683
MTG23,AlamedaCC_11032015_2015-2060,deepseek_temp1_chat,budget_02,run_01,0.235294,0.148148,0.181818,0.881703,0.833107,0.856716,sentence-transformers/all-mpnet-base-v2,0.664438
MTG23,AlamedaCC_11032015_2015-2060,deepseek_temp1_chat,budget_02,run_02,0.307692,0.222222,0.258065,0.879402,0.84601,0.862383,sentence-transformers/all-mpnet-base-v2,0.68977
MTG23,AlamedaCC_11032015_2015-2060,deepseek_temp1_chat,budget_02,run_03,0.208333,0.185185,0.196078,0.872078,0.846202,0.858945,sentence-transformers/all-mpnet-base-v2,0.720857
MTG23,AlamedaCC_11032015_2015-2060,deepseek_temp1_chat,budget_02,run_04,0.234043,0.203704,0.217822,0.865349,0.844935,0.85502,sentence-transformers/all-mpnet-base-v2,0.769453
MTG23,AlamedaCC_11032015_2015-2060,deepseek_temp1_chat,budget_02,run_05,0.25641,0.185185,0.215054,0.873962,0.839461,0.856364,sentence-transformers/all-mpnet-base-v2,0.671461
MTG23,AlamedaCC_11032015_2015-2060,deepseek_temp1_chat,budget_03,run_01,0.209677,0.240741,0.224138,0.846932,0.838598,0.842744,sentence-transformers/all-mpnet-base-v2,0.71528
MTG23,AlamedaCC_11032015_2015-2060,deepseek_temp1_chat,budget_03,run_02,0.263158,0.277778,0.27027,0.879767,0.857138,0.868305,sentence-transformers/all-mpnet-base-v2,0.856471
MTG23,AlamedaCC_11032015_2015-2060,deepseek_temp1_chat,budget_03,run_03,0.285714,0.259259,0.271845,0.868507,0.843656,0.855901,sentence-transformers/all-mpnet-base-v2,0.748085
MTG23,AlamedaCC_11032015_2015-2060,deepseek_temp1_chat,budget_03,run_04,0.206897,0.222222,0.214286,0.857524,0.839801,0.84857,sentence-transformers/all-mpnet-base-v2,0.684425
MTG23,AlamedaCC_11032015_2015-2060,deepseek_temp1_chat,budget_03,run_05,0.181818,0.185185,0.183486,0.848523,0.82233,0.835222,sentence-transformers/all-mpnet-base-v2,0.661678
MTG23,AlamedaCC_11032015_2015-2060,deepseek_temp1_chat,budget_06,run_01,0.148936,0.259259,0.189189,0.837449,0.834538,0.835991,sentence-transformers/all-mpnet-base-v2,0.637307
MTG23,AlamedaCC_11032015_2015-2060,deepseek_temp1_chat,budget_06,run_02,0.126126,0.259259,0.169697,0.827666,0.839249,0.833417,sentence-transformers/all-mpnet-base-v2,0.777958
MTG23,AlamedaCC_11032015_2015-2060,deepseek_temp1_chat,budget_06,run_03,0.113636,0.185185,0.140845,0.833719,0.834361,0.83404,sentence-transformers/all-mpnet-base-v2,0.624121
MTG23,AlamedaCC_11032015_2015-2060,deepseek_temp1_chat,budget_06,run_04,0.13,0.240741,0.168831,0.832399,0.847163,0.839716,sentence-transformers/all-mpnet-base-v2,0.73733
MTG23,AlamedaCC_11032015_2015-2060,deepseek_temp1_chat,budget_06,run_05,0.170455,0.277778,0.211268,0.847489,0.836891,0.842157,sentence-transformers/all-mpnet-base-v2,0.682481
MTG23,AlamedaCC_11032015_2015-2060,gemini_2_5_flash_lite,budget_02,run_01,0.282051,0.203704,0.236559,0.877259,0.838167,0.857268,sentence-transformers/all-mpnet-base-v2,0.686784
MTG23,AlamedaCC_11032015_2015-2060,gemini_2_5_flash_lite,budget_02,run_02,0.5,0.240741,0.325,0.890315,0.838919,0.863853,sentence-transformers/all-mpnet-base-v2,0.670881
MTG23,AlamedaCC_11032015_2015-2060,gemini_2_5_flash_lite,budget_02,run_03,0.404762,0.314815,0.354167,0.893052,0.851279,0.871666,sentence-transformers/all-mpnet-base-v2,0.667661
MTG23,AlamedaCC_11032015_2015-2060,gemini_2_5_flash_lite,budget_02,run_04,0.384615,0.277778,0.322581,0.888104,0.851494,0.869414,sentence-transformers/all-mpnet-base-v2,0.637186
MTG23,AlamedaCC_11032015_2015-2060,gemini_2_5_flash_lite,budget_02,run_05,0.232558,0.185185,0.206186,0.883532,0.840053,0.861244,sentence-transformers/all-mpnet-base-v2,0.717929
MTG23,AlamedaCC_11032015_2015-2060,gemini_2_5_flash_lite,budget_03,run_01,0.243902,0.185185,0.210526,0.877525,0.838041,0.857328,sentence-transformers/all-mpnet-base-v2,0.699761
MTG23,AlamedaCC_11032015_2015-2060,gemini_2_5_flash_lite,budget_03,run_02,0.282051,0.203704,0.236559,0.871487,0.834407,0.852544,sentence-transformers/all-mpnet-base-v2,0.650774
MTG23,AlamedaCC_11032015_2015-2060,gemini_2_5_flash_lite,budget_03,run_03,0.261905,0.203704,0.229167,0.874228,0.834485,0.853894,sentence-transformers/all-mpnet-base-v2,0.693259
MTG23,AlamedaCC_11032015_2015-2060,gemini_2_5_flash_lite,budget_03,run_04,0.26,0.240741,0.25,0.873335,0.843027,0.857914,sentence-transformers/all-mpnet-base-v2,0.672959
MTG23,AlamedaCC_11032015_2015-2060,gemini_2_5_flash_lite,budget_03,run_05,0.243902,0.185185,0.210526,0.882672,0.838424,0.859979,sentence-transformers/all-mpnet-base-v2,0.710211
MTG23,AlamedaCC_11032015_2015-2060,gemini_2_5_flash_lite,budget_06,run_01,0.23913,0.203704,0.22,0.873208,0.821993,0.846827,sentence-transformers/all-mpnet-base-v2,0.678051
MTG23,AlamedaCC_11032015_2015-2060,gemini_2_5_flash_lite,budget_06,run_02,0.218182,0.222222,0.220183,0.857173,0.834705,0.84579,sentence-transformers/all-mpnet-base-v2,0.741949
MTG23,AlamedaCC_11032015_2015-2060,gemini_2_5_flash_lite,budget_06,run_03,0.172414,0.185185,0.178571,0.866712,0.832293,0.849154,sentence-transformers/all-mpnet-base-v2,0.712318
MTG23,AlamedaCC_11032015_2015-2060,gemini_2_5_flash_lite,budget_06,run_04,0.177419,0.203704,0.189655,0.859123,0.833784,0.846264,sentence-transformers/all-mpnet-base-v2,0.744937
MTG23,AlamedaCC_11032015_2015-2060,gemini_2_5_flash_lite,budget_06,run_05,0.245614,0.259259,0.252252,0.870843,0.832417,0.851197,sentence-transformers/all-mpnet-base-v2,0.711668
MTG24,BostonCC_06152022_2022-0770,deepseek_reasoning,budget_02,run_01,0.230769,0.126761,0.163636,0.868189,0.836748,0.852179,sentence-transformers/all-mpnet-base-v2,0.788821
MTG24,BostonCC_06152022_2022-0770,deepseek_reasoning,budget_02,run_02,0.388889,0.197183,0.261682,0.888077,0.84077,0.863776,sentence-transformers/all-mpnet-base-v2,0.81547
MTG24,BostonCC_06152022_2022-0770,deepseek_reasoning,budget_02,run_03,0.375,0.126761,0.189474,0.903879,0.836273,0.868763,sentence-transformers/all-mpnet-base-v2,0.705936
MTG24,BostonCC_06152022_2022-0770,deepseek_reasoning,budget_02,run_04,0.481481,0.183099,0.265306,0.930846,0.859939,0.893988,sentence-transformers/all-mpnet-base-v2,0.799054
MTG24,BostonCC_06152022_2022-0770,deepseek_reasoning,budget_02,run_05,0.5,0.211268,0.29703,0.905852,0.841819,0.872662,sentence-transformers/all-mpnet-base-v2,0.845223
MTG24,BostonCC_06152022_2022-0770,deepseek_reasoning,budget_03,run_01,0.358491,0.267606,0.306452,0.898013,0.870572,0.884079,sentence-transformers/all-mpnet-base-v2,0.847628
MTG24,BostonCC_06152022_2022-0770,deepseek_reasoning,budget_03,run_02,0.264151,0.197183,0.225806,0.881642,0.860681,0.871035,sentence-transformers/all-mpnet-base-v2,0.775734
MTG24,BostonCC_06152022_2022-0770,deepseek_reasoning,budget_03,run_03,0.237288,0.197183,0.215385,0.859974,0.840981,0.850371,sentence-transformers/all-mpnet-base-v2,0.825026
MTG24,BostonCC_06152022_2022-0770,deepseek_reasoning,budget_03,run_04,0.372093,0.225352,0.280702,0.901207,0.865832,0.883165,sentence-transformers/all-mpnet-base-v2,0.830183
MTG24,BostonCC_06152022_2022-0770,deepseek_reasoning,budget_03,run_05,0.342857,0.169014,0.226415,0.887635,0.838743,0.862496,sentence-transformers/all-mpnet-base-v2,0.817281
MTG24,BostonCC_06152022_2022-0770,deepseek_reasoning,budget_06,run_01,0.252874,0.309859,0.278481,0.874124,0.866826,0.87046,sentence-transformers/all-mpnet-base-v2,0.814144
MTG24,BostonCC_06152022_2022-0770,deepseek_reasoning,budget_06,run_02,0.247191,0.309859,0.275,0.868916,0.856683,0.862756,sentence-transformers/all-mpnet-base-v2,0.807468
MTG24,BostonCC_06152022_2022-0770,deepseek_reasoning,budget_06,run_03,0.308642,0.352113,0.328947,0.889075,0.883992,0.886526,sentence-transformers/all-mpnet-base-v2,0.847314
MTG24,BostonCC_06152022_2022-0770,deepseek_reasoning,budget_06,run_04,0.252874,0.309859,0.278481,0.871508,0.864409,0.867944,sentence-transformers/all-mpnet-base-v2,0.802981
MTG24,BostonCC_06152022_2022-0770,deepseek_reasoning,budget_06,run_05,0.229885,0.28169,0.253165,0.875818,0.869868,0.872833,sentence-transformers/all-mpnet-base-v2,0.821874
MTG24,BostonCC_06152022_2022-0770,deepseek_temp1_chat,budget_02,run_01,0.369565,0.239437,0.290598,0.893203,0.84911,0.870599,sentence-transformers/all-mpnet-base-v2,0.825201
MTG24,BostonCC_06152022_2022-0770,deepseek_temp1_chat,budget_02,run_02,0.404762,0.239437,0.300885,0.893353,0.853152,0.87279,sentence-transformers/all-mpnet-base-v2,0.831886
MTG24,BostonCC_06152022_2022-0770,deepseek_temp1_chat,budget_02,run_03,0.358974,0.197183,0.254545,0.891544,0.843246,0.866722,sentence-transformers/all-mpnet-base-v2,0.853357
MTG24,BostonCC_06152022_2022-0770,deepseek_temp1_chat,budget_02,run_04,0.4,0.197183,0.264151,0.894531,0.845878,0.869525,sentence-transformers/all-mpnet-base-v2,0.840941
MTG24,BostonCC_06152022_2022-0770,deepseek_temp1_chat,budget_02,run_05,0.344828,0.140845,0.2,0.889443,0.833293,0.860453,sentence-transformers/all-mpnet-base-v2,0.813288
MTG24,BostonCC_06152022_2022-0770,deepseek_temp1_chat,budget_03,run_01,0.447368,0.239437,0.311927,0.903009,0.849868,0.875633,sentence-transformers/all-mpnet-base-v2,0.860284
MTG24,BostonCC_06152022_2022-0770,deepseek_temp1_chat,budget_03,run_02,0.365854,0.211268,0.267857,0.895045,0.852162,0.873077,sentence-transformers/all-mpnet-base-v2,0.832786
MTG24,BostonCC_06152022_2022-0770,deepseek_temp1_chat,budget_03,run_03,0.311111,0.197183,0.241379,0.881162,0.845114,0.862761,sentence-transformers/all-mpnet-base-v2,0.801361
MTG24,BostonCC_06152022_2022-0770,deepseek_temp1_chat,budget_03,run_04,0.355932,0.295775,0.323077,0.894347,0.86584,0.879863,sentence-transformers/all-mpnet-base-v2,0.854787
MTG24,BostonCC_06152022_2022-0770,deepseek_temp1_chat,budget_03,run_05,0.232558,0.140845,0.175439,0.872366,0.833165,0.852315,sentence-transformers/all-mpnet-base-v2,0.809684
MTG24,BostonCC_06152022_2022-0770,deepseek_temp1_chat,budget_06,run_01,0.223404,0.295775,0.254545,0.871352,0.868645,0.869997,sentence-transformers/all-mpnet-base-v2,0.802383
MTG24,BostonCC_06152022_2022-0770,deepseek_temp1_chat,budget_06,run_02,0.241758,0.309859,0.271605,0.876143,0.87129,0.873709,sentence-transformers/all-mpnet-base-v2,0.820517
MTG24,BostonCC_06152022_2022-0770,deepseek_temp1_chat,budget_06,run_03,0.22,0.309859,0.25731,0.85687,0.863382,0.860114,sentence-transformers/all-mpnet-base-v2,0.729157
MTG24,BostonCC_06152022_2022-0770,deepseek_temp1_chat,budget_06,run_04,0.205882,0.295775,0.242775,0.863845,0.866551,0.865196,sentence-transformers/all-mpnet-base-v2,0.785178
MTG24,BostonCC_06152022_2022-0770,deepseek_temp1_chat,budget_06,run_05,0.234043,0.309859,0.266667,0.871643,0.867108,0.86937,sentence-transformers/all-mpnet-base-v2,0.745521
MTG24,BostonCC_06152022_2022-0770,gemini_2_5_flash_lite,budget_02,run_01,0.435897,0.239437,0.309091,0.896141,0.844951,0.869794,sentence-transformers/all-mpnet-base-v2,0.86336
MTG24,BostonCC_06152022_2022-0770,gemini_2_5_flash_lite,budget_02,run_02,0.5,0.225352,0.31068,0.910598,0.848173,0.878278,sentence-transformers/all-mpnet-base-v2,0.863435
MTG24,BostonCC_06152022_2022-0770,gemini_2_5_flash_lite,budget_02,run_03,0.344828,0.140845,0.2,0.915805,0.847114,0.880121,sentence-transformers/all-mpnet-base-v2,0.828207
MTG24,BostonCC_06152022_2022-0770,gemini_2_5_flash_lite,budget_02,run_04,0.4,0.197183,0.264151,0.893988,0.840452,0.866394,sentence-transformers/all-mpnet-base-v2,0.85971
MTG24,BostonCC_06152022_2022-0770,gemini_2_5_flash_lite,budget_02,run_05,0.424242,0.197183,0.269231,0.899683,0.839909,0.868769,sentence-transformers/all-mpnet-base-v2,0.855526
MTG24,BostonCC_06152022_2022-0770,gemini_2_5_flash_lite,budget_03,run_01,0.354167,0.239437,0.285714,0.885367,0.850697,0.867685,sentence-transformers/all-mpnet-base-v2,0.857017
MTG24,BostonCC_06152022_2022-0770,gemini_2_5_flash_lite,budget_03,run_02,0.472222,0.239437,0.317757,0.906944,0.852109,0.878672,sentence-transformers/all-mpnet-base-v2,0.860607
MTG24,BostonCC_06152022_2022-0770,gemini_2_5_flash_lite,budget_03,run_03,0.361111,0.183099,0.242991,0.896913,0.838312,0.866623,sentence-transformers/all-mpnet-base-v2,0.829157
MTG24,BostonCC_06152022_2022-0770,gemini_2_5_flash_lite,budget_03,run_04,0.47619,0.28169,0.353982,0.911843,0.856677,0.883399,sentence-transformers/all-mpnet-base-v2,0.866349
MTG24,BostonCC_06152022_2022-0770,gemini_2_5_flash_lite,budget_03,run_05,0.275,0.15493,0.198198,0.876908,0.840329,0.858229,sentence-transformers/all-mpnet-base-v2,0.843672
MTG24,BostonCC_06152022_2022-0770,gemini_2_5_flash_lite,budget_06,run_01,0.257143,0.253521,0.255319,0.880361,0.853283,0.866611,sentence-transformers/all-mpnet-base-v2,0.807986
MTG24,BostonCC_06152022_2022-0770,gemini_2_5_flash_lite,budget_06,run_02,0.253968,0.225352,0.238806,0.869982,0.839366,0.8544,sentence-transformers/all-mpnet-base-v2,0.78434
MTG24,BostonCC_06152022_2022-0770,gemini_2_5_flash_lite,budget_06,run_03,0.246377,0.239437,0.242857,0.871635,0.848288,0.859803,sentence-transformers/all-mpnet-base-v2,0.777997
MTG24,BostonCC_06152022_2022-0770,gemini_2_5_flash_lite,budget_06,run_04,0.222222,0.197183,0.208955,0.880618,0.845627,0.862768,sentence-transformers/all-mpnet-base-v2,0.805026
MTG24,BostonCC_06152022_2022-0770,gemini_2_5_flash_lite,budget_06,run_05,0.280488,0.323944,0.300654,0.871637,0.857663,0.864593,sentence-transformers/all-mpnet-base-v2,0.786881
MTG25,AlamedaCC_12172019_2019-7533,deepseek_reasoning,budget_02,run_01,0.194444,0.35,0.25,0.871239,0.89445,0.882692,sentence-transformers/all-mpnet-base-v2,0.766008
MTG25,AlamedaCC_12172019_2019-7533,deepseek_reasoning,budget_02,run_02,0.171429,0.3,0.218182,0.868783,0.89583,0.882099,sentence-transformers/all-mpnet-base-v2,0.741517
MTG25,AlamedaCC_12172019_2019-7533,deepseek_reasoning,budget_02,run_03,0.157895,0.3,0.206897,0.865304,0.88946,0.877216,sentence-transformers/all-mpnet-base-v2,0.785037
MTG25,AlamedaCC_12172019_2019-7533,deepseek_reasoning,budget_02,run_04,0.184211,0.35,0.241379,0.854476,0.887307,0.870582,sentence-transformers/all-mpnet-base-v2,0.828068
MTG25,AlamedaCC_12172019_2019-7533,deepseek_reasoning,budget_02,run_05,0.15,0.3,0.2,0.855211,0.885894,0.870282,sentence-transformers/all-mpnet-base-v2,0.795835
MTG25,AlamedaCC_12172019_2019-7533,deepseek_reasoning,budget_03,run_01,0.098039,0.25,0.140845,0.857115,0.884637,0.870659,sentence-transformers/all-mpnet-base-v2,0.704212
MTG25,AlamedaCC_12172019_2019-7533,deepseek_reasoning,budget_03,run_02,0.106383,0.25,0.149254,0.857118,0.880736,0.868766,sentence-transformers/all-mpnet-base-v2,0.79605
MTG25,AlamedaCC_12172019_2019-7533,deepseek_reasoning,budget_03,run_03,0.142857,0.4,0.210526,0.862276,0.896013,0.878821,sentence-transformers/all-mpnet-base-v2,0.778715
MTG25,AlamedaCC_12172019_2019-7533,deepseek_reasoning,budget_03,run_04,0.166667,0.35,0.225806,0.870615,0.885775,0.878129,sentence-transformers/all-mpnet-base-v2,0.767548
MTG25,AlamedaCC_12172019_2019-7533,deepseek_reasoning,budget_03,run_05,0.086957,0.2,0.121212,0.857414,0.8814,0.869242,sentence-transformers/all-mpnet-base-v2,0.728052
MTG25,AlamedaCC_12172019_2019-7533,deepseek_reasoning,budget_06,run_01,0.119565,0.55,0.196429,0.850579,0.891518,0.870568,sentence-transformers/all-mpnet-base-v2,0.830006
MTG25,AlamedaCC_12172019_2019-7533,deepseek_reasoning,budget_06,run_02,0.1,0.5,0.166667,0.831865,0.894051,0.861838,sentence-transformers/all-mpnet-base-v2,0.808223
MTG25,AlamedaCC_12172019_2019-7533,deepseek_reasoning,budget_06,run_03,0.114943,0.5,0.186916,0.837951,0.900225,0.867973,sentence-transformers/all-mpnet-base-v2,0.769567
MTG25,AlamedaCC_12172019_2019-7533,deepseek_reasoning,budget_06,run_04,0.103896,0.4,0.164948,0.825587,0.881138,0.852458,sentence-transformers/all-mpnet-base-v2,0.828494
MTG25,AlamedaCC_12172019_2019-7533,deepseek_reasoning,budget_06,run_05,0.130435,0.6,0.214286,0.850296,0.897629,0.873321,sentence-transformers/all-mpnet-base-v2,0.818296
MTG25,AlamedaCC_12172019_2019-7533,deepseek_temp1_chat,budget_02,run_01,0.166667,0.35,0.225806,0.864747,0.900937,0.882471,sentence-transformers/all-mpnet-base-v2,0.739263
MTG25,AlamedaCC_12172019_2019-7533,deepseek_temp1_chat,budget_02,run_02,0.171429,0.3,0.218182,0.868789,0.891771,0.88013,sentence-transformers/all-mpnet-base-v2,0.75342
MTG25,AlamedaCC_12172019_2019-7533,deepseek_temp1_chat,budget_02,run_03,0.191489,0.45,0.268657,0.868912,0.899548,0.883965,sentence-transformers/all-mpnet-base-v2,0.791963
MTG25,AlamedaCC_12172019_2019-7533,deepseek_temp1_chat,budget_02,run_04,0.342857,0.6,0.436364,0.898032,0.92333,0.910505,sentence-transformers/all-mpnet-base-v2,0.84723
MTG25,AlamedaCC_12172019_2019-7533,deepseek_temp1_chat,budget_02,run_05,0.186047,0.4,0.253968,0.85561,0.895247,0.87498,sentence-transformers/all-mpnet-base-v2,0.689114
MTG25,AlamedaCC_12172019_2019-7533,deepseek_temp1_chat,budget_03,run_01,0.148148,0.4,0.216216,0.86998,0.903444,0.886396,sentence-transformers/all-mpnet-base-v2,0.818266
MTG25,AlamedaCC_12172019_2019-7533,deepseek_temp1_chat,budget_03,run_02,0.217391,0.5,0.30303,0.872087,0.901109,0.88636,sentence-transformers/all-mpnet-base-v2,0.813413
MTG25,AlamedaCC_12172019_2019-7533,deepseek_temp1_chat,budget_03,run_03,0.132075,0.35,0.191781,0.857725,0.886142,0.871702,sentence-transformers/all-mpnet-base-v2,0.801508
MTG25,AlamedaCC_12172019_2019-7533,deepseek_temp1_chat,budget_03,run_04,0.125,0.35,0.184211,0.847351,0.875552,0.861221,sentence-transformers/all-mpnet-base-v2,0.765676
MTG25,AlamedaCC_12172019_2019-7533,deepseek_temp1_chat,budget_03,run_05,0.12,0.3,0.171429,0.851981,0.885599,0.868465,sentence-transformers/all-mpnet-base-v2,0.737392
MTG25,AlamedaCC_12172019_2019-7533,deepseek_temp1_chat,budget_06,run_01,0.104167,0.5,0.172414,0.843949,0.906455,0.874086,sentence-transformers/all-mpnet-base-v2,0.787677
MTG25,AlamedaCC_12172019_2019-7533,deepseek_temp1_chat,budget_06,run_02,0.142857,0.65,0.234234,0.850243,0.905122,0.876824,sentence-transformers/all-mpnet-base-v2,0.827936
MTG25,AlamedaCC_12172019_2019-7533,deepseek_temp1_chat,budget_06,run_03,0.123596,0.55,0.201835,0.850523,0.895506,0.872435,sentence-transformers/all-mpnet-base-v2,0.795059
MTG25,AlamedaCC_12172019_2019-7533,deepseek_temp1_chat,budget_06,run_04,0.086538,0.45,0.145161,0.823354,0.885534,0.853313,sentence-transformers/all-mpnet-base-v2,0.767457
MTG25,AlamedaCC_12172019_2019-7533,deepseek_temp1_chat,budget_06,run_05,0.089888,0.4,0.146789,0.848703,0.884821,0.866386,sentence-transformers/all-mpnet-base-v2,0.823775
MTG25,AlamedaCC_12172019_2019-7533,gemini_2_5_flash_lite,budget_02,run_01,0.37931,0.55,0.44898,0.896955,0.922647,0.90962,sentence-transformers/all-mpnet-base-v2,0.745765
MTG25,AlamedaCC_12172019_2019-7533,gemini_2_5_flash_lite,budget_02,run_02,0.264706,0.45,0.333333,0.889112,0.916312,0.902507,sentence-transformers/all-mpnet-base-v2,0.793743
MTG25,AlamedaCC_12172019_2019-7533,gemini_2_5_flash_lite,budget_02,run_03,0.290323,0.45,0.352941,0.883744,0.907585,0.895506,sentence-transformers/all-mpnet-base-v2,0.755951
MTG25,AlamedaCC_12172019_2019-7533,gemini_2_5_flash_lite,budget_02,run_04,0.25641,0.5,0.338983,0.886215,0.920223,0.902899,sentence-transformers/all-mpnet-base-v2,0.781802
MTG25,AlamedaCC_12172019_2019-7533,gemini_2_5_flash_lite,budget_02,run_05,0.225806,0.35,0.27451,0.898229,0.899251,0.89874,sentence-transformers/all-mpnet-base-v2,0.740515
MTG25,AlamedaCC_12172019_2019-7533,gemini_2_5_flash_lite,budget_03,run_01,0.196429,0.55,0.289474,0.887047,0.911122,0.898924,sentence-transformers/all-mpnet-base-v2,0.833461
MTG25,AlamedaCC_12172019_2019-7533,gemini_2_5_flash_lite,budget_03,run_02,0.166667,0.4,0.235294,0.873727,0.905826,0.889487,sentence-transformers/all-mpnet-base-v2,0.797396
MTG25,AlamedaCC_12172019_2019-7533,gemini_2_5_flash_lite,budget_03,run_03,0.226415,0.6,0.328767,0.881766,0.905395,0.893425,sentence-transformers/all-mpnet-base-v2,0.837858
MTG25,AlamedaCC_12172019_2019-7533,gemini_2_5_flash_lite,budget_03,run_04,0.285714,0.6,0.387097,0.888096,0.909143,0.898497,sentence-transformers/all-mpnet-base-v2,0.823634
MTG25,AlamedaCC_12172019_2019-7533,gemini_2_5_flash_lite,budget_03,run_05,0.285714,0.4,0.333333,0.898163,0.909749,0.903919,sentence-transformers/all-mpnet-base-v2,0.73402
MTG25,AlamedaCC_12172019_2019-7533,gemini_2_5_flash_lite,budget_06,run_01,0.134328,0.45,0.206897,0.86482,0.895673,0.879976,sentence-transformers/all-mpnet-base-v2,0.827807
MTG25,AlamedaCC_12172019_2019-7533,gemini_2_5_flash_lite,budget_06,run_02,0.180328,0.55,0.271605,0.878696,0.910585,0.894357,sentence-transformers/all-mpnet-base-v2,0.796118
MTG25,AlamedaCC_12172019_2019-7533,gemini_2_5_flash_lite,budget_06,run_03,0.126761,0.45,0.197802,0.86026,0.900516,0.879928,sentence-transformers/all-mpnet-base-v2,0.813445
MTG25,AlamedaCC_12172019_2019-7533,gemini_2_5_flash_lite,budget_06,run_04,0.119403,0.4,0.183908,0.855418,0.901727,0.877962,sentence-transformers/all-mpnet-base-v2,0.820222
MTG25,AlamedaCC_12172019_2019-7533,gemini_2_5_flash_lite,budget_06,run_05,0.15873,0.5,0.240964,0.860263,0.912062,0.885405,sentence-transformers/all-mpnet-base-v2,0.797866
MTG26,SeattleCityCouncil_07252016_Res 31683,deepseek_reasoning,budget_02,run_01,0.266667,0.097561,0.142857,0.863769,0.836673,0.850005,sentence-transformers/all-mpnet-base-v2,0.474048
MTG26,SeattleCityCouncil_07252016_Res 31683,deepseek_reasoning,budget_02,run_02,0.342857,0.146341,0.205128,0.879453,0.848872,0.863892,sentence-transformers/all-mpnet-base-v2,0.693367
MTG26,SeattleCityCouncil_07252016_Res 31683,deepseek_reasoning,budget_02,run_03,0.419355,0.158537,0.230088,0.877495,0.841807,0.859281,sentence-transformers/all-mpnet-base-v2,0.505974
MTG26,SeattleCityCouncil_07252016_Res 31683,deepseek_reasoning,budget_02,run_04,0.428571,0.146341,0.218182,0.867073,0.836164,0.851338,sentence-transformers/all-mpnet-base-v2,0.55685
MTG26,SeattleCityCouncil_07252016_Res 31683,deepseek_reasoning,budget_02,run_05,0.416667,0.121951,0.188679,0.876752,0.837408,0.856629,sentence-transformers/all-mpnet-base-v2,0.518098
MTG26,SeattleCityCouncil_07252016_Res 31683,deepseek_reasoning,budget_03,run_01,0.309524,0.158537,0.209677,0.874557,0.847328,0.860727,sentence-transformers/all-mpnet-base-v2,0.546813
MTG26,SeattleCityCouncil_07252016_Res 31683,deepseek_reasoning,budget_03,run_02,0.291667,0.170732,0.215385,0.853129,0.842586,0.847825,sentence-transformers/all-mpnet-base-v2,0.701069
MTG26,SeattleCityCouncil_07252016_Res 31683,deepseek_reasoning,budget_03,run_03,0.288136,0.207317,0.241135,0.872947,0.845669,0.859092,sentence-transformers/all-mpnet-base-v2,0.708148
MTG26,SeattleCityCouncil_07252016_Res 31683,deepseek_reasoning,budget_03,run_04,0.264151,0.170732,0.207407,0.868825,0.85192,0.86029,sentence-transformers/all-mpnet-base-v2,0.707739
MTG26,SeattleCityCouncil_07252016_Res 31683,deepseek_reasoning,budget_03,run_05,0.288889,0.158537,0.204724,0.862924,0.849145,0.855979,sentence-transformers/all-mpnet-base-v2,0.737633
MTG26,SeattleCityCouncil_07252016_Res 31683,deepseek_reasoning,budget_06,run_01,0.179775,0.195122,0.187135,0.829515,0.84505,0.83721,sentence-transformers/all-mpnet-base-v2,0.672762
MTG26,SeattleCityCouncil_07252016_Res 31683,deepseek_reasoning,budget_06,run_02,0.241379,0.256098,0.248521,0.855421,0.858901,0.857157,sentence-transformers/all-mpnet-base-v2,0.765718
MTG26,SeattleCityCouncil_07252016_Res 31683,deepseek_reasoning,budget_06,run_03,0.27907,0.292683,0.285714,0.859555,0.849816,0.854658,sentence-transformers/all-mpnet-base-v2,0.721233
MTG26,SeattleCityCouncil_07252016_Res 31683,deepseek_reasoning,budget_06,run_04,0.25,0.243902,0.246914,0.865216,0.856551,0.860861,sentence-transformers/all-mpnet-base-v2,0.770336
MTG26,SeattleCityCouncil_07252016_Res 31683,deepseek_reasoning,budget_06,run_05,0.217391,0.243902,0.229885,0.859153,0.849899,0.854501,sentence-transformers/all-mpnet-base-v2,0.767096
MTG26,SeattleCityCouncil_07252016_Res 31683,deepseek_temp1_chat,budget_02,run_01,0.324324,0.146341,0.201681,0.87448,0.847891,0.86098,sentence-transformers/all-mpnet-base-v2,0.687919
MTG26,SeattleCityCouncil_07252016_Res 31683,deepseek_temp1_chat,budget_02,run_02,0.351351,0.158537,0.218487,0.893768,0.852302,0.872543,sentence-transformers/all-mpnet-base-v2,0.73455
MTG26,SeattleCityCouncil_07252016_Res 31683,deepseek_temp1_chat,budget_02,run_03,0.285714,0.146341,0.193548,0.860837,0.845821,0.853263,sentence-transformers/all-mpnet-base-v2,0.696763
MTG26,SeattleCityCouncil_07252016_Res 31683,deepseek_temp1_chat,budget_02,run_04,0.358974,0.170732,0.231405,0.881463,0.847009,0.863893,sentence-transformers/all-mpnet-base-v2,0.731771
MTG26,SeattleCityCouncil_07252016_Res 31683,deepseek_temp1_chat,budget_02,run_05,0.285714,0.097561,0.145455,0.859434,0.829584,0.844245,sentence-transformers/all-mpnet-base-v2,0.430381
MTG26,SeattleCityCouncil_07252016_Res 31683,deepseek_temp1_chat,budget_03,run_01,0.240741,0.158537,0.191176,0.860671,0.842354,0.851414,sentence-transformers/all-mpnet-base-v2,0.628212
MTG26,SeattleCityCouncil_07252016_Res 31683,deepseek_temp1_chat,budget_03,run_02,0.307692,0.146341,0.198347,0.875984,0.845134,0.860283,sentence-transformers/all-mpnet-base-v2,0.591472
MTG26,SeattleCityCouncil_07252016_Res 31683,deepseek_temp1_chat,budget_03,run_03,0.319149,0.182927,0.232558,0.863773,0.847104,0.855357,sentence-transformers/all-mpnet-base-v2,0.589148
MTG26,SeattleCityCouncil_07252016_Res 31683,deepseek_temp1_chat,budget_03,run_04,0.35,0.170732,0.229508,0.869753,0.843476,0.856413,sentence-transformers/all-mpnet-base-v2,0.526318
MTG26,SeattleCityCouncil_07252016_Res 31683,deepseek_temp1_chat,budget_03,run_05,0.309524,0.158537,0.209677,0.865321,0.84005,0.852498,sentence-transformers/all-mpnet-base-v2,0.571949
MTG26,SeattleCityCouncil_07252016_Res 31683,deepseek_temp1_chat,budget_06,run_01,0.222222,0.219512,0.220859,0.864658,0.853209,0.858895,sentence-transformers/all-mpnet-base-v2,0.72669
MTG26,SeattleCityCouncil_07252016_Res 31683,deepseek_temp1_chat,budget_06,run_02,0.204819,0.207317,0.206061,0.854723,0.850572,0.852642,sentence-transformers/all-mpnet-base-v2,0.794638
MTG26,SeattleCityCouncil_07252016_Res 31683,deepseek_temp1_chat,budget_06,run_03,0.244186,0.256098,0.25,0.860592,0.85145,0.855996,sentence-transformers/all-mpnet-base-v2,0.712827
MTG26,SeattleCityCouncil_07252016_Res 31683,deepseek_temp1_chat,budget_06,run_04,0.253012,0.256098,0.254545,0.87677,0.866065,0.871385,sentence-transformers/all-mpnet-base-v2,0.748042
MTG26,SeattleCityCouncil_07252016_Res 31683,deepseek_temp1_chat,budget_06,run_05,0.243902,0.243902,0.243902,0.859355,0.853976,0.856657,sentence-transformers/all-mpnet-base-v2,0.764721
MTG26,SeattleCityCouncil_07252016_Res 31683,gemini_2_5_flash_lite,budget_02,run_01,0.276596,0.158537,0.20155,0.873744,0.851389,0.862422,sentence-transformers/all-mpnet-base-v2,0.705937
MTG26,SeattleCityCouncil_07252016_Res 31683,gemini_2_5_flash_lite,budget_02,run_02,0.351351,0.158537,0.218487,0.873822,0.844187,0.858749,sentence-transformers/all-mpnet-base-v2,0.698777
MTG26,SeattleCityCouncil_07252016_Res 31683,gemini_2_5_flash_lite,budget_02,run_03,0.387097,0.146341,0.212389,0.893261,0.840852,0.866265,sentence-transformers/all-mpnet-base-v2,0.69613
MTG26,SeattleCityCouncil_07252016_Res 31683,gemini_2_5_flash_lite,budget_02,run_04,0.289474,0.134146,0.183333,0.894434,0.845869,0.869474,sentence-transformers/all-mpnet-base-v2,0.703857
MTG26,SeattleCityCouncil_07252016_Res 31683,gemini_2_5_flash_lite,budget_02,run_05,0.458333,0.134146,0.207547,0.904274,0.838221,0.869996,sentence-transformers/all-mpnet-base-v2,0.675969
MTG26,SeattleCityCouncil_07252016_Res 31683,gemini_2_5_flash_lite,budget_03,run_01,0.454545,0.182927,0.26087,0.891529,0.844264,0.867253,sentence-transformers/all-mpnet-base-v2,0.715876
MTG26,SeattleCityCouncil_07252016_Res 31683,gemini_2_5_flash_lite,budget_03,run_02,0.307692,0.146341,0.198347,0.883754,0.838725,0.86065,sentence-transformers/all-mpnet-base-v2,0.691373
MTG26,SeattleCityCouncil_07252016_Res 31683,gemini_2_5_flash_lite,budget_03,run_03,0.333333,0.158537,0.214876,0.886767,0.846198,0.866007,sentence-transformers/all-mpnet-base-v2,0.7163
MTG26,SeattleCityCouncil_07252016_Res 31683,gemini_2_5_flash_lite,budget_03,run_04,0.380952,0.195122,0.258065,0.877569,0.842883,0.859876,sentence-transformers/all-mpnet-base-v2,0.686872
MTG26,SeattleCityCouncil_07252016_Res 31683,gemini_2_5_flash_lite,budget_03,run_05,0.342857,0.146341,0.205128,0.903106,0.846356,0.87381,sentence-transformers/all-mpnet-base-v2,0.720214
MTG26,SeattleCityCouncil_07252016_Res 31683,gemini_2_5_flash_lite,budget_06,run_01,0.322034,0.231707,0.269504,0.873897,0.841984,0.857644,sentence-transformers/all-mpnet-base-v2,0.719591
MTG26,SeattleCityCouncil_07252016_Res 31683,gemini_2_5_flash_lite,budget_06,run_02,0.298246,0.207317,0.244604,0.871324,0.845169,0.858047,sentence-transformers/all-mpnet-base-v2,0.717882
MTG26,SeattleCityCouncil_07252016_Res 31683,gemini_2_5_flash_lite,budget_06,run_03,0.266667,0.195122,0.225352,0.875699,0.841584,0.858303,sentence-transformers/all-mpnet-base-v2,0.720426
MTG26,SeattleCityCouncil_07252016_Res 31683,gemini_2_5_flash_lite,budget_06,run_04,0.3,0.182927,0.227273,0.877609,0.838665,0.857695,sentence-transformers/all-mpnet-base-v2,0.681202
MTG26,SeattleCityCouncil_07252016_Res 31683,gemini_2_5_flash_lite,budget_06,run_05,0.28125,0.219512,0.246575,0.872784,0.843093,0.857682,sentence-transformers/all-mpnet-base-v2,0.684871
MTG27,BostonCC_04132022_2022-0265,deepseek_reasoning,budget_02,run_01,0.212121,0.05,0.080925,0.850137,0.779998,0.813559,sentence-transformers/all-mpnet-base-v2,0.513284
MTG27,BostonCC_04132022_2022-0265,deepseek_reasoning,budget_02,run_02,0.235294,0.057143,0.091954,0.854574,0.777044,0.813967,sentence-transformers/all-mpnet-base-v2,0.505909
MTG27,BostonCC_04132022_2022-0265,deepseek_reasoning,budget_02,run_03,0.222222,0.057143,0.090909,0.846677,0.773968,0.808692,sentence-transformers/all-mpnet-base-v2,0.5044
MTG27,BostonCC_04132022_2022-0265,deepseek_reasoning,budget_02,run_04,0.15625,0.035714,0.05814,0.841049,0.765762,0.801642,sentence-transformers/all-mpnet-base-v2,0.491998
MTG27,BostonCC_04132022_2022-0265,deepseek_reasoning,budget_02,run_05,0.166667,0.035714,0.058824,0.848922,0.774396,0.809948,sentence-transformers/all-mpnet-base-v2,0.493723
MTG27,BostonCC_04132022_2022-0265,deepseek_reasoning,budget_03,run_01,0.153846,0.042857,0.067039,0.838154,0.772289,0.803875,sentence-transformers/all-mpnet-base-v2,0.491195
MTG27,BostonCC_04132022_2022-0265,deepseek_reasoning,budget_03,run_02,0.176471,0.042857,0.068966,0.850717,0.781537,0.814661,sentence-transformers/all-mpnet-base-v2,0.477983
MTG27,BostonCC_04132022_2022-0265,deepseek_reasoning,budget_03,run_03,0.18,0.064286,0.094737,0.851213,0.786132,0.817379,sentence-transformers/all-mpnet-base-v2,0.52982
MTG27,BostonCC_04132022_2022-0265,deepseek_reasoning,budget_03,run_04,0.191489,0.064286,0.096257,0.847001,0.785663,0.81518,sentence-transformers/all-mpnet-base-v2,0.537136
MTG27,BostonCC_04132022_2022-0265,deepseek_reasoning,budget_03,run_05,0.169811,0.064286,0.093264,0.840495,0.782382,0.810398,sentence-transformers/all-mpnet-base-v2,0.553025
MTG27,BostonCC_04132022_2022-0265,deepseek_reasoning,budget_06,run_01,0.146067,0.092857,0.113537,0.831802,0.77851,0.804274,sentence-transformers/all-mpnet-base-v2,0.538197
MTG27,BostonCC_04132022_2022-0265,deepseek_reasoning,budget_06,run_02,0.186667,0.1,0.130233,0.837861,0.785053,0.810598,sentence-transformers/all-mpnet-base-v2,0.563041
MTG27,BostonCC_04132022_2022-0265,deepseek_reasoning,budget_06,run_03,0.152381,0.114286,0.130612,0.834492,0.798016,0.815847,sentence-transformers/all-mpnet-base-v2,0.593856
MTG27,BostonCC_04132022_2022-0265,deepseek_reasoning,budget_06,run_04,0.146341,0.085714,0.108108,0.83188,0.783939,0.807198,sentence-transformers/all-mpnet-base-v2,0.552758
MTG27,BostonCC_04132022_2022-0265,deepseek_reasoning,budget_06,run_05,0.127451,0.092857,0.107438,0.817569,0.792649,0.804916,sentence-transformers/all-mpnet-base-v2,0.559505
MTG27,BostonCC_04132022_2022-0265,deepseek_temp1_chat,budget_02,run_01,0.194444,0.05,0.079545,0.852495,0.775912,0.812403,sentence-transformers/all-mpnet-base-v2,0.559566
MTG27,BostonCC_04132022_2022-0265,deepseek_temp1_chat,budget_02,run_02,0.166667,0.042857,0.068182,0.841535,0.774399,0.806573,sentence-transformers/all-mpnet-base-v2,0.504159
MTG27,BostonCC_04132022_2022-0265,deepseek_temp1_chat,budget_02,run_03,0.210526,0.057143,0.089888,0.846897,0.781104,0.812671,sentence-transformers/all-mpnet-base-v2,0.544654
MTG27,BostonCC_04132022_2022-0265,deepseek_temp1_chat,budget_02,run_04,0.216216,0.057143,0.090395,0.841182,0.770164,0.804108,sentence-transformers/all-mpnet-base-v2,0.522299
MTG27,BostonCC_04132022_2022-0265,deepseek_temp1_chat,budget_02,run_05,0.206897,0.042857,0.071006,0.85306,0.778149,0.813884,sentence-transformers/all-mpnet-base-v2,0.549459
MTG27,BostonCC_04132022_2022-0265,deepseek_temp1_chat,budget_03,run_01,0.188679,0.071429,0.103627,0.842756,0.777369,0.808743,sentence-transformers/all-mpnet-base-v2,0.557076
MTG27,BostonCC_04132022_2022-0265,deepseek_temp1_chat,budget_03,run_02,0.16129,0.035714,0.05848,0.849715,0.769534,0.807639,sentence-transformers/all-mpnet-base-v2,0.533646
MTG27,BostonCC_04132022_2022-0265,deepseek_temp1_chat,budget_03,run_03,0.162791,0.05,0.076503,0.848778,0.777285,0.81146,sentence-transformers/all-mpnet-base-v2,0.523841
MTG27,BostonCC_04132022_2022-0265,deepseek_temp1_chat,budget_03,run_04,0.122449,0.042857,0.063492,0.837059,0.775311,0.805003,sentence-transformers/all-mpnet-base-v2,0.496273
MTG27,BostonCC_04132022_2022-0265,deepseek_temp1_chat,budget_03,run_05,0.152174,0.05,0.075269,0.849994,0.784652,0.816017,sentence-transformers/all-mpnet-base-v2,0.536102
MTG27,BostonCC_04132022_2022-0265,deepseek_temp1_chat,budget_06,run_01,0.139241,0.078571,0.100457,0.822572,0.784166,0.80291,sentence-transformers/all-mpnet-base-v2,0.559829
MTG27,BostonCC_04132022_2022-0265,deepseek_temp1_chat,budget_06,run_02,0.144444,0.092857,0.113043,0.835702,0.787497,0.810884,sentence-transformers/all-mpnet-base-v2,0.559795
MTG27,BostonCC_04132022_2022-0265,deepseek_temp1_chat,budget_06,run_03,0.116071,0.092857,0.103175,0.828675,0.794387,0.811169,sentence-transformers/all-mpnet-base-v2,0.606347
MTG27,BostonCC_04132022_2022-0265,deepseek_temp1_chat,budget_06,run_04,0.151163,0.092857,0.115044,0.837614,0.786325,0.81116,sentence-transformers/all-mpnet-base-v2,0.514165
MTG27,BostonCC_04132022_2022-0265,deepseek_temp1_chat,budget_06,run_05,0.144737,0.078571,0.101852,0.845136,0.784903,0.813906,sentence-transformers/all-mpnet-base-v2,0.593724
MTG27,BostonCC_04132022_2022-0265,gemini_2_5_flash_lite,budget_02,run_01,0.205882,0.05,0.08046,0.844809,0.773659,0.80767,sentence-transformers/all-mpnet-base-v2,0.479342
MTG27,BostonCC_04132022_2022-0265,gemini_2_5_flash_lite,budget_02,run_02,0.166667,0.035714,0.058824,0.843119,0.765554,0.802467,sentence-transformers/all-mpnet-base-v2,0.392798
MTG27,BostonCC_04132022_2022-0265,gemini_2_5_flash_lite,budget_02,run_03,0.21875,0.05,0.081395,0.840294,0.763661,0.800147,sentence-transformers/all-mpnet-base-v2,0.507719
MTG27,BostonCC_04132022_2022-0265,gemini_2_5_flash_lite,budget_02,run_04,0.1875,0.042857,0.069767,0.850284,0.767317,0.806673,sentence-transformers/all-mpnet-base-v2,0.411091
MTG27,BostonCC_04132022_2022-0265,gemini_2_5_flash_lite,budget_02,run_05,0.181818,0.042857,0.069364,0.839828,0.771373,0.804146,sentence-transformers/all-mpnet-base-v2,0.423977
MTG27,BostonCC_04132022_2022-0265,gemini_2_5_flash_lite,budget_03,run_01,0.170732,0.05,0.077348,0.842913,0.762267,0.800564,sentence-transformers/all-mpnet-base-v2,0.379871
MTG27,BostonCC_04132022_2022-0265,gemini_2_5_flash_lite,budget_03,run_02,0.27027,0.071429,0.112994,0.848389,0.767695,0.806027,sentence-transformers/all-mpnet-base-v2,0.506516
MTG27,BostonCC_04132022_2022-0265,gemini_2_5_flash_lite,budget_03,run_03,0.2,0.05,0.08,0.85612,0.767359,0.809313,sentence-transformers/all-mpnet-base-v2,0.559831
MTG27,BostonCC_04132022_2022-0265,gemini_2_5_flash_lite,budget_03,run_04,0.152174,0.05,0.075269,0.841177,0.771491,0.804828,sentence-transformers/all-mpnet-base-v2,0.409344
MTG27,BostonCC_04132022_2022-0265,gemini_2_5_flash_lite,budget_03,run_05,0.235294,0.057143,0.091954,0.846554,0.767621,0.805158,sentence-transformers/all-mpnet-base-v2,0.534737
MTG27,BostonCC_04132022_2022-0265,gemini_2_5_flash_lite,budget_06,run_01,0.147541,0.064286,0.089552,0.838272,0.768523,0.801884,sentence-transformers/all-mpnet-base-v2,0.476526
MTG27,BostonCC_04132022_2022-0265,gemini_2_5_flash_lite,budget_06,run_02,0.147541,0.064286,0.089552,0.838019,0.767151,0.801021,sentence-transformers/all-mpnet-base-v2,0.466155
MTG27,BostonCC_04132022_2022-0265,gemini_2_5_flash_lite,budget_06,run_03,0.126984,0.057143,0.078818,0.831101,0.769304,0.799009,sentence-transformers/all-mpnet-base-v2,0.410984
MTG27,BostonCC_04132022_2022-0265,gemini_2_5_flash_lite,budget_06,run_04,0.176471,0.085714,0.115385,0.840154,0.772096,0.804689,sentence-transformers/all-mpnet-base-v2,0.526916
MTG27,BostonCC_04132022_2022-0265,gemini_2_5_flash_lite,budget_06,run_05,0.145161,0.064286,0.089109,0.839306,0.766968,0.801508,sentence-transformers/all-mpnet-base-v2,0.438951
MTG28,BostonCC_06292022_2022-0763,deepseek_reasoning,budget_02,run_01,0.277778,0.056818,0.09434,0.84452,0.792334,0.817595,sentence-transformers/all-mpnet-base-v2,0.507802
MTG28,BostonCC_06292022_2022-0763,deepseek_reasoning,budget_02,run_02,0.206897,0.034091,0.058537,0.84426,0.785582,0.813864,sentence-transformers/all-mpnet-base-v2,0.535702
MTG28,BostonCC_06292022_2022-0763,deepseek_reasoning,budget_02,run_03,0.25,0.045455,0.076923,0.843316,0.787895,0.814664,sentence-transformers/all-mpnet-base-v2,0.507882
MTG28,BostonCC_06292022_2022-0763,deepseek_reasoning,budget_02,run_04,0.228571,0.045455,0.075829,0.835068,0.793006,0.813494,sentence-transformers/all-mpnet-base-v2,0.489341
MTG28,BostonCC_06292022_2022-0763,deepseek_reasoning,budget_02,run_05,0.236842,0.051136,0.084112,0.840114,0.79587,0.817394,sentence-transformers/all-mpnet-base-v2,0.587296
MTG28,BostonCC_06292022_2022-0763,deepseek_reasoning,budget_03,run_01,0.244898,0.068182,0.106667,0.847044,0.801974,0.823893,sentence-transformers/all-mpnet-base-v2,0.656688
MTG28,BostonCC_06292022_2022-0763,deepseek_reasoning,budget_03,run_02,0.285714,0.079545,0.124444,0.844363,0.800436,0.821813,sentence-transformers/all-mpnet-base-v2,0.640253
MTG28,BostonCC_06292022_2022-0763,deepseek_reasoning,budget_03,run_03,0.288889,0.073864,0.117647,0.856228,0.798929,0.826587,sentence-transformers/all-mpnet-base-v2,0.542816
MTG28,BostonCC_06292022_2022-0763,deepseek_reasoning,budget_03,run_04,0.204082,0.056818,0.088889,0.851497,0.80245,0.826246,sentence-transformers/all-mpnet-base-v2,0.606235
MTG28,BostonCC_06292022_2022-0763,deepseek_reasoning,budget_03,run_05,0.294118,0.085227,0.132159,0.829054,0.802356,0.815486,sentence-transformers/all-mpnet-base-v2,0.631524
MTG28,BostonCC_06292022_2022-0763,deepseek_reasoning,budget_06,run_01,0.298701,0.130682,0.181818,0.827088,0.807254,0.817051,sentence-transformers/all-mpnet-base-v2,0.718043
MTG28,BostonCC_06292022_2022-0763,deepseek_reasoning,budget_06,run_02,0.227273,0.113636,0.151515,0.850185,0.811651,0.830471,sentence-transformers/all-mpnet-base-v2,0.634541
MTG28,BostonCC_06292022_2022-0763,deepseek_reasoning,budget_06,run_03,0.222222,0.090909,0.129032,0.823627,0.80439,0.813895,sentence-transformers/all-mpnet-base-v2,0.661271
MTG28,BostonCC_06292022_2022-0763,deepseek_reasoning,budget_06,run_04,0.275,0.125,0.171875,0.841218,0.809392,0.824998,sentence-transformers/all-mpnet-base-v2,0.65498
MTG28,BostonCC_06292022_2022-0763,deepseek_reasoning,budget_06,run_05,0.208791,0.107955,0.142322,0.844987,0.808089,0.826126,sentence-transformers/all-mpnet-base-v2,0.648622
MTG28,BostonCC_06292022_2022-0763,deepseek_temp1_chat,budget_02,run_01,0.225,0.051136,0.083333,0.829201,0.790296,0.809282,sentence-transformers/all-mpnet-base-v2,0.516204
MTG28,BostonCC_06292022_2022-0763,deepseek_temp1_chat,budget_02,run_02,0.25641,0.056818,0.093023,0.85495,0.798373,0.825693,sentence-transformers/all-mpnet-base-v2,0.519972
MTG28,BostonCC_06292022_2022-0763,deepseek_temp1_chat,budget_02,run_03,0.166667,0.034091,0.056604,0.829422,0.783359,0.805733,sentence-transformers/all-mpnet-base-v2,0.596463
MTG28,BostonCC_06292022_2022-0763,deepseek_temp1_chat,budget_02,run_04,0.289474,0.0625,0.102804,0.857734,0.802181,0.829028,sentence-transformers/all-mpnet-base-v2,0.549724
MTG28,BostonCC_06292022_2022-0763,deepseek_temp1_chat,budget_02,run_05,0.233333,0.039773,0.067961,0.8389,0.788102,0.812708,sentence-transformers/all-mpnet-base-v2,0.47444
MTG28,BostonCC_06292022_2022-0763,deepseek_temp1_chat,budget_03,run_01,0.244444,0.0625,0.099548,0.84981,0.798921,0.82358,sentence-transformers/all-mpnet-base-v2,0.561799
MTG28,BostonCC_06292022_2022-0763,deepseek_temp1_chat,budget_03,run_02,0.166667,0.051136,0.078261,0.838111,0.792911,0.814885,sentence-transformers/all-mpnet-base-v2,0.466381
MTG28,BostonCC_06292022_2022-0763,deepseek_temp1_chat,budget_03,run_03,0.203704,0.0625,0.095652,0.837308,0.798676,0.817536,sentence-transformers/all-mpnet-base-v2,0.57631
MTG28,BostonCC_06292022_2022-0763,deepseek_temp1_chat,budget_03,run_04,0.280702,0.090909,0.137339,0.84419,0.801565,0.822326,sentence-transformers/all-mpnet-base-v2,0.579889
MTG28,BostonCC_06292022_2022-0763,deepseek_temp1_chat,budget_03,run_05,0.189655,0.0625,0.094017,0.838735,0.799453,0.818623,sentence-transformers/all-mpnet-base-v2,0.570264
MTG28,BostonCC_06292022_2022-0763,deepseek_temp1_chat,budget_06,run_01,0.197917,0.107955,0.139706,0.843459,0.801659,0.822028,sentence-transformers/all-mpnet-base-v2,0.653594
MTG28,BostonCC_06292022_2022-0763,deepseek_temp1_chat,budget_06,run_02,0.216216,0.090909,0.128,0.824857,0.804014,0.814302,sentence-transformers/all-mpnet-base-v2,0.618711
MTG28,BostonCC_06292022_2022-0763,deepseek_temp1_chat,budget_06,run_03,0.208333,0.113636,0.147059,0.850176,0.816526,0.833011,sentence-transformers/all-mpnet-base-v2,0.647717
MTG28,BostonCC_06292022_2022-0763,deepseek_temp1_chat,budget_06,run_04,0.240964,0.113636,0.15444,0.844537,0.809249,0.826516,sentence-transformers/all-mpnet-base-v2,0.694945
MTG28,BostonCC_06292022_2022-0763,deepseek_temp1_chat,budget_06,run_05,0.190476,0.090909,0.123077,0.851646,0.807478,0.828974,sentence-transformers/all-mpnet-base-v2,0.681564
MTG28,BostonCC_06292022_2022-0763,gemini_2_5_flash_lite,budget_02,run_01,0.277778,0.056818,0.09434,0.857681,0.796723,0.826079,sentence-transformers/all-mpnet-base-v2,0.499071
MTG28,BostonCC_06292022_2022-0763,gemini_2_5_flash_lite,budget_02,run_02,0.305556,0.0625,0.103774,0.854425,0.798924,0.825743,sentence-transformers/all-mpnet-base-v2,0.535918
MTG28,BostonCC_06292022_2022-0763,gemini_2_5_flash_lite,budget_02,run_03,0.392857,0.0625,0.107843,0.858972,0.79196,0.824106,sentence-transformers/all-mpnet-base-v2,0.536692
MTG28,BostonCC_06292022_2022-0763,gemini_2_5_flash_lite,budget_02,run_04,0.263158,0.056818,0.093458,0.843126,0.784529,0.812773,sentence-transformers/all-mpnet-base-v2,0.511742
MTG28,BostonCC_06292022_2022-0763,gemini_2_5_flash_lite,budget_02,run_05,0.375,0.068182,0.115385,0.863163,0.798251,0.829439,sentence-transformers/all-mpnet-base-v2,0.552326
MTG28,BostonCC_06292022_2022-0763,gemini_2_5_flash_lite,budget_03,run_01,0.263158,0.056818,0.093458,0.858445,0.791601,0.823669,sentence-transformers/all-mpnet-base-v2,0.562143
MTG28,BostonCC_06292022_2022-0763,gemini_2_5_flash_lite,budget_03,run_02,0.314286,0.0625,0.104265,0.867035,0.799391,0.83184,sentence-transformers/all-mpnet-base-v2,0.622478
MTG28,BostonCC_06292022_2022-0763,gemini_2_5_flash_lite,budget_03,run_03,0.368421,0.079545,0.130841,0.870726,0.795428,0.831376,sentence-transformers/all-mpnet-base-v2,0.594723
MTG28,BostonCC_06292022_2022-0763,gemini_2_5_flash_lite,budget_03,run_04,0.285714,0.079545,0.124444,0.86869,0.806941,0.836678,sentence-transformers/all-mpnet-base-v2,0.619722
MTG28,BostonCC_06292022_2022-0763,gemini_2_5_flash_lite,budget_03,run_05,0.325581,0.079545,0.127854,0.860363,0.797787,0.827895,sentence-transformers/all-mpnet-base-v2,0.623464
MTG28,BostonCC_06292022_2022-0763,gemini_2_5_flash_lite,budget_06,run_01,0.236111,0.096591,0.137097,0.84363,0.799767,0.821113,sentence-transformers/all-mpnet-base-v2,0.628694
MTG28,BostonCC_06292022_2022-0763,gemini_2_5_flash_lite,budget_06,run_02,0.237288,0.079545,0.119149,0.863926,0.803407,0.832568,sentence-transformers/all-mpnet-base-v2,0.632647
MTG28,BostonCC_06292022_2022-0763,gemini_2_5_flash_lite,budget_06,run_03,0.230769,0.085227,0.124481,0.855435,0.807684,0.830874,sentence-transformers/all-mpnet-base-v2,0.696925
MTG28,BostonCC_06292022_2022-0763,gemini_2_5_flash_lite,budget_06,run_04,0.225352,0.090909,0.129555,0.849846,0.802514,0.825502,sentence-transformers/all-mpnet-base-v2,0.627885
MTG28,BostonCC_06292022_2022-0763,gemini_2_5_flash_lite,budget_06,run_05,0.233333,0.079545,0.118644,0.865788,0.80528,0.834438,sentence-transformers/all-mpnet-base-v2,0.668407
MTG29,BostonCC_05182022_2022-0643,deepseek_reasoning,budget_02,run_01,0.3125,0.212766,0.253165,0.87819,0.814204,0.844987,sentence-transformers/all-mpnet-base-v2,0.796971
MTG29,BostonCC_05182022_2022-0643,deepseek_reasoning,budget_02,run_02,0.375,0.191489,0.253521,0.895789,0.815418,0.853716,sentence-transformers/all-mpnet-base-v2,0.747793
MTG29,BostonCC_05182022_2022-0643,deepseek_reasoning,budget_02,run_03,0.366667,0.234043,0.285714,0.890643,0.819697,0.853699,sentence-transformers/all-mpnet-base-v2,0.816163
MTG29,BostonCC_05182022_2022-0643,deepseek_reasoning,budget_02,run_04,0.290323,0.191489,0.230769,0.887224,0.815789,0.850009,sentence-transformers/all-mpnet-base-v2,0.757889
MTG29,BostonCC_05182022_2022-0643,deepseek_reasoning,budget_02,run_05,0.243902,0.212766,0.227273,0.867817,0.816976,0.841629,sentence-transformers/all-mpnet-base-v2,0.795393
MTG29,BostonCC_05182022_2022-0643,deepseek_reasoning,budget_03,run_01,0.323529,0.234043,0.271605,0.872858,0.819345,0.845256,sentence-transformers/all-mpnet-base-v2,0.823472
MTG29,BostonCC_05182022_2022-0643,deepseek_reasoning,budget_03,run_02,0.243243,0.191489,0.214286,0.876835,0.81314,0.843787,sentence-transformers/all-mpnet-base-v2,0.79612
MTG29,BostonCC_05182022_2022-0643,deepseek_reasoning,budget_03,run_03,0.317073,0.276596,0.295455,0.871296,0.826107,0.8481,sentence-transformers/all-mpnet-base-v2,0.80818
MTG29,BostonCC_05182022_2022-0643,deepseek_reasoning,budget_03,run_04,0.25,0.255319,0.252632,0.867145,0.821655,0.843787,sentence-transformers/all-mpnet-base-v2,0.804848
MTG29,BostonCC_05182022_2022-0643,deepseek_reasoning,budget_03,run_05,0.307692,0.255319,0.27907,0.870277,0.825694,0.8474,sentence-transformers/all-mpnet-base-v2,0.828967
MTG29,BostonCC_05182022_2022-0643,deepseek_reasoning,budget_06,run_01,0.173913,0.340426,0.230216,0.850051,0.833955,0.841926,sentence-transformers/all-mpnet-base-v2,0.76764
MTG29,BostonCC_05182022_2022-0643,deepseek_reasoning,budget_06,run_02,0.164384,0.255319,0.2,0.857967,0.824894,0.841105,sentence-transformers/all-mpnet-base-v2,0.83622
MTG29,BostonCC_05182022_2022-0643,deepseek_reasoning,budget_06,run_03,0.197368,0.319149,0.243902,0.864213,0.842857,0.853402,sentence-transformers/all-mpnet-base-v2,0.786918
MTG29,BostonCC_05182022_2022-0643,deepseek_reasoning,budget_06,run_04,0.145833,0.297872,0.195804,0.850329,0.835051,0.842621,sentence-transformers/all-mpnet-base-v2,0.795936
MTG29,BostonCC_05182022_2022-0643,deepseek_reasoning,budget_06,run_05,0.150538,0.297872,0.2,0.858064,0.834838,0.846292,sentence-transformers/all-mpnet-base-v2,0.841946
MTG29,BostonCC_05182022_2022-0643,deepseek_temp1_chat,budget_02,run_01,0.277778,0.212766,0.240964,0.875937,0.814239,0.843962,sentence-transformers/all-mpnet-base-v2,0.827245
MTG29,BostonCC_05182022_2022-0643,deepseek_temp1_chat,budget_02,run_02,0.37037,0.212766,0.27027,0.890818,0.825781,0.857068,sentence-transformers/all-mpnet-base-v2,0.811448
MTG29,BostonCC_05182022_2022-0643,deepseek_temp1_chat,budget_02,run_03,0.242424,0.170213,0.2,0.86305,0.810919,0.836173,sentence-transformers/all-mpnet-base-v2,0.745494
MTG29,BostonCC_05182022_2022-0643,deepseek_temp1_chat,budget_02,run_04,0.333333,0.212766,0.25974,0.883018,0.824935,0.852989,sentence-transformers/all-mpnet-base-v2,0.767976
MTG29,BostonCC_05182022_2022-0643,deepseek_temp1_chat,budget_02,run_05,0.257143,0.191489,0.219512,0.873022,0.819929,0.845643,sentence-transformers/all-mpnet-base-v2,0.801951
MTG29,BostonCC_05182022_2022-0643,deepseek_temp1_chat,budget_03,run_01,0.235294,0.255319,0.244898,0.862243,0.827882,0.844713,sentence-transformers/all-mpnet-base-v2,0.773004
MTG29,BostonCC_05182022_2022-0643,deepseek_temp1_chat,budget_03,run_02,0.218182,0.255319,0.235294,0.853053,0.826642,0.83964,sentence-transformers/all-mpnet-base-v2,0.841076
MTG29,BostonCC_05182022_2022-0643,deepseek_temp1_chat,budget_03,run_03,0.244444,0.234043,0.23913,0.867289,0.832254,0.84941,sentence-transformers/all-mpnet-base-v2,0.826795
MTG29,BostonCC_05182022_2022-0643,deepseek_temp1_chat,budget_03,run_04,0.185185,0.212766,0.19802,0.850322,0.821894,0.835866,sentence-transformers/all-mpnet-base-v2,0.775774
MTG29,BostonCC_05182022_2022-0643,deepseek_temp1_chat,budget_03,run_05,0.229167,0.234043,0.231579,0.853571,0.827538,0.840353,sentence-transformers/all-mpnet-base-v2,0.796654
MTG29,BostonCC_05182022_2022-0643,deepseek_temp1_chat,budget_06,run_01,0.197368,0.319149,0.243902,0.839095,0.824824,0.831899,sentence-transformers/all-mpnet-base-v2,0.848723
MTG29,BostonCC_05182022_2022-0643,deepseek_temp1_chat,budget_06,run_02,0.181818,0.340426,0.237037,0.854218,0.834881,0.844439,sentence-transformers/all-mpnet-base-v2,0.806718
MTG29,BostonCC_05182022_2022-0643,deepseek_temp1_chat,budget_06,run_03,0.202532,0.340426,0.253968,0.85486,0.834926,0.844775,sentence-transformers/all-mpnet-base-v2,0.823818
MTG29,BostonCC_05182022_2022-0643,deepseek_temp1_chat,budget_06,run_04,0.192308,0.319149,0.24,0.85906,0.836641,0.847702,sentence-transformers/all-mpnet-base-v2,0.827296
MTG29,BostonCC_05182022_2022-0643,deepseek_temp1_chat,budget_06,run_05,0.170455,0.319149,0.222222,0.853879,0.833612,0.843624,sentence-transformers/all-mpnet-base-v2,0.838433
MTG29,BostonCC_05182022_2022-0643,gemini_2_5_flash_lite,budget_02,run_01,0.333333,0.191489,0.243243,0.882671,0.820528,0.850466,sentence-transformers/all-mpnet-base-v2,0.757334
MTG29,BostonCC_05182022_2022-0643,gemini_2_5_flash_lite,budget_02,run_02,0.3125,0.212766,0.253165,0.880267,0.821227,0.849723,sentence-transformers/all-mpnet-base-v2,0.776611
MTG29,BostonCC_05182022_2022-0643,gemini_2_5_flash_lite,budget_02,run_03,0.193548,0.12766,0.153846,0.863447,0.816251,0.839186,sentence-transformers/all-mpnet-base-v2,0.61111
MTG29,BostonCC_05182022_2022-0643,gemini_2_5_flash_lite,budget_02,run_04,0.28125,0.191489,0.227848,0.881374,0.819524,0.849324,sentence-transformers/all-mpnet-base-v2,0.806027
MTG29,BostonCC_05182022_2022-0643,gemini_2_5_flash_lite,budget_02,run_05,0.30303,0.212766,0.25,0.882453,0.813521,0.846586,sentence-transformers/all-mpnet-base-v2,0.718608
MTG29,BostonCC_05182022_2022-0643,gemini_2_5_flash_lite,budget_03,run_01,0.322581,0.212766,0.25641,0.874756,0.808872,0.840525,sentence-transformers/all-mpnet-base-v2,0.731174
MTG29,BostonCC_05182022_2022-0643,gemini_2_5_flash_lite,budget_03,run_02,0.30303,0.212766,0.25,0.87622,0.820636,0.847517,sentence-transformers/all-mpnet-base-v2,0.794264
MTG29,BostonCC_05182022_2022-0643,gemini_2_5_flash_lite,budget_03,run_03,0.366667,0.234043,0.285714,0.887956,0.822009,0.85371,sentence-transformers/all-mpnet-base-v2,0.814003
MTG29,BostonCC_05182022_2022-0643,gemini_2_5_flash_lite,budget_03,run_04,0.366667,0.234043,0.285714,0.875203,0.815576,0.844338,sentence-transformers/all-mpnet-base-v2,0.801698
MTG29,BostonCC_05182022_2022-0643,gemini_2_5_flash_lite,budget_03,run_05,0.392857,0.234043,0.293333,0.888195,0.816032,0.850586,sentence-transformers/all-mpnet-base-v2,0.802394
MTG29,BostonCC_05182022_2022-0643,gemini_2_5_flash_lite,budget_06,run_01,0.177419,0.234043,0.201835,0.865278,0.816043,0.83994,sentence-transformers/all-mpnet-base-v2,0.76993
MTG29,BostonCC_05182022_2022-0643,gemini_2_5_flash_lite,budget_06,run_02,0.20339,0.255319,0.226415,0.857462,0.81518,0.835787,sentence-transformers/all-mpnet-base-v2,0.812414
MTG29,BostonCC_05182022_2022-0643,gemini_2_5_flash_lite,budget_06,run_03,0.166667,0.212766,0.186916,0.868608,0.814861,0.840877,sentence-transformers/all-mpnet-base-v2,0.771414
MTG29,BostonCC_05182022_2022-0643,gemini_2_5_flash_lite,budget_06,run_04,0.218182,0.255319,0.235294,0.857372,0.820793,0.838684,sentence-transformers/all-mpnet-base-v2,0.817113
MTG29,BostonCC_05182022_2022-0643,gemini_2_5_flash_lite,budget_06,run_05,0.169492,0.212766,0.188679,0.865064,0.821265,0.842596,sentence-transformers/all-mpnet-base-v2,0.778977
MTG30,DenverCityCouncil_09232019_19-0776,deepseek_reasoning,budget_02,run_01,0.210526,0.109589,0.144144,0.855579,0.80532,0.829689,sentence-transformers/all-mpnet-base-v2,0.49415
MTG30,DenverCityCouncil_09232019_19-0776,deepseek_reasoning,budget_02,run_02,0.133333,0.054795,0.07767,0.840579,0.793432,0.816325,sentence-transformers/all-mpnet-base-v2,0.410615
MTG30,DenverCityCouncil_09232019_19-0776,deepseek_reasoning,budget_02,run_03,0.15625,0.068493,0.095238,0.846873,0.782266,0.813289,sentence-transformers/all-mpnet-base-v2,0.363825
MTG30,DenverCityCouncil_09232019_19-0776,deepseek_reasoning,budget_02,run_04,0.166667,0.09589,0.121739,0.851906,0.80504,0.82781,sentence-transformers/all-mpnet-base-v2,0.557066
MTG30,DenverCityCouncil_09232019_19-0776,deepseek_reasoning,budget_02,run_05,0.151515,0.068493,0.09434,0.84706,0.800082,0.822901,sentence-transformers/all-mpnet-base-v2,0.556948
MTG30,DenverCityCouncil_09232019_19-0776,deepseek_reasoning,budget_03,run_01,0.163636,0.123288,0.140625,0.823767,0.799887,0.811651,sentence-transformers/all-mpnet-base-v2,0.541433
MTG30,DenverCityCouncil_09232019_19-0776,deepseek_reasoning,budget_03,run_02,0.153846,0.082192,0.107143,0.830986,0.788375,0.80912,sentence-transformers/all-mpnet-base-v2,0.369036
MTG30,DenverCityCouncil_09232019_19-0776,deepseek_reasoning,budget_03,run_03,0.170213,0.109589,0.133333,0.824594,0.796723,0.810419,sentence-transformers/all-mpnet-base-v2,0.48953
MTG30,DenverCityCouncil_09232019_19-0776,deepseek_reasoning,budget_03,run_04,0.224138,0.178082,0.198473,0.840405,0.812186,0.826054,sentence-transformers/all-mpnet-base-v2,0.608071
MTG30,DenverCityCouncil_09232019_19-0776,deepseek_reasoning,budget_03,run_05,0.128205,0.068493,0.089286,0.818181,0.788807,0.803225,sentence-transformers/all-mpnet-base-v2,0.4412
MTG30,DenverCityCouncil_09232019_19-0776,deepseek_reasoning,budget_06,run_01,0.126437,0.150685,0.1375,0.827448,0.804186,0.815651,sentence-transformers/all-mpnet-base-v2,0.555525
MTG30,DenverCityCouncil_09232019_19-0776,deepseek_reasoning,budget_06,run_02,0.120879,0.150685,0.134146,0.813681,0.803595,0.808606,sentence-transformers/all-mpnet-base-v2,0.578889
MTG30,DenverCityCouncil_09232019_19-0776,deepseek_reasoning,budget_06,run_03,0.136364,0.164384,0.149068,0.825515,0.800986,0.813066,sentence-transformers/all-mpnet-base-v2,0.518443
MTG30,DenverCityCouncil_09232019_19-0776,deepseek_reasoning,budget_06,run_04,0.157303,0.191781,0.17284,0.824862,0.805949,0.815296,sentence-transformers/all-mpnet-base-v2,0.541243
MTG30,DenverCityCouncil_09232019_19-0776,deepseek_reasoning,budget_06,run_05,0.114943,0.136986,0.125,0.808041,0.797157,0.802562,sentence-transformers/all-mpnet-base-v2,0.484009
MTG30,DenverCityCouncil_09232019_19-0776,deepseek_temp1_chat,budget_02,run_01,0.210526,0.109589,0.144144,0.845795,0.805621,0.825219,sentence-transformers/all-mpnet-base-v2,0.553801
MTG30,DenverCityCouncil_09232019_19-0776,deepseek_temp1_chat,budget_02,run_02,0.205882,0.09589,0.130841,0.829896,0.801665,0.815536,sentence-transformers/all-mpnet-base-v2,0.4866
MTG30,DenverCityCouncil_09232019_19-0776,deepseek_temp1_chat,budget_02,run_03,0.190476,0.109589,0.13913,0.847877,0.802562,0.824597,sentence-transformers/all-mpnet-base-v2,0.492764
MTG30,DenverCityCouncil_09232019_19-0776,deepseek_temp1_chat,budget_02,run_04,0.129032,0.054795,0.076923,0.827655,0.786314,0.806455,sentence-transformers/all-mpnet-base-v2,0.370837
MTG30,DenverCityCouncil_09232019_19-0776,deepseek_temp1_chat,budget_02,run_05,0.148936,0.09589,0.116667,0.831198,0.787439,0.808727,sentence-transformers/all-mpnet-base-v2,0.517882
MTG30,DenverCityCouncil_09232019_19-0776,deepseek_temp1_chat,budget_03,run_01,0.203704,0.150685,0.173228,0.826271,0.799347,0.812586,sentence-transformers/all-mpnet-base-v2,0.54967
MTG30,DenverCityCouncil_09232019_19-0776,deepseek_temp1_chat,budget_03,run_02,0.181818,0.164384,0.172662,0.833089,0.798863,0.815617,sentence-transformers/all-mpnet-base-v2,0.489537
MTG30,DenverCityCouncil_09232019_19-0776,deepseek_temp1_chat,budget_03,run_03,0.166667,0.136986,0.150376,0.838771,0.806536,0.822337,sentence-transformers/all-mpnet-base-v2,0.537022
MTG30,DenverCityCouncil_09232019_19-0776,deepseek_temp1_chat,budget_03,run_04,0.186441,0.150685,0.166667,0.835679,0.800746,0.81784,sentence-transformers/all-mpnet-base-v2,0.536122
MTG30,DenverCityCouncil_09232019_19-0776,deepseek_temp1_chat,budget_03,run_05,0.192308,0.136986,0.16,0.836295,0.80322,0.819424,sentence-transformers/all-mpnet-base-v2,0.538053
MTG30,DenverCityCouncil_09232019_19-0776,deepseek_temp1_chat,budget_06,run_01,0.166667,0.178082,0.172185,0.819094,0.801619,0.810262,sentence-transformers/all-mpnet-base-v2,0.592754
MTG30,DenverCityCouncil_09232019_19-0776,deepseek_temp1_chat,budget_06,run_02,0.171053,0.178082,0.174497,0.824462,0.805081,0.814656,sentence-transformers/all-mpnet-base-v2,0.555342
MTG30,DenverCityCouncil_09232019_19-0776,deepseek_temp1_chat,budget_06,run_03,0.15,0.164384,0.156863,0.830045,0.801535,0.815541,sentence-transformers/all-mpnet-base-v2,0.546829
MTG30,DenverCityCouncil_09232019_19-0776,deepseek_temp1_chat,budget_06,run_04,0.154762,0.178082,0.165605,0.812005,0.800158,0.806038,sentence-transformers/all-mpnet-base-v2,0.510581
MTG30,DenverCityCouncil_09232019_19-0776,deepseek_temp1_chat,budget_06,run_05,0.113402,0.150685,0.129412,0.822933,0.807699,0.815245,sentence-transformers/all-mpnet-base-v2,0.526163
MTG30,DenverCityCouncil_09232019_19-0776,gemini_2_5_flash_lite,budget_02,run_01,0.266667,0.109589,0.15534,0.852091,0.801298,0.825915,sentence-transformers/all-mpnet-base-v2,0.488611
MTG30,DenverCityCouncil_09232019_19-0776,gemini_2_5_flash_lite,budget_02,run_02,0.257143,0.123288,0.166667,0.869429,0.813054,0.840297,sentence-transformers/all-mpnet-base-v2,0.534424
MTG30,DenverCityCouncil_09232019_19-0776,gemini_2_5_flash_lite,budget_02,run_03,0.243243,0.123288,0.163636,0.861502,0.806195,0.832931,sentence-transformers/all-mpnet-base-v2,0.501202
MTG30,DenverCityCouncil_09232019_19-0776,gemini_2_5_flash_lite,budget_02,run_04,0.222222,0.109589,0.146789,0.850631,0.803304,0.82629,sentence-transformers/all-mpnet-base-v2,0.465786
MTG30,DenverCityCouncil_09232019_19-0776,gemini_2_5_flash_lite,budget_02,run_05,0.228571,0.109589,0.148148,0.856202,0.804368,0.829476,sentence-transformers/all-mpnet-base-v2,0.461518
MTG30,DenverCityCouncil_09232019_19-0776,gemini_2_5_flash_lite,budget_03,run_01,0.309524,0.178082,0.226087,0.86283,0.808983,0.835039,sentence-transformers/all-mpnet-base-v2,0.542507
MTG30,DenverCityCouncil_09232019_19-0776,gemini_2_5_flash_lite,budget_03,run_02,0.114286,0.054795,0.074074,0.854623,0.800478,0.826665,sentence-transformers/all-mpnet-base-v2,0.473815
MTG30,DenverCityCouncil_09232019_19-0776,gemini_2_5_flash_lite,budget_03,run_03,0.184211,0.09589,0.126126,0.85479,0.797459,0.82513,sentence-transformers/all-mpnet-base-v2,0.497109
MTG30,DenverCityCouncil_09232019_19-0776,gemini_2_5_flash_lite,budget_03,run_04,0.25,0.136986,0.176991,0.867361,0.811081,0.838278,sentence-transformers/all-mpnet-base-v2,0.648393
MTG30,DenverCityCouncil_09232019_19-0776,gemini_2_5_flash_lite,budget_03,run_05,0.232558,0.136986,0.172414,0.852667,0.804206,0.827728,sentence-transformers/all-mpnet-base-v2,0.540703
MTG30,DenverCityCouncil_09232019_19-0776,gemini_2_5_flash_lite,budget_06,run_01,0.164384,0.164384,0.164384,0.842953,0.809803,0.826046,sentence-transformers/all-mpnet-base-v2,0.511946
MTG30,DenverCityCouncil_09232019_19-0776,gemini_2_5_flash_lite,budget_06,run_02,0.188679,0.136986,0.15873,0.852693,0.798318,0.82461,sentence-transformers/all-mpnet-base-v2,0.595748
MTG30,DenverCityCouncil_09232019_19-0776,gemini_2_5_flash_lite,budget_06,run_03,0.180328,0.150685,0.164179,0.837133,0.790168,0.812973,sentence-transformers/all-mpnet-base-v2,0.482658
MTG30,DenverCityCouncil_09232019_19-0776,gemini_2_5_flash_lite,budget_06,run_04,0.166667,0.150685,0.158273,0.839836,0.808031,0.823626,sentence-transformers/all-mpnet-base-v2,0.542196
MTG30,DenverCityCouncil_09232019_19-0776,gemini_2_5_flash_lite,budget_06,run_05,0.190476,0.164384,0.176471,0.845843,0.806259,0.825577,sentence-transformers/all-mpnet-base-v2,0.548874
MTG31,LongBeachCC_03222016_16-0122,deepseek_reasoning,budget_02,run_01,0.222222,0.090909,0.129032,0.850819,0.797839,0.823478,sentence-transformers/all-mpnet-base-v2,0.384216
MTG31,LongBeachCC_03222016_16-0122,deepseek_reasoning,budget_02,run_02,0.148148,0.045455,0.069565,0.851334,0.793279,0.821282,sentence-transformers/all-mpnet-base-v2,0.318133
MTG31,LongBeachCC_03222016_16-0122,deepseek_reasoning,budget_02,run_03,0.2,0.045455,0.074074,0.870293,0.792446,0.829547,sentence-transformers/all-mpnet-base-v2,0.268721
MTG31,LongBeachCC_03222016_16-0122,deepseek_reasoning,budget_02,run_04,0.186047,0.090909,0.122137,0.84433,0.795158,0.819006,sentence-transformers/all-mpnet-base-v2,0.355305
MTG31,LongBeachCC_03222016_16-0122,deepseek_reasoning,budget_02,run_05,0.205882,0.079545,0.114754,0.859086,0.796802,0.826772,sentence-transformers/all-mpnet-base-v2,0.36473
MTG31,LongBeachCC_03222016_16-0122,deepseek_reasoning,budget_03,run_01,0.190476,0.136364,0.15894,0.851255,0.810976,0.830628,sentence-transformers/all-mpnet-base-v2,0.617795
MTG31,LongBeachCC_03222016_16-0122,deepseek_reasoning,budget_03,run_02,0.137255,0.079545,0.100719,0.85135,0.799724,0.82473,sentence-transformers/all-mpnet-base-v2,0.416758
MTG31,LongBeachCC_03222016_16-0122,deepseek_reasoning,budget_03,run_03,0.142857,0.079545,0.10219,0.844933,0.799801,0.821748,sentence-transformers/all-mpnet-base-v2,0.380311
MTG31,LongBeachCC_03222016_16-0122,deepseek_reasoning,budget_03,run_04,0.1875,0.102273,0.132353,0.840687,0.800165,0.819926,sentence-transformers/all-mpnet-base-v2,0.453284
MTG31,LongBeachCC_03222016_16-0122,deepseek_reasoning,budget_03,run_05,0.131148,0.090909,0.107383,0.84851,0.80453,0.825935,sentence-transformers/all-mpnet-base-v2,0.612213
MTG31,LongBeachCC_03222016_16-0122,deepseek_reasoning,budget_06,run_01,0.172414,0.170455,0.171429,0.830375,0.811593,0.820876,sentence-transformers/all-mpnet-base-v2,0.6057
MTG31,LongBeachCC_03222016_16-0122,deepseek_reasoning,budget_06,run_02,0.142857,0.159091,0.150538,0.830488,0.807949,0.819063,sentence-transformers/all-mpnet-base-v2,0.622433
MTG31,LongBeachCC_03222016_16-0122,deepseek_reasoning,budget_06,run_03,0.171053,0.147727,0.158537,0.843841,0.809557,0.826344,sentence-transformers/all-mpnet-base-v2,0.584453
MTG31,LongBeachCC_03222016_16-0122,deepseek_reasoning,budget_06,run_04,0.125,0.125,0.125,0.829362,0.796063,0.812371,sentence-transformers/all-mpnet-base-v2,0.448228
MTG31,LongBeachCC_03222016_16-0122,deepseek_reasoning,budget_06,run_05,0.142857,0.136364,0.139535,0.842635,0.809905,0.825946,sentence-transformers/all-mpnet-base-v2,0.634496
MTG31,LongBeachCC_03222016_16-0122,deepseek_temp1_chat,budget_02,run_01,0.21875,0.079545,0.116667,0.85044,0.792152,0.820262,sentence-transformers/all-mpnet-base-v2,0.356887
MTG31,LongBeachCC_03222016_16-0122,deepseek_temp1_chat,budget_02,run_02,0.142857,0.045455,0.068966,0.848426,0.794563,0.820611,sentence-transformers/all-mpnet-base-v2,0.402687
MTG31,LongBeachCC_03222016_16-0122,deepseek_temp1_chat,budget_02,run_03,0.2,0.056818,0.088496,0.863797,0.793566,0.827194,sentence-transformers/all-mpnet-base-v2,0.319335
MTG31,LongBeachCC_03222016_16-0122,deepseek_temp1_chat,budget_02,run_04,0.157895,0.068182,0.095238,0.862488,0.803896,0.832162,sentence-transformers/all-mpnet-base-v2,0.583109
MTG31,LongBeachCC_03222016_16-0122,deepseek_temp1_chat,budget_02,run_05,0.185185,0.056818,0.086957,0.852262,0.795765,0.823045,sentence-transformers/all-mpnet-base-v2,0.343762
MTG31,LongBeachCC_03222016_16-0122,deepseek_temp1_chat,budget_03,run_01,0.142857,0.068182,0.092308,0.834705,0.793376,0.813516,sentence-transformers/all-mpnet-base-v2,0.341357
MTG31,LongBeachCC_03222016_16-0122,deepseek_temp1_chat,budget_03,run_02,0.181818,0.113636,0.13986,0.842887,0.805876,0.823966,sentence-transformers/all-mpnet-base-v2,0.638983
MTG31,LongBeachCC_03222016_16-0122,deepseek_temp1_chat,budget_03,run_03,0.131148,0.090909,0.107383,0.838162,0.798961,0.818092,sentence-transformers/all-mpnet-base-v2,0.385296
MTG31,LongBeachCC_03222016_16-0122,deepseek_temp1_chat,budget_03,run_04,0.214286,0.102273,0.138462,0.852017,0.80456,0.827609,sentence-transformers/all-mpnet-base-v2,0.525285
MTG31,LongBeachCC_03222016_16-0122,deepseek_temp1_chat,budget_03,run_05,0.138889,0.056818,0.080645,0.849826,0.793861,0.820891,sentence-transformers/all-mpnet-base-v2,0.344622
MTG31,LongBeachCC_03222016_16-0122,deepseek_temp1_chat,budget_06,run_01,0.149425,0.147727,0.148571,0.836259,0.807874,0.821821,sentence-transformers/all-mpnet-base-v2,0.565617
MTG31,LongBeachCC_03222016_16-0122,deepseek_temp1_chat,budget_06,run_02,0.119403,0.090909,0.103226,0.8296,0.795361,0.81212,sentence-transformers/all-mpnet-base-v2,0.40921
MTG31,LongBeachCC_03222016_16-0122,deepseek_temp1_chat,budget_06,run_03,0.166667,0.170455,0.168539,0.842637,0.807728,0.824813,sentence-transformers/all-mpnet-base-v2,0.599065
MTG31,LongBeachCC_03222016_16-0122,deepseek_temp1_chat,budget_06,run_04,0.151515,0.170455,0.160428,0.827093,0.809257,0.818078,sentence-transformers/all-mpnet-base-v2,0.620586
MTG31,LongBeachCC_03222016_16-0122,deepseek_temp1_chat,budget_06,run_05,0.126126,0.159091,0.140704,0.823757,0.807713,0.815656,sentence-transformers/all-mpnet-base-v2,0.554178
MTG31,LongBeachCC_03222016_16-0122,gemini_2_5_flash_lite,budget_02,run_01,0.194444,0.079545,0.112903,0.856528,0.802775,0.828781,sentence-transformers/all-mpnet-base-v2,0.602788
MTG31,LongBeachCC_03222016_16-0122,gemini_2_5_flash_lite,budget_02,run_02,0.230769,0.068182,0.105263,0.853073,0.792968,0.821923,sentence-transformers/all-mpnet-base-v2,0.416071
MTG31,LongBeachCC_03222016_16-0122,gemini_2_5_flash_lite,budget_02,run_03,0.315789,0.136364,0.190476,0.856267,0.804015,0.829319,sentence-transformers/all-mpnet-base-v2,0.524848
MTG31,LongBeachCC_03222016_16-0122,gemini_2_5_flash_lite,budget_02,run_04,0.1875,0.068182,0.1,0.85593,0.800374,0.82722,sentence-transformers/all-mpnet-base-v2,0.565203
MTG31,LongBeachCC_03222016_16-0122,gemini_2_5_flash_lite,budget_02,run_05,0.21875,0.079545,0.116667,0.864189,0.802231,0.832058,sentence-transformers/all-mpnet-base-v2,0.563559
MTG31,LongBeachCC_03222016_16-0122,gemini_2_5_flash_lite,budget_03,run_01,0.21875,0.079545,0.116667,0.862209,0.795909,0.827734,sentence-transformers/all-mpnet-base-v2,0.556278
MTG31,LongBeachCC_03222016_16-0122,gemini_2_5_flash_lite,budget_03,run_02,0.184211,0.079545,0.111111,0.867241,0.806618,0.835832,sentence-transformers/all-mpnet-base-v2,0.562007
MTG31,LongBeachCC_03222016_16-0122,gemini_2_5_flash_lite,budget_03,run_03,0.191489,0.102273,0.133333,0.856987,0.804159,0.829733,sentence-transformers/all-mpnet-base-v2,0.635489
MTG31,LongBeachCC_03222016_16-0122,gemini_2_5_flash_lite,budget_03,run_04,0.226415,0.136364,0.170213,0.854848,0.806066,0.829741,sentence-transformers/all-mpnet-base-v2,0.596146
MTG31,LongBeachCC_03222016_16-0122,gemini_2_5_flash_lite,budget_03,run_05,0.305556,0.125,0.177419,0.863134,0.800959,0.830885,sentence-transformers/all-mpnet-base-v2,0.48425
MTG31,LongBeachCC_03222016_16-0122,gemini_2_5_flash_lite,budget_06,run_01,0.180556,0.147727,0.1625,0.851403,0.807471,0.828855,sentence-transformers/all-mpnet-base-v2,0.651803
MTG31,LongBeachCC_03222016_16-0122,gemini_2_5_flash_lite,budget_06,run_02,0.15,0.102273,0.121622,0.855487,0.804156,0.829027,sentence-transformers/all-mpnet-base-v2,0.678125
MTG31,LongBeachCC_03222016_16-0122,gemini_2_5_flash_lite,budget_06,run_03,0.19403,0.147727,0.167742,0.857276,0.806829,0.831288,sentence-transformers/all-mpnet-base-v2,0.638367
MTG31,LongBeachCC_03222016_16-0122,gemini_2_5_flash_lite,budget_06,run_04,0.151899,0.136364,0.143713,0.85224,0.808964,0.830038,sentence-transformers/all-mpnet-base-v2,0.665823
MTG31,LongBeachCC_03222016_16-0122,gemini_2_5_flash_lite,budget_06,run_05,0.202899,0.159091,0.178344,0.853584,0.807236,0.829763,sentence-transformers/all-mpnet-base-v2,0.680763
MTG32,AlamedaCC_02212017_2017-3935,deepseek_reasoning,budget_02,run_01,0.311111,0.222222,0.259259,0.869713,0.855968,0.862786,sentence-transformers/all-mpnet-base-v2,0.626336
MTG32,AlamedaCC_02212017_2017-3935,deepseek_reasoning,budget_02,run_02,0.416667,0.238095,0.30303,0.876449,0.851538,0.863814,sentence-transformers/all-mpnet-base-v2,0.661718
MTG32,AlamedaCC_02212017_2017-3935,deepseek_reasoning,budget_02,run_03,0.378378,0.222222,0.28,0.872077,0.851567,0.8617,sentence-transformers/all-mpnet-base-v2,0.605214
MTG32,AlamedaCC_02212017_2017-3935,deepseek_reasoning,budget_02,run_04,0.352941,0.190476,0.247423,0.87269,0.85158,0.862006,sentence-transformers/all-mpnet-base-v2,0.62097
MTG32,AlamedaCC_02212017_2017-3935,deepseek_reasoning,budget_02,run_05,0.342105,0.206349,0.257426,0.881891,0.852511,0.866952,sentence-transformers/all-mpnet-base-v2,0.628606
MTG32,AlamedaCC_02212017_2017-3935,deepseek_reasoning,budget_03,run_01,0.321429,0.285714,0.302521,0.882194,0.865626,0.873831,sentence-transformers/all-mpnet-base-v2,0.713946
MTG32,AlamedaCC_02212017_2017-3935,deepseek_reasoning,budget_03,run_02,0.226415,0.190476,0.206897,0.865843,0.843175,0.854359,sentence-transformers/all-mpnet-base-v2,0.694882
MTG32,AlamedaCC_02212017_2017-3935,deepseek_reasoning,budget_03,run_03,0.22,0.174603,0.19469,0.866047,0.852809,0.859377,sentence-transformers/all-mpnet-base-v2,0.661284
MTG32,AlamedaCC_02212017_2017-3935,deepseek_reasoning,budget_03,run_04,0.296296,0.253968,0.273504,0.86815,0.853694,0.860862,sentence-transformers/all-mpnet-base-v2,0.628717
MTG32,AlamedaCC_02212017_2017-3935,deepseek_reasoning,budget_03,run_05,0.372549,0.301587,0.333333,0.890689,0.869669,0.880053,sentence-transformers/all-mpnet-base-v2,0.712478
MTG32,AlamedaCC_02212017_2017-3935,deepseek_reasoning,budget_06,run_01,0.182796,0.269841,0.217949,0.85345,0.859726,0.856577,sentence-transformers/all-mpnet-base-v2,0.775926
MTG32,AlamedaCC_02212017_2017-3935,deepseek_reasoning,budget_06,run_02,0.220588,0.238095,0.229008,0.866746,0.855745,0.86121,sentence-transformers/all-mpnet-base-v2,0.708495
MTG32,AlamedaCC_02212017_2017-3935,deepseek_reasoning,budget_06,run_03,0.170455,0.238095,0.198675,0.849567,0.852872,0.851216,sentence-transformers/all-mpnet-base-v2,0.716979
MTG32,AlamedaCC_02212017_2017-3935,deepseek_reasoning,budget_06,run_04,0.208791,0.301587,0.246753,0.865231,0.856544,0.860866,sentence-transformers/all-mpnet-base-v2,0.756526
MTG32,AlamedaCC_02212017_2017-3935,deepseek_reasoning,budget_06,run_05,0.181818,0.285714,0.222222,0.851727,0.846609,0.84916,sentence-transformers/all-mpnet-base-v2,0.694153
MTG32,AlamedaCC_02212017_2017-3935,deepseek_temp1_chat,budget_02,run_01,0.27027,0.15873,0.2,0.864913,0.838996,0.851757,sentence-transformers/all-mpnet-base-v2,0.654066
MTG32,AlamedaCC_02212017_2017-3935,deepseek_temp1_chat,budget_02,run_02,0.292683,0.190476,0.230769,0.875163,0.850911,0.862867,sentence-transformers/all-mpnet-base-v2,0.682523
MTG32,AlamedaCC_02212017_2017-3935,deepseek_temp1_chat,budget_02,run_03,0.384615,0.31746,0.347826,0.883011,0.868233,0.87556,sentence-transformers/all-mpnet-base-v2,0.662422
MTG32,AlamedaCC_02212017_2017-3935,deepseek_temp1_chat,budget_02,run_04,0.315789,0.190476,0.237624,0.869693,0.836064,0.852547,sentence-transformers/all-mpnet-base-v2,0.677897
MTG32,AlamedaCC_02212017_2017-3935,deepseek_temp1_chat,budget_02,run_05,0.342857,0.190476,0.244898,0.874847,0.844932,0.859629,sentence-transformers/all-mpnet-base-v2,0.656351
MTG32,AlamedaCC_02212017_2017-3935,deepseek_temp1_chat,budget_03,run_01,0.254902,0.206349,0.22807,0.878404,0.85098,0.864474,sentence-transformers/all-mpnet-base-v2,0.683377
MTG32,AlamedaCC_02212017_2017-3935,deepseek_temp1_chat,budget_03,run_02,0.189655,0.174603,0.181818,0.870317,0.860629,0.865446,sentence-transformers/all-mpnet-base-v2,0.674622
MTG32,AlamedaCC_02212017_2017-3935,deepseek_temp1_chat,budget_03,run_03,0.196078,0.15873,0.175439,0.866541,0.850288,0.858338,sentence-transformers/all-mpnet-base-v2,0.698285
MTG32,AlamedaCC_02212017_2017-3935,deepseek_temp1_chat,budget_03,run_04,0.370968,0.365079,0.368,0.887425,0.867075,0.877132,sentence-transformers/all-mpnet-base-v2,0.748637
MTG32,AlamedaCC_02212017_2017-3935,deepseek_temp1_chat,budget_03,run_05,0.244444,0.174603,0.203704,0.874304,0.841809,0.857749,sentence-transformers/all-mpnet-base-v2,0.707288
MTG32,AlamedaCC_02212017_2017-3935,deepseek_temp1_chat,budget_06,run_01,0.173469,0.269841,0.21118,0.86833,0.864472,0.866397,sentence-transformers/all-mpnet-base-v2,0.808507
MTG32,AlamedaCC_02212017_2017-3935,deepseek_temp1_chat,budget_06,run_02,0.178218,0.285714,0.219512,0.858359,0.854787,0.856569,sentence-transformers/all-mpnet-base-v2,0.78208
MTG32,AlamedaCC_02212017_2017-3935,deepseek_temp1_chat,budget_06,run_03,0.322222,0.460317,0.379085,0.872425,0.863681,0.868031,sentence-transformers/all-mpnet-base-v2,0.801352
MTG32,AlamedaCC_02212017_2017-3935,deepseek_temp1_chat,budget_06,run_04,0.175824,0.253968,0.207792,0.848973,0.83923,0.844074,sentence-transformers/all-mpnet-base-v2,0.684723
MTG32,AlamedaCC_02212017_2017-3935,deepseek_temp1_chat,budget_06,run_05,0.163265,0.253968,0.198758,0.849489,0.850231,0.84986,sentence-transformers/all-mpnet-base-v2,0.719666
MTG32,AlamedaCC_02212017_2017-3935,gemini_2_5_flash_lite,budget_02,run_01,0.351351,0.206349,0.26,0.868131,0.845644,0.85674,sentence-transformers/all-mpnet-base-v2,0.634786
MTG32,AlamedaCC_02212017_2017-3935,gemini_2_5_flash_lite,budget_02,run_02,0.368421,0.222222,0.277228,0.880362,0.848087,0.863923,sentence-transformers/all-mpnet-base-v2,0.616697
MTG32,AlamedaCC_02212017_2017-3935,gemini_2_5_flash_lite,budget_02,run_03,0.363636,0.190476,0.25,0.878655,0.844588,0.861285,sentence-transformers/all-mpnet-base-v2,0.637293
MTG32,AlamedaCC_02212017_2017-3935,gemini_2_5_flash_lite,budget_02,run_04,0.441176,0.238095,0.309278,0.882329,0.845801,0.863679,sentence-transformers/all-mpnet-base-v2,0.639215
MTG32,AlamedaCC_02212017_2017-3935,gemini_2_5_flash_lite,budget_02,run_05,0.647059,0.349206,0.453608,0.928714,0.872126,0.899531,sentence-transformers/all-mpnet-base-v2,0.724987
MTG32,AlamedaCC_02212017_2017-3935,gemini_2_5_flash_lite,budget_03,run_01,0.358974,0.222222,0.27451,0.881305,0.842327,0.861375,sentence-transformers/all-mpnet-base-v2,0.590602
MTG32,AlamedaCC_02212017_2017-3935,gemini_2_5_flash_lite,budget_03,run_02,0.645161,0.31746,0.425532,0.915349,0.862281,0.888023,sentence-transformers/all-mpnet-base-v2,0.68648
MTG32,AlamedaCC_02212017_2017-3935,gemini_2_5_flash_lite,budget_03,run_03,0.27907,0.190476,0.226415,0.879684,0.846802,0.86293,sentence-transformers/all-mpnet-base-v2,0.674775
MTG32,AlamedaCC_02212017_2017-3935,gemini_2_5_flash_lite,budget_03,run_04,0.428571,0.285714,0.342857,0.896218,0.857888,0.876634,sentence-transformers/all-mpnet-base-v2,0.707006
MTG32,AlamedaCC_02212017_2017-3935,gemini_2_5_flash_lite,budget_03,run_05,0.405405,0.238095,0.3,0.911093,0.860906,0.885289,sentence-transformers/all-mpnet-base-v2,0.755208
MTG32,AlamedaCC_02212017_2017-3935,gemini_2_5_flash_lite,budget_06,run_01,0.360656,0.349206,0.354839,0.881531,0.862793,0.872061,sentence-transformers/all-mpnet-base-v2,0.666237
MTG32,AlamedaCC_02212017_2017-3935,gemini_2_5_flash_lite,budget_06,run_02,0.3125,0.31746,0.314961,0.894468,0.859191,0.876475,sentence-transformers/all-mpnet-base-v2,0.751908
MTG32,AlamedaCC_02212017_2017-3935,gemini_2_5_flash_lite,budget_06,run_03,0.293103,0.269841,0.280992,0.88702,0.858897,0.872732,sentence-transformers/all-mpnet-base-v2,0.709841
MTG32,AlamedaCC_02212017_2017-3935,gemini_2_5_flash_lite,budget_06,run_04,0.305085,0.285714,0.295082,0.888494,0.855851,0.871867,sentence-transformers/all-mpnet-base-v2,0.705894
MTG32,AlamedaCC_02212017_2017-3935,gemini_2_5_flash_lite,budget_06,run_05,0.318182,0.333333,0.325581,0.877507,0.855216,0.866218,sentence-transformers/all-mpnet-base-v2,0.667448
MTG33,LongBeachCC_01262016_16-0069,deepseek_reasoning,budget_02,run_01,0.333333,0.086538,0.137405,0.876913,0.830015,0.85282,sentence-transformers/all-mpnet-base-v2,0.522034
MTG33,LongBeachCC_01262016_16-0069,deepseek_reasoning,budget_02,run_02,0.294118,0.096154,0.144928,0.875286,0.839488,0.857014,sentence-transformers/all-mpnet-base-v2,0.667934
MTG33,LongBeachCC_01262016_16-0069,deepseek_reasoning,budget_02,run_03,0.233333,0.067308,0.104478,0.864433,0.833318,0.84859,sentence-transformers/all-mpnet-base-v2,0.58468
MTG33,LongBeachCC_01262016_16-0069,deepseek_reasoning,budget_02,run_04,0.285714,0.076923,0.121212,0.876577,0.833593,0.854545,sentence-transformers/all-mpnet-base-v2,0.5663
MTG33,LongBeachCC_01262016_16-0069,deepseek_reasoning,budget_02,run_05,0.259259,0.067308,0.10687,0.881642,0.836219,0.85833,sentence-transformers/all-mpnet-base-v2,0.56928
MTG33,LongBeachCC_01262016_16-0069,deepseek_reasoning,budget_03,run_01,0.244444,0.105769,0.147651,0.863182,0.840725,0.851805,sentence-transformers/all-mpnet-base-v2,0.662623
MTG33,LongBeachCC_01262016_16-0069,deepseek_reasoning,budget_03,run_02,0.268293,0.105769,0.151724,0.879732,0.837845,0.858278,sentence-transformers/all-mpnet-base-v2,0.644498
MTG33,LongBeachCC_01262016_16-0069,deepseek_reasoning,budget_03,run_03,0.227273,0.096154,0.135135,0.877992,0.84503,0.861196,sentence-transformers/all-mpnet-base-v2,0.663117
MTG33,LongBeachCC_01262016_16-0069,deepseek_reasoning,budget_03,run_04,0.266667,0.115385,0.161074,0.852383,0.840725,0.846514,sentence-transformers/all-mpnet-base-v2,0.707904
MTG33,LongBeachCC_01262016_16-0069,deepseek_reasoning,budget_03,run_05,0.238095,0.096154,0.136986,0.873719,0.839907,0.856479,sentence-transformers/all-mpnet-base-v2,0.596072
MTG33,LongBeachCC_01262016_16-0069,deepseek_reasoning,budget_06,run_01,0.175,0.134615,0.152174,0.834126,0.835952,0.835038,sentence-transformers/all-mpnet-base-v2,0.664153
MTG33,LongBeachCC_01262016_16-0069,deepseek_reasoning,budget_06,run_02,0.148148,0.153846,0.150943,0.835075,0.841753,0.838401,sentence-transformers/all-mpnet-base-v2,0.68295
MTG33,LongBeachCC_01262016_16-0069,deepseek_reasoning,budget_06,run_03,0.153846,0.153846,0.153846,0.845765,0.853532,0.849631,sentence-transformers/all-mpnet-base-v2,0.575594
MTG33,LongBeachCC_01262016_16-0069,deepseek_reasoning,budget_06,run_04,0.172043,0.153846,0.162437,0.856289,0.8488,0.852528,sentence-transformers/all-mpnet-base-v2,0.642808
MTG33,LongBeachCC_01262016_16-0069,deepseek_reasoning,budget_06,run_05,0.157895,0.115385,0.133333,0.847836,0.835531,0.841639,sentence-transformers/all-mpnet-base-v2,0.609161
MTG33,LongBeachCC_01262016_16-0069,deepseek_temp1_chat,budget_02,run_01,0.208333,0.096154,0.131579,0.861553,0.84225,0.851792,sentence-transformers/all-mpnet-base-v2,0.61899
MTG33,LongBeachCC_01262016_16-0069,deepseek_temp1_chat,budget_02,run_02,0.176471,0.057692,0.086957,0.841723,0.826267,0.833924,sentence-transformers/all-mpnet-base-v2,0.547222
MTG33,LongBeachCC_01262016_16-0069,deepseek_temp1_chat,budget_02,run_03,0.25641,0.096154,0.13986,0.867587,0.832177,0.849513,sentence-transformers/all-mpnet-base-v2,0.52151
MTG33,LongBeachCC_01262016_16-0069,deepseek_temp1_chat,budget_02,run_04,0.173913,0.076923,0.106667,0.842631,0.83549,0.839045,sentence-transformers/all-mpnet-base-v2,0.510532
MTG33,LongBeachCC_01262016_16-0069,deepseek_temp1_chat,budget_02,run_05,0.307692,0.076923,0.123077,0.871459,0.830981,0.850739,sentence-transformers/all-mpnet-base-v2,0.618388
MTG33,LongBeachCC_01262016_16-0069,deepseek_temp1_chat,budget_03,run_01,0.173913,0.076923,0.106667,0.861123,0.834717,0.847715,sentence-transformers/all-mpnet-base-v2,0.642228
MTG33,LongBeachCC_01262016_16-0069,deepseek_temp1_chat,budget_03,run_02,0.222222,0.096154,0.134228,0.879604,0.844591,0.861742,sentence-transformers/all-mpnet-base-v2,0.668529
MTG33,LongBeachCC_01262016_16-0069,deepseek_temp1_chat,budget_03,run_03,0.289474,0.105769,0.15493,0.879608,0.834723,0.856578,sentence-transformers/all-mpnet-base-v2,0.618955
MTG33,LongBeachCC_01262016_16-0069,deepseek_temp1_chat,budget_03,run_04,0.1875,0.086538,0.118421,0.86221,0.836184,0.848998,sentence-transformers/all-mpnet-base-v2,0.525964
MTG33,LongBeachCC_01262016_16-0069,deepseek_temp1_chat,budget_03,run_05,0.209677,0.125,0.156627,0.865144,0.841228,0.853019,sentence-transformers/all-mpnet-base-v2,0.625361
MTG33,LongBeachCC_01262016_16-0069,deepseek_temp1_chat,budget_06,run_01,0.1625,0.125,0.141304,0.84567,0.834555,0.840076,sentence-transformers/all-mpnet-base-v2,0.593553
MTG33,LongBeachCC_01262016_16-0069,deepseek_temp1_chat,budget_06,run_02,0.194444,0.134615,0.159091,0.856834,0.83824,0.847435,sentence-transformers/all-mpnet-base-v2,0.652561
MTG33,LongBeachCC_01262016_16-0069,deepseek_temp1_chat,budget_06,run_03,0.136986,0.096154,0.112994,0.849155,0.835008,0.842022,sentence-transformers/all-mpnet-base-v2,0.60542
MTG33,LongBeachCC_01262016_16-0069,deepseek_temp1_chat,budget_06,run_04,0.172414,0.144231,0.157068,0.84332,0.842606,0.842963,sentence-transformers/all-mpnet-base-v2,0.58591
MTG33,LongBeachCC_01262016_16-0069,deepseek_temp1_chat,budget_06,run_05,0.164557,0.125,0.142077,0.849023,0.838121,0.843537,sentence-transformers/all-mpnet-base-v2,0.590447
MTG33,LongBeachCC_01262016_16-0069,gemini_2_5_flash_lite,budget_02,run_01,0.307692,0.076923,0.123077,0.890521,0.832829,0.86071,sentence-transformers/all-mpnet-base-v2,0.604616
MTG33,LongBeachCC_01262016_16-0069,gemini_2_5_flash_lite,budget_02,run_02,0.26087,0.057692,0.094488,0.879184,0.824762,0.851104,sentence-transformers/all-mpnet-base-v2,0.520857
MTG33,LongBeachCC_01262016_16-0069,gemini_2_5_flash_lite,budget_02,run_03,0.25,0.086538,0.128571,0.8754,0.835139,0.854796,sentence-transformers/all-mpnet-base-v2,0.619851
MTG33,LongBeachCC_01262016_16-0069,gemini_2_5_flash_lite,budget_02,run_04,0.333333,0.105769,0.160584,0.88107,0.84089,0.860511,sentence-transformers/all-mpnet-base-v2,0.618072
MTG33,LongBeachCC_01262016_16-0069,gemini_2_5_flash_lite,budget_02,run_05,0.272727,0.086538,0.131387,0.885596,0.837298,0.86077,sentence-transformers/all-mpnet-base-v2,0.645951
MTG33,LongBeachCC_01262016_16-0069,gemini_2_5_flash_lite,budget_03,run_01,0.24,0.115385,0.155844,0.871623,0.83726,0.854096,sentence-transformers/all-mpnet-base-v2,0.650547
MTG33,LongBeachCC_01262016_16-0069,gemini_2_5_flash_lite,budget_03,run_02,0.292683,0.115385,0.165517,0.886487,0.841058,0.863176,sentence-transformers/all-mpnet-base-v2,0.699802
MTG33,LongBeachCC_01262016_16-0069,gemini_2_5_flash_lite,budget_03,run_03,0.371429,0.125,0.18705,0.897057,0.842595,0.868974,sentence-transformers/all-mpnet-base-v2,0.700955
MTG33,LongBeachCC_01262016_16-0069,gemini_2_5_flash_lite,budget_03,run_04,0.34375,0.105769,0.161765,0.901807,0.844108,0.872004,sentence-transformers/all-mpnet-base-v2,0.748134
MTG33,LongBeachCC_01262016_16-0069,gemini_2_5_flash_lite,budget_03,run_05,0.26,0.125,0.168831,0.867498,0.837499,0.852235,sentence-transformers/all-mpnet-base-v2,0.700893
MTG33,LongBeachCC_01262016_16-0069,gemini_2_5_flash_lite,budget_06,run_01,0.238095,0.144231,0.179641,0.87225,0.850335,0.861153,sentence-transformers/all-mpnet-base-v2,0.713665
MTG33,LongBeachCC_01262016_16-0069,gemini_2_5_flash_lite,budget_06,run_02,0.253968,0.153846,0.191617,0.875324,0.84446,0.859615,sentence-transformers/all-mpnet-base-v2,0.712981
MTG33,LongBeachCC_01262016_16-0069,gemini_2_5_flash_lite,budget_06,run_03,0.253333,0.182692,0.212291,0.873781,0.852333,0.862923,sentence-transformers/all-mpnet-base-v2,0.715733
MTG33,LongBeachCC_01262016_16-0069,gemini_2_5_flash_lite,budget_06,run_04,0.256757,0.182692,0.213483,0.871789,0.855506,0.863571,sentence-transformers/all-mpnet-base-v2,0.751339
MTG33,LongBeachCC_01262016_16-0069,gemini_2_5_flash_lite,budget_06,run_05,0.225806,0.134615,0.168675,0.868651,0.841329,0.854772,sentence-transformers/all-mpnet-base-v2,0.693499
MTG34,LongBeachCC_05112021_21-0424,deepseek_reasoning,budget_02,run_01,0.214286,0.315789,0.255319,0.871096,0.889076,0.879994,sentence-transformers/all-mpnet-base-v2,0.604331
MTG34,LongBeachCC_05112021_21-0424,deepseek_reasoning,budget_02,run_02,0.102564,0.210526,0.137931,0.862356,0.887088,0.874547,sentence-transformers/all-mpnet-base-v2,0.614007
MTG34,LongBeachCC_05112021_21-0424,deepseek_reasoning,budget_02,run_03,0.08,0.105263,0.090909,0.858833,0.87305,0.865883,sentence-transformers/all-mpnet-base-v2,0.564989
MTG34,LongBeachCC_05112021_21-0424,deepseek_reasoning,budget_02,run_04,0.133333,0.210526,0.163265,0.862266,0.871743,0.866979,sentence-transformers/all-mpnet-base-v2,0.569237
MTG34,LongBeachCC_05112021_21-0424,deepseek_reasoning,budget_02,run_05,0.147059,0.263158,0.188679,0.859777,0.883153,0.871308,sentence-transformers/all-mpnet-base-v2,0.635541
MTG34,LongBeachCC_05112021_21-0424,deepseek_reasoning,budget_03,run_01,0.083333,0.157895,0.109091,0.864729,0.881531,0.873049,sentence-transformers/all-mpnet-base-v2,0.58688
MTG34,LongBeachCC_05112021_21-0424,deepseek_reasoning,budget_03,run_02,0.166667,0.315789,0.218182,0.858734,0.883671,0.871024,sentence-transformers/all-mpnet-base-v2,0.618772
MTG34,LongBeachCC_05112021_21-0424,deepseek_reasoning,budget_03,run_03,0.12766,0.315789,0.181818,0.85742,0.88615,0.871548,sentence-transformers/all-mpnet-base-v2,0.636513
MTG34,LongBeachCC_05112021_21-0424,deepseek_reasoning,budget_03,run_04,0.142857,0.315789,0.196721,0.854126,0.875197,0.864533,sentence-transformers/all-mpnet-base-v2,0.538617
MTG34,LongBeachCC_05112021_21-0424,deepseek_reasoning,budget_03,run_05,0.133333,0.315789,0.1875,0.865627,0.895226,0.880177,sentence-transformers/all-mpnet-base-v2,0.663125
MTG34,LongBeachCC_05112021_21-0424,deepseek_reasoning,budget_06,run_01,0.087912,0.421053,0.145455,0.822454,0.89954,0.859272,sentence-transformers/all-mpnet-base-v2,0.657654
MTG34,LongBeachCC_05112021_21-0424,deepseek_reasoning,budget_06,run_02,0.074074,0.315789,0.12,0.835453,0.879769,0.857039,sentence-transformers/all-mpnet-base-v2,0.66779
MTG34,LongBeachCC_05112021_21-0424,deepseek_reasoning,budget_06,run_03,0.063158,0.315789,0.105263,0.807862,0.868239,0.836963,sentence-transformers/all-mpnet-base-v2,0.661235
MTG34,LongBeachCC_05112021_21-0424,deepseek_reasoning,budget_06,run_04,0.08642,0.368421,0.14,0.845133,0.898738,0.871112,sentence-transformers/all-mpnet-base-v2,0.699026
MTG34,LongBeachCC_05112021_21-0424,deepseek_reasoning,budget_06,run_05,0.075,0.315789,0.121212,0.83702,0.881346,0.858612,sentence-transformers/all-mpnet-base-v2,0.643587
MTG34,LongBeachCC_05112021_21-0424,deepseek_temp1_chat,budget_02,run_01,0.2,0.368421,0.259259,0.868427,0.887373,0.877798,sentence-transformers/all-mpnet-base-v2,0.603179
MTG34,LongBeachCC_05112021_21-0424,deepseek_temp1_chat,budget_02,run_02,0.171429,0.315789,0.222222,0.859504,0.885124,0.872126,sentence-transformers/all-mpnet-base-v2,0.584737
MTG34,LongBeachCC_05112021_21-0424,deepseek_temp1_chat,budget_02,run_03,0.285714,0.421053,0.340426,0.869646,0.890908,0.880149,sentence-transformers/all-mpnet-base-v2,0.639114
MTG34,LongBeachCC_05112021_21-0424,deepseek_temp1_chat,budget_02,run_04,0.2,0.421053,0.271186,0.861405,0.889131,0.875048,sentence-transformers/all-mpnet-base-v2,0.684454
MTG34,LongBeachCC_05112021_21-0424,deepseek_temp1_chat,budget_02,run_05,0.121212,0.210526,0.153846,0.861847,0.8792,0.870437,sentence-transformers/all-mpnet-base-v2,0.631804
MTG34,LongBeachCC_05112021_21-0424,deepseek_temp1_chat,budget_03,run_01,0.153846,0.421053,0.225352,0.853789,0.892973,0.872942,sentence-transformers/all-mpnet-base-v2,0.677359
MTG34,LongBeachCC_05112021_21-0424,deepseek_temp1_chat,budget_03,run_02,0.088889,0.210526,0.125,0.862351,0.883743,0.872916,sentence-transformers/all-mpnet-base-v2,0.633596
MTG34,LongBeachCC_05112021_21-0424,deepseek_temp1_chat,budget_03,run_03,0.12766,0.315789,0.181818,0.85236,0.884869,0.86831,sentence-transformers/all-mpnet-base-v2,0.586658
MTG34,LongBeachCC_05112021_21-0424,deepseek_temp1_chat,budget_03,run_04,0.181818,0.421053,0.253968,0.865571,0.885241,0.875295,sentence-transformers/all-mpnet-base-v2,0.654472
MTG34,LongBeachCC_05112021_21-0424,deepseek_temp1_chat,budget_03,run_05,0.156863,0.421053,0.228571,0.846475,0.88949,0.86745,sentence-transformers/all-mpnet-base-v2,0.664748
MTG34,LongBeachCC_05112021_21-0424,deepseek_temp1_chat,budget_06,run_01,0.098592,0.368421,0.155556,0.842978,0.879853,0.861021,sentence-transformers/all-mpnet-base-v2,0.560962
MTG34,LongBeachCC_05112021_21-0424,deepseek_temp1_chat,budget_06,run_02,0.095238,0.421053,0.15534,0.831327,0.883767,0.856745,sentence-transformers/all-mpnet-base-v2,0.644255
MTG34,LongBeachCC_05112021_21-0424,deepseek_temp1_chat,budget_06,run_03,0.105882,0.473684,0.173077,0.84135,0.891117,0.865519,sentence-transformers/all-mpnet-base-v2,0.653444
MTG34,LongBeachCC_05112021_21-0424,deepseek_temp1_chat,budget_06,run_04,0.084337,0.368421,0.137255,0.83741,0.874641,0.855621,sentence-transformers/all-mpnet-base-v2,0.60973
MTG34,LongBeachCC_05112021_21-0424,deepseek_temp1_chat,budget_06,run_05,0.074074,0.315789,0.12,0.83494,0.877364,0.855626,sentence-transformers/all-mpnet-base-v2,0.577953
MTG34,LongBeachCC_05112021_21-0424,gemini_2_5_flash_lite,budget_02,run_01,0.222222,0.315789,0.26087,0.87397,0.89682,0.885248,sentence-transformers/all-mpnet-base-v2,0.680548
MTG34,LongBeachCC_05112021_21-0424,gemini_2_5_flash_lite,budget_02,run_02,0.162791,0.368421,0.225806,0.860085,0.889947,0.874761,sentence-transformers/all-mpnet-base-v2,0.706408
MTG34,LongBeachCC_05112021_21-0424,gemini_2_5_flash_lite,budget_02,run_03,0.189189,0.368421,0.25,0.870114,0.89414,0.881963,sentence-transformers/all-mpnet-base-v2,0.71164
MTG34,LongBeachCC_05112021_21-0424,gemini_2_5_flash_lite,budget_02,run_04,0.225,0.473684,0.305085,0.863036,0.893777,0.878138,sentence-transformers/all-mpnet-base-v2,0.602974
MTG34,LongBeachCC_05112021_21-0424,gemini_2_5_flash_lite,budget_02,run_05,0.088235,0.157895,0.113208,0.860554,0.880185,0.870259,sentence-transformers/all-mpnet-base-v2,0.572126
MTG34,LongBeachCC_05112021_21-0424,gemini_2_5_flash_lite,budget_03,run_01,0.146341,0.315789,0.2,0.856461,0.891591,0.873673,sentence-transformers/all-mpnet-base-v2,0.690902
MTG34,LongBeachCC_05112021_21-0424,gemini_2_5_flash_lite,budget_03,run_02,0.225,0.473684,0.305085,0.861731,0.893235,0.8772,sentence-transformers/all-mpnet-base-v2,0.649769
MTG34,LongBeachCC_05112021_21-0424,gemini_2_5_flash_lite,budget_03,run_03,0.15,0.315789,0.20339,0.866121,0.8917,0.878724,sentence-transformers/all-mpnet-base-v2,0.667376
MTG34,LongBeachCC_05112021_21-0424,gemini_2_5_flash_lite,budget_03,run_04,0.195122,0.421053,0.266667,0.863149,0.888299,0.875544,sentence-transformers/all-mpnet-base-v2,0.662802
MTG34,LongBeachCC_05112021_21-0424,gemini_2_5_flash_lite,budget_03,run_05,0.225,0.473684,0.305085,0.855034,0.889971,0.872153,sentence-transformers/all-mpnet-base-v2,0.662098
MTG34,LongBeachCC_05112021_21-0424,gemini_2_5_flash_lite,budget_06,run_01,0.056338,0.210526,0.088889,0.848198,0.877813,0.862751,sentence-transformers/all-mpnet-base-v2,0.661084
MTG34,LongBeachCC_05112021_21-0424,gemini_2_5_flash_lite,budget_06,run_02,0.147541,0.473684,0.225,0.852221,0.887136,0.869328,sentence-transformers/all-mpnet-base-v2,0.673055
MTG34,LongBeachCC_05112021_21-0424,gemini_2_5_flash_lite,budget_06,run_03,0.086957,0.315789,0.136364,0.849313,0.886624,0.867567,sentence-transformers/all-mpnet-base-v2,0.689642
MTG34,LongBeachCC_05112021_21-0424,gemini_2_5_flash_lite,budget_06,run_04,0.107692,0.368421,0.166667,0.851317,0.886867,0.868729,sentence-transformers/all-mpnet-base-v2,0.673607
MTG34,LongBeachCC_05112021_21-0424,gemini_2_5_flash_lite,budget_06,run_05,0.152542,0.473684,0.230769,0.850235,0.886507,0.867992,sentence-transformers/all-mpnet-base-v2,0.640252
MTG35,AlamedaCC_12062016_2016-3632,deepseek_reasoning,budget_02,run_01,0.342857,0.461538,0.393443,0.879171,0.911909,0.895241,sentence-transformers/all-mpnet-base-v2,0.821599
MTG35,AlamedaCC_12062016_2016-3632,deepseek_reasoning,budget_02,run_02,0.333333,0.384615,0.357143,0.878053,0.896925,0.887389,sentence-transformers/all-mpnet-base-v2,0.773957
MTG35,AlamedaCC_12062016_2016-3632,deepseek_reasoning,budget_02,run_03,0.242424,0.307692,0.271186,0.87883,0.907873,0.893115,sentence-transformers/all-mpnet-base-v2,0.774755
MTG35,AlamedaCC_12062016_2016-3632,deepseek_reasoning,budget_02,run_04,0.26087,0.230769,0.244898,0.886502,0.891739,0.889113,sentence-transformers/all-mpnet-base-v2,0.656876
MTG35,AlamedaCC_12062016_2016-3632,deepseek_reasoning,budget_02,run_05,0.259259,0.269231,0.264151,0.874152,0.889266,0.881644,sentence-transformers/all-mpnet-base-v2,0.728949
MTG35,AlamedaCC_12062016_2016-3632,deepseek_reasoning,budget_03,run_01,0.173913,0.307692,0.222222,0.862729,0.893266,0.877732,sentence-transformers/all-mpnet-base-v2,0.7717
MTG35,AlamedaCC_12062016_2016-3632,deepseek_reasoning,budget_03,run_02,0.131579,0.192308,0.15625,0.872518,0.893535,0.882902,sentence-transformers/all-mpnet-base-v2,0.707599
MTG35,AlamedaCC_12062016_2016-3632,deepseek_reasoning,budget_03,run_03,0.181818,0.307692,0.228571,0.873612,0.892108,0.882763,sentence-transformers/all-mpnet-base-v2,0.714305
MTG35,AlamedaCC_12062016_2016-3632,deepseek_reasoning,budget_03,run_04,0.159091,0.269231,0.2,0.855521,0.893113,0.873913,sentence-transformers/all-mpnet-base-v2,0.675752
MTG35,AlamedaCC_12062016_2016-3632,deepseek_reasoning,budget_03,run_05,0.148936,0.269231,0.191781,0.849152,0.886285,0.867321,sentence-transformers/all-mpnet-base-v2,0.721414
MTG35,AlamedaCC_12062016_2016-3632,deepseek_reasoning,budget_06,run_01,0.0875,0.269231,0.132075,0.849579,0.898459,0.873335,sentence-transformers/all-mpnet-base-v2,0.767134
MTG35,AlamedaCC_12062016_2016-3632,deepseek_reasoning,budget_06,run_02,0.090909,0.307692,0.140351,0.851084,0.889088,0.869671,sentence-transformers/all-mpnet-base-v2,0.762245
MTG35,AlamedaCC_12062016_2016-3632,deepseek_reasoning,budget_06,run_03,0.105263,0.307692,0.156863,0.854931,0.889281,0.871767,sentence-transformers/all-mpnet-base-v2,0.735647
MTG35,AlamedaCC_12062016_2016-3632,deepseek_reasoning,budget_06,run_04,0.08,0.230769,0.118812,0.832025,0.904873,0.866922,sentence-transformers/all-mpnet-base-v2,0.705402
MTG35,AlamedaCC_12062016_2016-3632,deepseek_reasoning,budget_06,run_05,0.13253,0.423077,0.201835,0.861099,0.910577,0.885147,sentence-transformers/all-mpnet-base-v2,0.707343
MTG35,AlamedaCC_12062016_2016-3632,deepseek_temp1_chat,budget_02,run_01,0.194444,0.269231,0.225806,0.854988,0.883318,0.868922,sentence-transformers/all-mpnet-base-v2,0.684591
MTG35,AlamedaCC_12062016_2016-3632,deepseek_temp1_chat,budget_02,run_02,0.193548,0.230769,0.210526,0.861234,0.88154,0.871269,sentence-transformers/all-mpnet-base-v2,0.590371
MTG35,AlamedaCC_12062016_2016-3632,deepseek_temp1_chat,budget_02,run_03,0.233333,0.269231,0.25,0.883766,0.894476,0.889089,sentence-transformers/all-mpnet-base-v2,0.717591
MTG35,AlamedaCC_12062016_2016-3632,deepseek_temp1_chat,budget_02,run_04,0.25,0.307692,0.275862,0.877149,0.899511,0.888189,sentence-transformers/all-mpnet-base-v2,0.731155
MTG35,AlamedaCC_12062016_2016-3632,deepseek_temp1_chat,budget_02,run_05,0.190476,0.307692,0.235294,0.866365,0.893648,0.879795,sentence-transformers/all-mpnet-base-v2,0.708546
MTG35,AlamedaCC_12062016_2016-3632,deepseek_temp1_chat,budget_03,run_01,0.113636,0.192308,0.142857,0.862192,0.888761,0.875275,sentence-transformers/all-mpnet-base-v2,0.75732
MTG35,AlamedaCC_12062016_2016-3632,deepseek_temp1_chat,budget_03,run_02,0.145833,0.269231,0.189189,0.863635,0.892456,0.877809,sentence-transformers/all-mpnet-base-v2,0.668423
MTG35,AlamedaCC_12062016_2016-3632,deepseek_temp1_chat,budget_03,run_03,0.169811,0.346154,0.227848,0.869268,0.905952,0.887231,sentence-transformers/all-mpnet-base-v2,0.688931
MTG35,AlamedaCC_12062016_2016-3632,deepseek_temp1_chat,budget_03,run_04,0.290323,0.692308,0.409091,0.873451,0.933398,0.90243,sentence-transformers/all-mpnet-base-v2,0.813411
MTG35,AlamedaCC_12062016_2016-3632,deepseek_temp1_chat,budget_03,run_05,0.142857,0.269231,0.186667,0.86301,0.899081,0.880677,sentence-transformers/all-mpnet-base-v2,0.758459
MTG35,AlamedaCC_12062016_2016-3632,deepseek_temp1_chat,budget_06,run_01,0.111111,0.346154,0.168224,0.843309,0.88949,0.865784,sentence-transformers/all-mpnet-base-v2,0.6946
MTG35,AlamedaCC_12062016_2016-3632,deepseek_temp1_chat,budget_06,run_02,0.11236,0.384615,0.173913,0.858519,0.904265,0.880799,sentence-transformers/all-mpnet-base-v2,0.75847
MTG35,AlamedaCC_12062016_2016-3632,deepseek_temp1_chat,budget_06,run_03,0.095238,0.307692,0.145455,0.85478,0.904475,0.878926,sentence-transformers/all-mpnet-base-v2,0.773788
MTG35,AlamedaCC_12062016_2016-3632,deepseek_temp1_chat,budget_06,run_04,0.13253,0.423077,0.201835,0.850873,0.897308,0.873474,sentence-transformers/all-mpnet-base-v2,0.739196
MTG35,AlamedaCC_12062016_2016-3632,deepseek_temp1_chat,budget_06,run_05,0.117647,0.384615,0.18018,0.852377,0.896986,0.874113,sentence-transformers/all-mpnet-base-v2,0.758705
MTG35,AlamedaCC_12062016_2016-3632,gemini_2_5_flash_lite,budget_02,run_01,0.409091,0.346154,0.375,0.894377,0.89892,0.896643,sentence-transformers/all-mpnet-base-v2,0.718855
MTG35,AlamedaCC_12062016_2016-3632,gemini_2_5_flash_lite,budget_02,run_02,0.285714,0.461538,0.352941,0.877961,0.906572,0.892038,sentence-transformers/all-mpnet-base-v2,0.722685
MTG35,AlamedaCC_12062016_2016-3632,gemini_2_5_flash_lite,budget_02,run_03,0.37037,0.384615,0.377358,0.902215,0.902126,0.90217,sentence-transformers/all-mpnet-base-v2,0.748372
MTG35,AlamedaCC_12062016_2016-3632,gemini_2_5_flash_lite,budget_02,run_04,0.346154,0.346154,0.346154,0.90024,0.902595,0.901416,sentence-transformers/all-mpnet-base-v2,0.746433
MTG35,AlamedaCC_12062016_2016-3632,gemini_2_5_flash_lite,budget_02,run_05,0.384615,0.384615,0.384615,0.899733,0.90761,0.903655,sentence-transformers/all-mpnet-base-v2,0.753537
MTG35,AlamedaCC_12062016_2016-3632,gemini_2_5_flash_lite,budget_03,run_01,0.272727,0.346154,0.305085,0.875973,0.893738,0.884767,sentence-transformers/all-mpnet-base-v2,0.755657
MTG35,AlamedaCC_12062016_2016-3632,gemini_2_5_flash_lite,budget_03,run_02,0.230769,0.346154,0.276923,0.888706,0.903712,0.896146,sentence-transformers/all-mpnet-base-v2,0.755406
MTG35,AlamedaCC_12062016_2016-3632,gemini_2_5_flash_lite,budget_03,run_03,0.272727,0.346154,0.305085,0.876628,0.899335,0.887836,sentence-transformers/all-mpnet-base-v2,0.777449
MTG35,AlamedaCC_12062016_2016-3632,gemini_2_5_flash_lite,budget_03,run_04,0.25,0.384615,0.30303,0.889065,0.904017,0.896479,sentence-transformers/all-mpnet-base-v2,0.79655
MTG35,AlamedaCC_12062016_2016-3632,gemini_2_5_flash_lite,budget_03,run_05,0.225,0.346154,0.272727,0.883078,0.901242,0.892068,sentence-transformers/all-mpnet-base-v2,0.754112
MTG35,AlamedaCC_12062016_2016-3632,gemini_2_5_flash_lite,budget_06,run_01,0.132353,0.346154,0.191489,0.867312,0.897808,0.882297,sentence-transformers/all-mpnet-base-v2,0.734992
MTG35,AlamedaCC_12062016_2016-3632,gemini_2_5_flash_lite,budget_06,run_02,0.225806,0.538462,0.318182,0.886977,0.91411,0.900339,sentence-transformers/all-mpnet-base-v2,0.83638
MTG35,AlamedaCC_12062016_2016-3632,gemini_2_5_flash_lite,budget_06,run_03,0.214286,0.461538,0.292683,0.873336,0.899126,0.886043,sentence-transformers/all-mpnet-base-v2,0.742867
MTG35,AlamedaCC_12062016_2016-3632,gemini_2_5_flash_lite,budget_06,run_04,0.151515,0.384615,0.217391,0.869911,0.900385,0.884886,sentence-transformers/all-mpnet-base-v2,0.776621
MTG35,AlamedaCC_12062016_2016-3632,gemini_2_5_flash_lite,budget_06,run_05,0.121212,0.307692,0.173913,0.87631,0.896342,0.886213,sentence-transformers/all-mpnet-base-v2,0.777998
MTG36,LongBeachCC_11012016_16-0988,deepseek_reasoning,budget_02,run_01,0.277778,0.107527,0.155039,0.868476,0.836697,0.85229,sentence-transformers/all-mpnet-base-v2,0.702154
MTG36,LongBeachCC_11012016_16-0988,deepseek_reasoning,budget_02,run_02,0.25,0.096774,0.139535,0.875154,0.838372,0.856368,sentence-transformers/all-mpnet-base-v2,0.700083
MTG36,LongBeachCC_11012016_16-0988,deepseek_reasoning,budget_02,run_03,0.34375,0.11828,0.176,0.869974,0.839971,0.85471,sentence-transformers/all-mpnet-base-v2,0.674914
MTG36,LongBeachCC_11012016_16-0988,deepseek_reasoning,budget_02,run_04,0.3,0.129032,0.180451,0.873732,0.844507,0.858871,sentence-transformers/all-mpnet-base-v2,0.727371
MTG36,LongBeachCC_11012016_16-0988,deepseek_reasoning,budget_02,run_05,0.304348,0.075269,0.12069,0.873911,0.826302,0.84944,sentence-transformers/all-mpnet-base-v2,0.556481
MTG36,LongBeachCC_11012016_16-0988,deepseek_reasoning,budget_03,run_01,0.22807,0.139785,0.173333,0.854161,0.841601,0.847835,sentence-transformers/all-mpnet-base-v2,0.721858
MTG36,LongBeachCC_11012016_16-0988,deepseek_reasoning,budget_03,run_02,0.265306,0.139785,0.183099,0.877243,0.842424,0.859481,sentence-transformers/all-mpnet-base-v2,0.792318
MTG36,LongBeachCC_11012016_16-0988,deepseek_reasoning,budget_03,run_03,0.265306,0.139785,0.183099,0.870736,0.840882,0.855549,sentence-transformers/all-mpnet-base-v2,0.731558
MTG36,LongBeachCC_11012016_16-0988,deepseek_reasoning,budget_03,run_04,0.171875,0.11828,0.140127,0.860921,0.846897,0.853851,sentence-transformers/all-mpnet-base-v2,0.718123
MTG36,LongBeachCC_11012016_16-0988,deepseek_reasoning,budget_03,run_05,0.166667,0.107527,0.130719,0.856801,0.843131,0.849911,sentence-transformers/all-mpnet-base-v2,0.733037
MTG36,LongBeachCC_11012016_16-0988,deepseek_reasoning,budget_06,run_01,0.137255,0.150538,0.14359,0.858671,0.846663,0.852625,sentence-transformers/all-mpnet-base-v2,0.752749
MTG36,LongBeachCC_11012016_16-0988,deepseek_reasoning,budget_06,run_02,0.16,0.172043,0.165803,0.84916,0.841577,0.845352,sentence-transformers/all-mpnet-base-v2,0.740605
MTG36,LongBeachCC_11012016_16-0988,deepseek_reasoning,budget_06,run_03,0.159091,0.150538,0.154696,0.842595,0.82969,0.836093,sentence-transformers/all-mpnet-base-v2,0.712572
MTG36,LongBeachCC_11012016_16-0988,deepseek_reasoning,budget_06,run_04,0.140187,0.16129,0.15,0.846187,0.844504,0.845345,sentence-transformers/all-mpnet-base-v2,0.749113
MTG36,LongBeachCC_11012016_16-0988,deepseek_reasoning,budget_06,run_05,0.151163,0.139785,0.145251,0.854121,0.844294,0.849179,sentence-transformers/all-mpnet-base-v2,0.754043
MTG36,LongBeachCC_11012016_16-0988,deepseek_temp1_chat,budget_02,run_01,0.227273,0.107527,0.145985,0.859566,0.835575,0.847401,sentence-transformers/all-mpnet-base-v2,0.718975
MTG36,LongBeachCC_11012016_16-0988,deepseek_temp1_chat,budget_02,run_02,0.325,0.139785,0.195489,0.867595,0.840832,0.854004,sentence-transformers/all-mpnet-base-v2,0.679653
MTG36,LongBeachCC_11012016_16-0988,deepseek_temp1_chat,budget_02,run_03,0.23913,0.11828,0.158273,0.86965,0.847656,0.858512,sentence-transformers/all-mpnet-base-v2,0.668823
MTG36,LongBeachCC_11012016_16-0988,deepseek_temp1_chat,budget_02,run_04,0.236364,0.139785,0.175676,0.850821,0.839968,0.84536,sentence-transformers/all-mpnet-base-v2,0.643661
MTG36,LongBeachCC_11012016_16-0988,deepseek_temp1_chat,budget_02,run_05,0.243243,0.096774,0.138462,0.877451,0.842117,0.859421,sentence-transformers/all-mpnet-base-v2,0.66729
MTG36,LongBeachCC_11012016_16-0988,deepseek_temp1_chat,budget_03,run_01,0.216667,0.139785,0.169935,0.861341,0.842479,0.851805,sentence-transformers/all-mpnet-base-v2,0.716344
MTG36,LongBeachCC_11012016_16-0988,deepseek_temp1_chat,budget_03,run_02,0.222222,0.150538,0.179487,0.862475,0.840025,0.851102,sentence-transformers/all-mpnet-base-v2,0.739455
MTG36,LongBeachCC_11012016_16-0988,deepseek_temp1_chat,budget_03,run_03,0.224138,0.139785,0.172185,0.865924,0.839186,0.852346,sentence-transformers/all-mpnet-base-v2,0.727432
MTG36,LongBeachCC_11012016_16-0988,deepseek_temp1_chat,budget_03,run_04,0.25,0.150538,0.187919,0.867708,0.84659,0.857019,sentence-transformers/all-mpnet-base-v2,0.727702
MTG36,LongBeachCC_11012016_16-0988,deepseek_temp1_chat,budget_03,run_05,0.207547,0.11828,0.150685,0.869628,0.841712,0.855442,sentence-transformers/all-mpnet-base-v2,0.654165
MTG36,LongBeachCC_11012016_16-0988,deepseek_temp1_chat,budget_06,run_01,0.154639,0.16129,0.157895,0.850427,0.846974,0.848697,sentence-transformers/all-mpnet-base-v2,0.70723
MTG36,LongBeachCC_11012016_16-0988,deepseek_temp1_chat,budget_06,run_02,0.132075,0.150538,0.140704,0.854791,0.841705,0.848197,sentence-transformers/all-mpnet-base-v2,0.730228
MTG36,LongBeachCC_11012016_16-0988,deepseek_temp1_chat,budget_06,run_03,0.236111,0.182796,0.206061,0.867301,0.846068,0.856553,sentence-transformers/all-mpnet-base-v2,0.75813
MTG36,LongBeachCC_11012016_16-0988,deepseek_temp1_chat,budget_06,run_04,0.164948,0.172043,0.168421,0.853538,0.844677,0.849084,sentence-transformers/all-mpnet-base-v2,0.773414
MTG36,LongBeachCC_11012016_16-0988,deepseek_temp1_chat,budget_06,run_05,0.182927,0.16129,0.171429,0.853289,0.840076,0.846631,sentence-transformers/all-mpnet-base-v2,0.702981
MTG36,LongBeachCC_11012016_16-0988,gemini_2_5_flash_lite,budget_02,run_01,0.333333,0.139785,0.19697,0.887231,0.841777,0.863907,sentence-transformers/all-mpnet-base-v2,0.749246
MTG36,LongBeachCC_11012016_16-0988,gemini_2_5_flash_lite,budget_02,run_02,0.225,0.096774,0.135338,0.884393,0.834709,0.858833,sentence-transformers/all-mpnet-base-v2,0.730177
MTG36,LongBeachCC_11012016_16-0988,gemini_2_5_flash_lite,budget_02,run_03,0.227273,0.107527,0.145985,0.881655,0.841881,0.861309,sentence-transformers/all-mpnet-base-v2,0.774147
MTG36,LongBeachCC_11012016_16-0988,gemini_2_5_flash_lite,budget_02,run_04,0.307692,0.129032,0.181818,0.879518,0.836988,0.857726,sentence-transformers/all-mpnet-base-v2,0.7075
MTG36,LongBeachCC_11012016_16-0988,gemini_2_5_flash_lite,budget_02,run_05,0.344828,0.107527,0.163934,0.90619,0.845213,0.87464,sentence-transformers/all-mpnet-base-v2,0.715435
MTG36,LongBeachCC_11012016_16-0988,gemini_2_5_flash_lite,budget_03,run_01,0.282051,0.11828,0.166667,0.882384,0.842658,0.862064,sentence-transformers/all-mpnet-base-v2,0.771824
MTG36,LongBeachCC_11012016_16-0988,gemini_2_5_flash_lite,budget_03,run_02,0.26087,0.129032,0.172662,0.87128,0.840168,0.855441,sentence-transformers/all-mpnet-base-v2,0.717534
MTG36,LongBeachCC_11012016_16-0988,gemini_2_5_flash_lite,budget_03,run_03,0.173913,0.086022,0.115108,0.878953,0.841044,0.85958,sentence-transformers/all-mpnet-base-v2,0.754693
MTG36,LongBeachCC_11012016_16-0988,gemini_2_5_flash_lite,budget_03,run_04,0.289474,0.11828,0.167939,0.881683,0.830787,0.855479,sentence-transformers/all-mpnet-base-v2,0.736986
MTG36,LongBeachCC_11012016_16-0988,gemini_2_5_flash_lite,budget_03,run_05,0.3,0.129032,0.180451,0.879071,0.84295,0.860631,sentence-transformers/all-mpnet-base-v2,0.779831
MTG36,LongBeachCC_11012016_16-0988,gemini_2_5_flash_lite,budget_06,run_01,0.234375,0.16129,0.191083,0.88128,0.842165,0.861279,sentence-transformers/all-mpnet-base-v2,0.771525
MTG36,LongBeachCC_11012016_16-0988,gemini_2_5_flash_lite,budget_06,run_02,0.211268,0.16129,0.182927,0.869603,0.846626,0.857961,sentence-transformers/all-mpnet-base-v2,0.74323
MTG36,LongBeachCC_11012016_16-0988,gemini_2_5_flash_lite,budget_06,run_03,0.217391,0.16129,0.185185,0.865616,0.841345,0.853308,sentence-transformers/all-mpnet-base-v2,0.768599
MTG36,LongBeachCC_11012016_16-0988,gemini_2_5_flash_lite,budget_06,run_04,0.202532,0.172043,0.186047,0.869117,0.847914,0.858385,sentence-transformers/all-mpnet-base-v2,0.747376
MTG36,LongBeachCC_11012016_16-0988,gemini_2_5_flash_lite,budget_06,run_05,0.173913,0.129032,0.148148,0.862738,0.840255,0.851348,sentence-transformers/all-mpnet-base-v2,0.715675
MTG37,AlamedaCC_03302021_2021-8247,deepseek_reasoning,budget_02,run_01,0.102564,0.142857,0.119403,0.848414,0.831375,0.839808,sentence-transformers/all-mpnet-base-v2,0.491721
MTG37,AlamedaCC_03302021_2021-8247,deepseek_reasoning,budget_02,run_02,0.111111,0.107143,0.109091,0.85389,0.833235,0.843436,sentence-transformers/all-mpnet-base-v2,0.463921
MTG37,AlamedaCC_03302021_2021-8247,deepseek_reasoning,budget_02,run_03,0.114286,0.142857,0.126984,0.855979,0.833335,0.844505,sentence-transformers/all-mpnet-base-v2,0.518463
MTG37,AlamedaCC_03302021_2021-8247,deepseek_reasoning,budget_02,run_04,0.133333,0.142857,0.137931,0.856939,0.844892,0.850873,sentence-transformers/all-mpnet-base-v2,0.492559
MTG37,AlamedaCC_03302021_2021-8247,deepseek_reasoning,budget_02,run_05,0.166667,0.214286,0.1875,0.852014,0.840875,0.846408,sentence-transformers/all-mpnet-base-v2,0.64539
MTG37,AlamedaCC_03302021_2021-8247,deepseek_reasoning,budget_03,run_01,0.102041,0.178571,0.12987,0.848647,0.84403,0.846332,sentence-transformers/all-mpnet-base-v2,0.589339
MTG37,AlamedaCC_03302021_2021-8247,deepseek_reasoning,budget_03,run_02,0.113208,0.214286,0.148148,0.843735,0.836846,0.840276,sentence-transformers/all-mpnet-base-v2,0.51689
MTG37,AlamedaCC_03302021_2021-8247,deepseek_reasoning,budget_03,run_03,0.1875,0.214286,0.2,0.857258,0.846556,0.851873,sentence-transformers/all-mpnet-base-v2,0.614067
MTG37,AlamedaCC_03302021_2021-8247,deepseek_reasoning,budget_03,run_04,0.081633,0.142857,0.103896,0.845124,0.831514,0.838264,sentence-transformers/all-mpnet-base-v2,0.500693
MTG37,AlamedaCC_03302021_2021-8247,deepseek_reasoning,budget_03,run_05,0.090909,0.142857,0.111111,0.846557,0.831697,0.839061,sentence-transformers/all-mpnet-base-v2,0.444659
MTG37,AlamedaCC_03302021_2021-8247,deepseek_reasoning,budget_06,run_01,0.085714,0.214286,0.122449,0.837238,0.839475,0.838355,sentence-transformers/all-mpnet-base-v2,0.589291
MTG37,AlamedaCC_03302021_2021-8247,deepseek_reasoning,budget_06,run_02,0.058252,0.214286,0.091603,0.820521,0.829022,0.824749,sentence-transformers/all-mpnet-base-v2,0.577922
MTG37,AlamedaCC_03302021_2021-8247,deepseek_reasoning,budget_06,run_03,0.065217,0.214286,0.1,0.827143,0.830706,0.828921,sentence-transformers/all-mpnet-base-v2,0.551769
MTG37,AlamedaCC_03302021_2021-8247,deepseek_reasoning,budget_06,run_04,0.0875,0.25,0.12963,0.836435,0.838643,0.837537,sentence-transformers/all-mpnet-base-v2,0.668464
MTG37,AlamedaCC_03302021_2021-8247,deepseek_reasoning,budget_06,run_05,0.086957,0.285714,0.133333,0.83912,0.838727,0.838924,sentence-transformers/all-mpnet-base-v2,0.656844
MTG37,AlamedaCC_03302021_2021-8247,deepseek_temp1_chat,budget_02,run_01,0.2,0.214286,0.206897,0.857756,0.842111,0.849862,sentence-transformers/all-mpnet-base-v2,0.58526
MTG37,AlamedaCC_03302021_2021-8247,deepseek_temp1_chat,budget_02,run_02,0.102564,0.142857,0.119403,0.848957,0.834484,0.841658,sentence-transformers/all-mpnet-base-v2,0.487593
MTG37,AlamedaCC_03302021_2021-8247,deepseek_temp1_chat,budget_02,run_03,0.135135,0.178571,0.153846,0.843435,0.838424,0.840922,sentence-transformers/all-mpnet-base-v2,0.460073
MTG37,AlamedaCC_03302021_2021-8247,deepseek_temp1_chat,budget_02,run_04,0.114286,0.142857,0.126984,0.85202,0.830869,0.841312,sentence-transformers/all-mpnet-base-v2,0.496499
MTG37,AlamedaCC_03302021_2021-8247,deepseek_temp1_chat,budget_02,run_05,0.145833,0.25,0.184211,0.848429,0.84818,0.848305,sentence-transformers/all-mpnet-base-v2,0.718531
MTG37,AlamedaCC_03302021_2021-8247,deepseek_temp1_chat,budget_03,run_01,0.1,0.178571,0.128205,0.842316,0.836982,0.83964,sentence-transformers/all-mpnet-base-v2,0.399543
MTG37,AlamedaCC_03302021_2021-8247,deepseek_temp1_chat,budget_03,run_02,0.111111,0.214286,0.146341,0.845667,0.833101,0.839337,sentence-transformers/all-mpnet-base-v2,0.660664
MTG37,AlamedaCC_03302021_2021-8247,deepseek_temp1_chat,budget_03,run_03,0.075472,0.142857,0.098765,0.844878,0.831465,0.838118,sentence-transformers/all-mpnet-base-v2,0.57658
MTG37,AlamedaCC_03302021_2021-8247,deepseek_temp1_chat,budget_03,run_04,0.113636,0.178571,0.138889,0.850544,0.834051,0.842217,sentence-transformers/all-mpnet-base-v2,0.576732
MTG37,AlamedaCC_03302021_2021-8247,deepseek_temp1_chat,budget_03,run_05,0.108108,0.285714,0.156863,0.83919,0.853932,0.846497,sentence-transformers/all-mpnet-base-v2,0.704346
MTG37,AlamedaCC_03302021_2021-8247,deepseek_temp1_chat,budget_06,run_01,0.076087,0.25,0.116667,0.83541,0.837332,0.83637,sentence-transformers/all-mpnet-base-v2,0.71174
MTG37,AlamedaCC_03302021_2021-8247,deepseek_temp1_chat,budget_06,run_02,0.05,0.178571,0.078125,0.827997,0.827901,0.827949,sentence-transformers/all-mpnet-base-v2,0.562176
MTG37,AlamedaCC_03302021_2021-8247,deepseek_temp1_chat,budget_06,run_03,0.055556,0.214286,0.088235,0.826318,0.839667,0.832939,sentence-transformers/all-mpnet-base-v2,0.672921
MTG37,AlamedaCC_03302021_2021-8247,deepseek_temp1_chat,budget_06,run_04,0.044944,0.142857,0.068376,0.836349,0.841377,0.838855,sentence-transformers/all-mpnet-base-v2,0.60996
MTG37,AlamedaCC_03302021_2021-8247,deepseek_temp1_chat,budget_06,run_05,0.05618,0.178571,0.08547,0.833354,0.831167,0.832259,sentence-transformers/all-mpnet-base-v2,0.534877
MTG37,AlamedaCC_03302021_2021-8247,gemini_2_5_flash_lite,budget_02,run_01,0.171429,0.214286,0.190476,0.857365,0.841687,0.849454,sentence-transformers/all-mpnet-base-v2,0.608134
MTG37,AlamedaCC_03302021_2021-8247,gemini_2_5_flash_lite,budget_02,run_02,0.139535,0.214286,0.169014,0.850719,0.837361,0.843987,sentence-transformers/all-mpnet-base-v2,0.660935
MTG37,AlamedaCC_03302021_2021-8247,gemini_2_5_flash_lite,budget_02,run_03,0.230769,0.214286,0.222222,0.861022,0.839657,0.850205,sentence-transformers/all-mpnet-base-v2,0.546587
MTG37,AlamedaCC_03302021_2021-8247,gemini_2_5_flash_lite,budget_02,run_04,0.078431,0.142857,0.101266,0.842473,0.836496,0.839474,sentence-transformers/all-mpnet-base-v2,0.558243
MTG37,AlamedaCC_03302021_2021-8247,gemini_2_5_flash_lite,budget_02,run_05,0.147059,0.178571,0.16129,0.862465,0.840153,0.851163,sentence-transformers/all-mpnet-base-v2,0.647678
MTG37,AlamedaCC_03302021_2021-8247,gemini_2_5_flash_lite,budget_03,run_01,0.264706,0.321429,0.290323,0.882905,0.847987,0.865094,sentence-transformers/all-mpnet-base-v2,0.673703
MTG37,AlamedaCC_03302021_2021-8247,gemini_2_5_flash_lite,budget_03,run_02,0.125,0.178571,0.147059,0.858844,0.837182,0.847875,sentence-transformers/all-mpnet-base-v2,0.623404
MTG37,AlamedaCC_03302021_2021-8247,gemini_2_5_flash_lite,budget_03,run_03,0.277778,0.357143,0.3125,0.877916,0.853519,0.865546,sentence-transformers/all-mpnet-base-v2,0.754815
MTG37,AlamedaCC_03302021_2021-8247,gemini_2_5_flash_lite,budget_03,run_04,0.125,0.178571,0.147059,0.864171,0.836111,0.84991,sentence-transformers/all-mpnet-base-v2,0.618663
MTG37,AlamedaCC_03302021_2021-8247,gemini_2_5_flash_lite,budget_03,run_05,0.219512,0.321429,0.26087,0.867988,0.85439,0.861135,sentence-transformers/all-mpnet-base-v2,0.742866
MTG37,AlamedaCC_03302021_2021-8247,gemini_2_5_flash_lite,budget_06,run_01,0.149254,0.357143,0.210526,0.856367,0.850372,0.853359,sentence-transformers/all-mpnet-base-v2,0.816171
MTG37,AlamedaCC_03302021_2021-8247,gemini_2_5_flash_lite,budget_06,run_02,0.112903,0.25,0.155556,0.856285,0.837973,0.84703,sentence-transformers/all-mpnet-base-v2,0.689908
MTG37,AlamedaCC_03302021_2021-8247,gemini_2_5_flash_lite,budget_06,run_03,0.116667,0.25,0.159091,0.853384,0.836024,0.844615,sentence-transformers/all-mpnet-base-v2,0.747027
MTG37,AlamedaCC_03302021_2021-8247,gemini_2_5_flash_lite,budget_06,run_04,0.1875,0.428571,0.26087,0.856581,0.84646,0.85149,sentence-transformers/all-mpnet-base-v2,0.75954
MTG37,AlamedaCC_03302021_2021-8247,gemini_2_5_flash_lite,budget_06,run_05,0.085714,0.214286,0.122449,0.852065,0.836948,0.844439,sentence-transformers/all-mpnet-base-v2,0.71406
MTG38,DenverCityCouncil_02142022_22-0218,deepseek_reasoning,budget_02,run_01,0.096774,0.142857,0.115385,0.849953,0.879102,0.864282,sentence-transformers/all-mpnet-base-v2,0.631478
MTG38,DenverCityCouncil_02142022_22-0218,deepseek_reasoning,budget_02,run_02,0.193548,0.285714,0.230769,0.87173,0.890753,0.881139,sentence-transformers/all-mpnet-base-v2,0.664736
MTG38,DenverCityCouncil_02142022_22-0218,deepseek_reasoning,budget_02,run_03,0.166667,0.190476,0.177778,0.839064,0.872642,0.855524,sentence-transformers/all-mpnet-base-v2,0.604134
MTG38,DenverCityCouncil_02142022_22-0218,deepseek_reasoning,budget_02,run_04,0.206897,0.285714,0.24,0.87685,0.893856,0.885271,sentence-transformers/all-mpnet-base-v2,0.647711
MTG38,DenverCityCouncil_02142022_22-0218,deepseek_reasoning,budget_02,run_05,0.137931,0.190476,0.16,0.859148,0.89259,0.87555,sentence-transformers/all-mpnet-base-v2,0.724686
MTG38,DenverCityCouncil_02142022_22-0218,deepseek_reasoning,budget_03,run_01,0.139535,0.285714,0.1875,0.849272,0.888727,0.868552,sentence-transformers/all-mpnet-base-v2,0.6261
MTG38,DenverCityCouncil_02142022_22-0218,deepseek_reasoning,budget_03,run_02,0.111111,0.238095,0.151515,0.836479,0.880909,0.858119,sentence-transformers/all-mpnet-base-v2,0.671061
MTG38,DenverCityCouncil_02142022_22-0218,deepseek_reasoning,budget_03,run_03,0.127273,0.333333,0.184211,0.837091,0.882709,0.859295,sentence-transformers/all-mpnet-base-v2,0.652029
MTG38,DenverCityCouncil_02142022_22-0218,deepseek_reasoning,budget_03,run_04,0.12963,0.333333,0.186667,0.849042,0.899281,0.873439,sentence-transformers/all-mpnet-base-v2,0.616575
MTG38,DenverCityCouncil_02142022_22-0218,deepseek_reasoning,budget_03,run_05,0.130435,0.285714,0.179104,0.838859,0.880359,0.859108,sentence-transformers/all-mpnet-base-v2,0.594877
MTG38,DenverCityCouncil_02142022_22-0218,deepseek_reasoning,budget_06,run_01,0.083333,0.333333,0.133333,0.828525,0.881243,0.854071,sentence-transformers/all-mpnet-base-v2,0.722631
MTG38,DenverCityCouncil_02142022_22-0218,deepseek_reasoning,budget_06,run_02,0.097561,0.380952,0.15534,0.840392,0.892722,0.865767,sentence-transformers/all-mpnet-base-v2,0.724341
MTG38,DenverCityCouncil_02142022_22-0218,deepseek_reasoning,budget_06,run_03,0.058824,0.238095,0.09434,0.826412,0.875269,0.850139,sentence-transformers/all-mpnet-base-v2,0.613122
MTG38,DenverCityCouncil_02142022_22-0218,deepseek_reasoning,budget_06,run_04,0.076923,0.333333,0.125,0.822961,0.874998,0.848182,sentence-transformers/all-mpnet-base-v2,0.546701
MTG38,DenverCityCouncil_02142022_22-0218,deepseek_reasoning,budget_06,run_05,0.06383,0.285714,0.104348,0.828045,0.872193,0.849546,sentence-transformers/all-mpnet-base-v2,0.623478
MTG38,DenverCityCouncil_02142022_22-0218,deepseek_temp1_chat,budget_02,run_01,0.162791,0.333333,0.21875,0.86015,0.887171,0.873451,sentence-transformers/all-mpnet-base-v2,0.632045
MTG38,DenverCityCouncil_02142022_22-0218,deepseek_temp1_chat,budget_02,run_02,0.2,0.285714,0.235294,0.857242,0.892685,0.874605,sentence-transformers/all-mpnet-base-v2,0.599825
MTG38,DenverCityCouncil_02142022_22-0218,deepseek_temp1_chat,budget_02,run_03,0.222222,0.285714,0.25,0.871995,0.894003,0.882862,sentence-transformers/all-mpnet-base-v2,0.709041
MTG38,DenverCityCouncil_02142022_22-0218,deepseek_temp1_chat,budget_02,run_04,0.206897,0.285714,0.24,0.874953,0.893102,0.883934,sentence-transformers/all-mpnet-base-v2,0.627668
MTG38,DenverCityCouncil_02142022_22-0218,deepseek_temp1_chat,budget_02,run_05,0.181818,0.285714,0.222222,0.866921,0.89763,0.882008,sentence-transformers/all-mpnet-base-v2,0.706895
MTG38,DenverCityCouncil_02142022_22-0218,deepseek_temp1_chat,budget_03,run_01,0.166667,0.333333,0.222222,0.853074,0.890215,0.871249,sentence-transformers/all-mpnet-base-v2,0.598407
MTG38,DenverCityCouncil_02142022_22-0218,deepseek_temp1_chat,budget_03,run_02,0.155556,0.333333,0.212121,0.861239,0.889241,0.875016,sentence-transformers/all-mpnet-base-v2,0.621611
MTG38,DenverCityCouncil_02142022_22-0218,deepseek_temp1_chat,budget_03,run_03,0.152174,0.333333,0.208955,0.851494,0.884782,0.867819,sentence-transformers/all-mpnet-base-v2,0.63188
MTG38,DenverCityCouncil_02142022_22-0218,deepseek_temp1_chat,budget_03,run_04,0.137931,0.380952,0.202532,0.853089,0.897778,0.874864,sentence-transformers/all-mpnet-base-v2,0.652487
MTG38,DenverCityCouncil_02142022_22-0218,deepseek_temp1_chat,budget_03,run_05,0.153846,0.285714,0.2,0.866407,0.887433,0.876794,sentence-transformers/all-mpnet-base-v2,0.724263
MTG38,DenverCityCouncil_02142022_22-0218,deepseek_temp1_chat,budget_06,run_01,0.105263,0.380952,0.164948,0.844635,0.885526,0.864597,sentence-transformers/all-mpnet-base-v2,0.710922
MTG38,DenverCityCouncil_02142022_22-0218,deepseek_temp1_chat,budget_06,run_02,0.072165,0.333333,0.118644,0.830624,0.878228,0.853763,sentence-transformers/all-mpnet-base-v2,0.57257
MTG38,DenverCityCouncil_02142022_22-0218,deepseek_temp1_chat,budget_06,run_03,0.053191,0.238095,0.086957,0.829759,0.880188,0.85423,sentence-transformers/all-mpnet-base-v2,0.500443
MTG38,DenverCityCouncil_02142022_22-0218,deepseek_temp1_chat,budget_06,run_04,0.068182,0.285714,0.110092,0.827584,0.88394,0.854834,sentence-transformers/all-mpnet-base-v2,0.593364
MTG38,DenverCityCouncil_02142022_22-0218,deepseek_temp1_chat,budget_06,run_05,0.0875,0.333333,0.138614,0.839824,0.887383,0.862949,sentence-transformers/all-mpnet-base-v2,0.652291
MTG38,DenverCityCouncil_02142022_22-0218,gemini_2_5_flash_lite,budget_02,run_01,0.2,0.238095,0.217391,0.889373,0.899918,0.894614,sentence-transformers/all-mpnet-base-v2,0.71732
MTG38,DenverCityCouncil_02142022_22-0218,gemini_2_5_flash_lite,budget_02,run_02,0.176471,0.285714,0.218182,0.875161,0.89645,0.885677,sentence-transformers/all-mpnet-base-v2,0.628494
MTG38,DenverCityCouncil_02142022_22-0218,gemini_2_5_flash_lite,budget_02,run_03,0.227273,0.238095,0.232558,0.89578,0.898147,0.896962,sentence-transformers/all-mpnet-base-v2,0.724975
MTG38,DenverCityCouncil_02142022_22-0218,gemini_2_5_flash_lite,budget_02,run_04,0.227273,0.238095,0.232558,0.892222,0.89433,0.893274,sentence-transformers/all-mpnet-base-v2,0.722508
MTG38,DenverCityCouncil_02142022_22-0218,gemini_2_5_flash_lite,budget_02,run_05,0.227273,0.238095,0.232558,0.889141,0.893274,0.891203,sentence-transformers/all-mpnet-base-v2,0.711073
MTG38,DenverCityCouncil_02142022_22-0218,gemini_2_5_flash_lite,budget_03,run_01,0.147059,0.238095,0.181818,0.87071,0.888275,0.879405,sentence-transformers/all-mpnet-base-v2,0.77069
MTG38,DenverCityCouncil_02142022_22-0218,gemini_2_5_flash_lite,budget_03,run_02,0.166667,0.238095,0.196078,0.881747,0.894561,0.888108,sentence-transformers/all-mpnet-base-v2,0.734854
MTG38,DenverCityCouncil_02142022_22-0218,gemini_2_5_flash_lite,budget_03,run_03,0.162791,0.333333,0.21875,0.876493,0.897971,0.887102,sentence-transformers/all-mpnet-base-v2,0.708132
MTG38,DenverCityCouncil_02142022_22-0218,gemini_2_5_flash_lite,budget_03,run_04,0.176471,0.285714,0.218182,0.880962,0.889297,0.88511,sentence-transformers/all-mpnet-base-v2,0.738903
MTG38,DenverCityCouncil_02142022_22-0218,gemini_2_5_flash_lite,budget_03,run_05,0.151515,0.238095,0.185185,0.874776,0.890169,0.882406,sentence-transformers/all-mpnet-base-v2,0.713861
MTG38,DenverCityCouncil_02142022_22-0218,gemini_2_5_flash_lite,budget_06,run_01,0.078431,0.190476,0.111111,0.865438,0.883924,0.874583,sentence-transformers/all-mpnet-base-v2,0.664499
MTG38,DenverCityCouncil_02142022_22-0218,gemini_2_5_flash_lite,budget_06,run_02,0.104167,0.238095,0.144928,0.854998,0.883319,0.868928,sentence-transformers/all-mpnet-base-v2,0.67306
MTG38,DenverCityCouncil_02142022_22-0218,gemini_2_5_flash_lite,budget_06,run_03,0.170213,0.380952,0.235294,0.867844,0.890768,0.879157,sentence-transformers/all-mpnet-base-v2,0.77326
MTG38,DenverCityCouncil_02142022_22-0218,gemini_2_5_flash_lite,budget_06,run_04,0.136364,0.285714,0.184615,0.863268,0.888532,0.875718,sentence-transformers/all-mpnet-base-v2,0.68722
MTG38,DenverCityCouncil_02142022_22-0218,gemini_2_5_flash_lite,budget_06,run_05,0.111111,0.238095,0.151515,0.850313,0.879472,0.864647,sentence-transformers/all-mpnet-base-v2,0.703746
MTG39,DenverCityCouncil_03102014_14-0034,deepseek_reasoning,budget_02,run_01,0.184211,0.081395,0.112903,0.861431,0.796057,0.827455,sentence-transformers/all-mpnet-base-v2,0.620138
MTG39,DenverCityCouncil_03102014_14-0034,deepseek_reasoning,budget_02,run_02,0.219512,0.104651,0.141732,0.862588,0.797318,0.82867,sentence-transformers/all-mpnet-base-v2,0.707498
MTG39,DenverCityCouncil_03102014_14-0034,deepseek_reasoning,budget_02,run_03,0.15625,0.05814,0.084746,0.844606,0.78218,0.812195,sentence-transformers/all-mpnet-base-v2,0.45227
MTG39,DenverCityCouncil_03102014_14-0034,deepseek_reasoning,budget_02,run_04,0.173913,0.046512,0.073394,0.856419,0.782242,0.817652,sentence-transformers/all-mpnet-base-v2,0.394793
MTG39,DenverCityCouncil_03102014_14-0034,deepseek_reasoning,budget_02,run_05,0.214286,0.069767,0.105263,0.852548,0.784546,0.817135,sentence-transformers/all-mpnet-base-v2,0.573357
MTG39,DenverCityCouncil_03102014_14-0034,deepseek_reasoning,budget_03,run_01,0.232558,0.116279,0.155039,0.863491,0.799938,0.8305,sentence-transformers/all-mpnet-base-v2,0.678904
MTG39,DenverCityCouncil_03102014_14-0034,deepseek_reasoning,budget_03,run_02,0.170732,0.081395,0.110236,0.85461,0.792324,0.822289,sentence-transformers/all-mpnet-base-v2,0.635715
MTG39,DenverCityCouncil_03102014_14-0034,deepseek_reasoning,budget_03,run_03,0.134615,0.081395,0.101449,0.846628,0.800806,0.82308,sentence-transformers/all-mpnet-base-v2,0.654118
MTG39,DenverCityCouncil_03102014_14-0034,deepseek_reasoning,budget_03,run_04,0.152542,0.104651,0.124138,0.839358,0.800305,0.819366,sentence-transformers/all-mpnet-base-v2,0.652209
MTG39,DenverCityCouncil_03102014_14-0034,deepseek_reasoning,budget_03,run_05,0.127273,0.081395,0.099291,0.846586,0.793519,0.819194,sentence-transformers/all-mpnet-base-v2,0.645146
MTG39,DenverCityCouncil_03102014_14-0034,deepseek_reasoning,budget_06,run_01,0.0875,0.081395,0.084337,0.83631,0.798471,0.816953,sentence-transformers/all-mpnet-base-v2,0.698735
MTG39,DenverCityCouncil_03102014_14-0034,deepseek_reasoning,budget_06,run_02,0.082353,0.081395,0.081871,0.835386,0.794889,0.814634,sentence-transformers/all-mpnet-base-v2,0.668611
MTG39,DenverCityCouncil_03102014_14-0034,deepseek_reasoning,budget_06,run_03,0.102273,0.104651,0.103448,0.840084,0.807411,0.823423,sentence-transformers/all-mpnet-base-v2,0.697246
MTG39,DenverCityCouncil_03102014_14-0034,deepseek_reasoning,budget_06,run_04,0.120879,0.127907,0.124294,0.846017,0.802296,0.823577,sentence-transformers/all-mpnet-base-v2,0.661458
MTG39,DenverCityCouncil_03102014_14-0034,deepseek_reasoning,budget_06,run_05,0.117647,0.116279,0.116959,0.82916,0.796476,0.812489,sentence-transformers/all-mpnet-base-v2,0.590801
MTG39,DenverCityCouncil_03102014_14-0034,deepseek_temp1_chat,budget_02,run_01,0.137931,0.046512,0.069565,0.864522,0.788546,0.824788,sentence-transformers/all-mpnet-base-v2,0.636779
MTG39,DenverCityCouncil_03102014_14-0034,deepseek_temp1_chat,budget_02,run_02,0.189189,0.081395,0.113821,0.860186,0.793178,0.825324,sentence-transformers/all-mpnet-base-v2,0.633874
MTG39,DenverCityCouncil_03102014_14-0034,deepseek_temp1_chat,budget_02,run_03,0.153846,0.069767,0.096,0.855167,0.798408,0.825813,sentence-transformers/all-mpnet-base-v2,0.667191
MTG39,DenverCityCouncil_03102014_14-0034,deepseek_temp1_chat,budget_02,run_04,0.194444,0.081395,0.114754,0.864194,0.795768,0.828571,sentence-transformers/all-mpnet-base-v2,0.653344
MTG39,DenverCityCouncil_03102014_14-0034,deepseek_temp1_chat,budget_02,run_05,0.24,0.069767,0.108108,0.871546,0.788806,0.828114,sentence-transformers/all-mpnet-base-v2,0.584125
MTG39,DenverCityCouncil_03102014_14-0034,deepseek_temp1_chat,budget_03,run_01,0.129032,0.093023,0.108108,0.845302,0.79701,0.820446,sentence-transformers/all-mpnet-base-v2,0.694962
MTG39,DenverCityCouncil_03102014_14-0034,deepseek_temp1_chat,budget_03,run_02,0.194444,0.081395,0.114754,0.862477,0.794754,0.827232,sentence-transformers/all-mpnet-base-v2,0.668322
MTG39,DenverCityCouncil_03102014_14-0034,deepseek_temp1_chat,budget_03,run_03,0.190476,0.093023,0.125,0.856415,0.797189,0.825741,sentence-transformers/all-mpnet-base-v2,0.661863
MTG39,DenverCityCouncil_03102014_14-0034,deepseek_temp1_chat,budget_03,run_04,0.186047,0.093023,0.124031,0.849486,0.792467,0.819987,sentence-transformers/all-mpnet-base-v2,0.501416
MTG39,DenverCityCouncil_03102014_14-0034,deepseek_temp1_chat,budget_03,run_05,0.136364,0.069767,0.092308,0.844671,0.789987,0.816415,sentence-transformers/all-mpnet-base-v2,0.597029
MTG39,DenverCityCouncil_03102014_14-0034,deepseek_temp1_chat,budget_06,run_01,0.150538,0.162791,0.156425,0.844662,0.820033,0.832166,sentence-transformers/all-mpnet-base-v2,0.674178
MTG39,DenverCityCouncil_03102014_14-0034,deepseek_temp1_chat,budget_06,run_02,0.141304,0.151163,0.146067,0.848838,0.820518,0.834438,sentence-transformers/all-mpnet-base-v2,0.731205
MTG39,DenverCityCouncil_03102014_14-0034,deepseek_temp1_chat,budget_06,run_03,0.107843,0.127907,0.117021,0.8293,0.797682,0.813184,sentence-transformers/all-mpnet-base-v2,0.660427
MTG39,DenverCityCouncil_03102014_14-0034,deepseek_temp1_chat,budget_06,run_04,0.159091,0.162791,0.16092,0.852989,0.825177,0.838853,sentence-transformers/all-mpnet-base-v2,0.734682
MTG39,DenverCityCouncil_03102014_14-0034,deepseek_temp1_chat,budget_06,run_05,0.108434,0.104651,0.106509,0.83963,0.799291,0.818964,sentence-transformers/all-mpnet-base-v2,0.692785
MTG39,DenverCityCouncil_03102014_14-0034,gemini_2_5_flash_lite,budget_02,run_01,0.225806,0.081395,0.119658,0.866006,0.798706,0.830996,sentence-transformers/all-mpnet-base-v2,0.653229
MTG39,DenverCityCouncil_03102014_14-0034,gemini_2_5_flash_lite,budget_02,run_02,0.195122,0.093023,0.125984,0.857033,0.79593,0.825353,sentence-transformers/all-mpnet-base-v2,0.633687
MTG39,DenverCityCouncil_03102014_14-0034,gemini_2_5_flash_lite,budget_02,run_03,0.166667,0.05814,0.086207,0.857976,0.787698,0.821336,sentence-transformers/all-mpnet-base-v2,0.618572
MTG39,DenverCityCouncil_03102014_14-0034,gemini_2_5_flash_lite,budget_02,run_04,0.176471,0.069767,0.1,0.862953,0.79585,0.828044,sentence-transformers/all-mpnet-base-v2,0.626688
MTG39,DenverCityCouncil_03102014_14-0034,gemini_2_5_flash_lite,budget_02,run_05,0.210526,0.093023,0.129032,0.86225,0.798191,0.828985,sentence-transformers/all-mpnet-base-v2,0.615075
MTG39,DenverCityCouncil_03102014_14-0034,gemini_2_5_flash_lite,budget_03,run_01,0.177778,0.093023,0.122137,0.85629,0.798355,0.826308,sentence-transformers/all-mpnet-base-v2,0.589652
MTG39,DenverCityCouncil_03102014_14-0034,gemini_2_5_flash_lite,budget_03,run_02,0.093023,0.046512,0.062016,0.838812,0.794633,0.816125,sentence-transformers/all-mpnet-base-v2,0.595175
MTG39,DenverCityCouncil_03102014_14-0034,gemini_2_5_flash_lite,budget_03,run_03,0.169811,0.104651,0.129496,0.857601,0.797788,0.826614,sentence-transformers/all-mpnet-base-v2,0.671219
MTG39,DenverCityCouncil_03102014_14-0034,gemini_2_5_flash_lite,budget_03,run_04,0.153846,0.093023,0.115942,0.852695,0.795863,0.823299,sentence-transformers/all-mpnet-base-v2,0.680558
MTG39,DenverCityCouncil_03102014_14-0034,gemini_2_5_flash_lite,budget_03,run_05,0.128205,0.05814,0.08,0.858675,0.796064,0.826185,sentence-transformers/all-mpnet-base-v2,0.657033
MTG39,DenverCityCouncil_03102014_14-0034,gemini_2_5_flash_lite,budget_06,run_01,0.127273,0.081395,0.099291,0.8421,0.795014,0.81788,sentence-transformers/all-mpnet-base-v2,0.618463
MTG39,DenverCityCouncil_03102014_14-0034,gemini_2_5_flash_lite,budget_06,run_02,0.171875,0.127907,0.146667,0.858736,0.805627,0.831334,sentence-transformers/all-mpnet-base-v2,0.673548
MTG39,DenverCityCouncil_03102014_14-0034,gemini_2_5_flash_lite,budget_06,run_03,0.122807,0.081395,0.097902,0.851221,0.793871,0.821546,sentence-transformers/all-mpnet-base-v2,0.671913
MTG39,DenverCityCouncil_03102014_14-0034,gemini_2_5_flash_lite,budget_06,run_04,0.113208,0.069767,0.086331,0.850243,0.795459,0.821939,sentence-transformers/all-mpnet-base-v2,0.638279
MTG39,DenverCityCouncil_03102014_14-0034,gemini_2_5_flash_lite,budget_06,run_05,0.127273,0.081395,0.099291,0.851106,0.79647,0.822882,sentence-transformers/all-mpnet-base-v2,0.641534
MTG40,DenverCityCouncil_05312016_16-0341,deepseek_reasoning,budget_02,run_01,0.275,0.333333,0.30137,0.8711,0.874624,0.872858,sentence-transformers/all-mpnet-base-v2,0.694641
MTG40,DenverCityCouncil_05312016_16-0341,deepseek_reasoning,budget_02,run_02,0.230769,0.272727,0.25,0.881444,0.886921,0.884174,sentence-transformers/all-mpnet-base-v2,0.679631
MTG40,DenverCityCouncil_05312016_16-0341,deepseek_reasoning,budget_02,run_03,0.318182,0.212121,0.254545,0.890217,0.872143,0.881087,sentence-transformers/all-mpnet-base-v2,0.615575
MTG40,DenverCityCouncil_05312016_16-0341,deepseek_reasoning,budget_02,run_04,0.232558,0.30303,0.263158,0.864078,0.874145,0.869083,sentence-transformers/all-mpnet-base-v2,0.697048
MTG40,DenverCityCouncil_05312016_16-0341,deepseek_reasoning,budget_02,run_05,0.21875,0.212121,0.215385,0.874829,0.873297,0.874062,sentence-transformers/all-mpnet-base-v2,0.670084
MTG40,DenverCityCouncil_05312016_16-0341,deepseek_reasoning,budget_03,run_01,0.27907,0.363636,0.315789,0.875855,0.88325,0.879537,sentence-transformers/all-mpnet-base-v2,0.738165
MTG40,DenverCityCouncil_05312016_16-0341,deepseek_reasoning,budget_03,run_02,0.227273,0.30303,0.25974,0.869691,0.876067,0.872867,sentence-transformers/all-mpnet-base-v2,0.650677
MTG40,DenverCityCouncil_05312016_16-0341,deepseek_reasoning,budget_03,run_03,0.204545,0.272727,0.233766,0.864055,0.874956,0.869472,sentence-transformers/all-mpnet-base-v2,0.763983
MTG40,DenverCityCouncil_05312016_16-0341,deepseek_reasoning,budget_03,run_04,0.207547,0.333333,0.255814,0.856778,0.884392,0.870366,sentence-transformers/all-mpnet-base-v2,0.773371
MTG40,DenverCityCouncil_05312016_16-0341,deepseek_reasoning,budget_03,run_05,0.261905,0.333333,0.293333,0.873313,0.882659,0.877961,sentence-transformers/all-mpnet-base-v2,0.741441
MTG40,DenverCityCouncil_05312016_16-0341,deepseek_reasoning,budget_06,run_01,0.13,0.393939,0.195489,0.835477,0.874788,0.854681,sentence-transformers/all-mpnet-base-v2,0.672795
MTG40,DenverCityCouncil_05312016_16-0341,deepseek_reasoning,budget_06,run_02,0.157303,0.424242,0.229508,0.846409,0.877582,0.861714,sentence-transformers/all-mpnet-base-v2,0.708551
MTG40,DenverCityCouncil_05312016_16-0341,deepseek_reasoning,budget_06,run_03,0.132653,0.393939,0.198473,0.83608,0.879219,0.857107,sentence-transformers/all-mpnet-base-v2,0.746345
MTG40,DenverCityCouncil_05312016_16-0341,deepseek_reasoning,budget_06,run_04,0.148515,0.454545,0.223881,0.848091,0.879665,0.86359,sentence-transformers/all-mpnet-base-v2,0.660604
MTG40,DenverCityCouncil_05312016_16-0341,deepseek_reasoning,budget_06,run_05,0.129032,0.363636,0.190476,0.841661,0.881311,0.86103,sentence-transformers/all-mpnet-base-v2,0.736159
MTG40,DenverCityCouncil_05312016_16-0341,deepseek_temp1_chat,budget_02,run_01,0.272727,0.272727,0.272727,0.878189,0.879689,0.878939,sentence-transformers/all-mpnet-base-v2,0.756515
MTG40,DenverCityCouncil_05312016_16-0341,deepseek_temp1_chat,budget_02,run_02,0.2,0.212121,0.205882,0.884681,0.887524,0.8861,sentence-transformers/all-mpnet-base-v2,0.759231
MTG40,DenverCityCouncil_05312016_16-0341,deepseek_temp1_chat,budget_02,run_03,0.333333,0.272727,0.3,0.885147,0.873652,0.879362,sentence-transformers/all-mpnet-base-v2,0.681218
MTG40,DenverCityCouncil_05312016_16-0341,deepseek_temp1_chat,budget_02,run_04,0.352941,0.363636,0.358209,0.875894,0.884373,0.880113,sentence-transformers/all-mpnet-base-v2,0.685325
MTG40,DenverCityCouncil_05312016_16-0341,deepseek_temp1_chat,budget_02,run_05,0.290323,0.272727,0.28125,0.884985,0.883605,0.884295,sentence-transformers/all-mpnet-base-v2,0.625198
MTG40,DenverCityCouncil_05312016_16-0341,deepseek_temp1_chat,budget_03,run_01,0.207547,0.333333,0.255814,0.863335,0.884243,0.873664,sentence-transformers/all-mpnet-base-v2,0.765971
MTG40,DenverCityCouncil_05312016_16-0341,deepseek_temp1_chat,budget_03,run_02,0.142857,0.242424,0.179775,0.855028,0.878639,0.866673,sentence-transformers/all-mpnet-base-v2,0.664102
MTG40,DenverCityCouncil_05312016_16-0341,deepseek_temp1_chat,budget_03,run_03,0.193548,0.363636,0.252632,0.84731,0.879328,0.863022,sentence-transformers/all-mpnet-base-v2,0.689595
MTG40,DenverCityCouncil_05312016_16-0341,deepseek_temp1_chat,budget_03,run_04,0.196429,0.333333,0.247191,0.865377,0.881771,0.873497,sentence-transformers/all-mpnet-base-v2,0.722047
MTG40,DenverCityCouncil_05312016_16-0341,deepseek_temp1_chat,budget_03,run_05,0.2,0.363636,0.258065,0.85803,0.885734,0.871662,sentence-transformers/all-mpnet-base-v2,0.704299
MTG40,DenverCityCouncil_05312016_16-0341,deepseek_temp1_chat,budget_06,run_01,0.164706,0.424242,0.237288,0.839738,0.872354,0.855736,sentence-transformers/all-mpnet-base-v2,0.686003
MTG40,DenverCityCouncil_05312016_16-0341,deepseek_temp1_chat,budget_06,run_02,0.21519,0.515152,0.303571,0.845541,0.874625,0.859837,sentence-transformers/all-mpnet-base-v2,0.716035
MTG40,DenverCityCouncil_05312016_16-0341,deepseek_temp1_chat,budget_06,run_03,0.125,0.393939,0.189781,0.833976,0.871437,0.852295,sentence-transformers/all-mpnet-base-v2,0.636421
MTG40,DenverCityCouncil_05312016_16-0341,deepseek_temp1_chat,budget_06,run_04,0.159091,0.424242,0.231405,0.844671,0.878775,0.861386,sentence-transformers/all-mpnet-base-v2,0.722253
MTG40,DenverCityCouncil_05312016_16-0341,deepseek_temp1_chat,budget_06,run_05,0.141304,0.393939,0.208,0.837862,0.880325,0.858569,sentence-transformers/all-mpnet-base-v2,0.679509
MTG40,DenverCityCouncil_05312016_16-0341,gemini_2_5_flash_lite,budget_02,run_01,0.333333,0.30303,0.31746,0.891877,0.880287,0.886044,sentence-transformers/all-mpnet-base-v2,0.744719
MTG40,DenverCityCouncil_05312016_16-0341,gemini_2_5_flash_lite,budget_02,run_02,0.272727,0.272727,0.272727,0.860843,0.866913,0.863868,sentence-transformers/all-mpnet-base-v2,0.740754
MTG40,DenverCityCouncil_05312016_16-0341,gemini_2_5_flash_lite,budget_02,run_03,0.296296,0.242424,0.266667,0.89602,0.868677,0.882137,sentence-transformers/all-mpnet-base-v2,0.687903
MTG40,DenverCityCouncil_05312016_16-0341,gemini_2_5_flash_lite,budget_02,run_04,0.22449,0.333333,0.268293,0.872903,0.880501,0.876685,sentence-transformers/all-mpnet-base-v2,0.66598
MTG40,DenverCityCouncil_05312016_16-0341,gemini_2_5_flash_lite,budget_02,run_05,0.232558,0.30303,0.263158,0.870548,0.873979,0.87226,sentence-transformers/all-mpnet-base-v2,0.691646
MTG40,DenverCityCouncil_05312016_16-0341,gemini_2_5_flash_lite,budget_03,run_01,0.243243,0.272727,0.257143,0.884993,0.874121,0.879523,sentence-transformers/all-mpnet-base-v2,0.779746
MTG40,DenverCityCouncil_05312016_16-0341,gemini_2_5_flash_lite,budget_03,run_02,0.277778,0.30303,0.289855,0.88361,0.881096,0.882351,sentence-transformers/all-mpnet-base-v2,0.844219
MTG40,DenverCityCouncil_05312016_16-0341,gemini_2_5_flash_lite,budget_03,run_03,0.136364,0.181818,0.155844,0.871638,0.87013,0.870883,sentence-transformers/all-mpnet-base-v2,0.787163
MTG40,DenverCityCouncil_05312016_16-0341,gemini_2_5_flash_lite,budget_03,run_04,0.2,0.212121,0.205882,0.879678,0.873562,0.87661,sentence-transformers/all-mpnet-base-v2,0.678023
MTG40,DenverCityCouncil_05312016_16-0341,gemini_2_5_flash_lite,budget_03,run_05,0.297297,0.333333,0.314286,0.882372,0.876706,0.87953,sentence-transformers/all-mpnet-base-v2,0.799094
MTG40,DenverCityCouncil_05312016_16-0341,gemini_2_5_flash_lite,budget_06,run_01,0.15625,0.30303,0.206186,0.865767,0.869109,0.867435,sentence-transformers/all-mpnet-base-v2,0.754165
MTG40,DenverCityCouncil_05312016_16-0341,gemini_2_5_flash_lite,budget_06,run_02,0.220339,0.393939,0.282609,0.865477,0.870327,0.867895,sentence-transformers/all-mpnet-base-v2,0.774492
MTG40,DenverCityCouncil_05312016_16-0341,gemini_2_5_flash_lite,budget_06,run_03,0.206349,0.393939,0.270833,0.863442,0.866644,0.86504,sentence-transformers/all-mpnet-base-v2,0.753769
MTG40,DenverCityCouncil_05312016_16-0341,gemini_2_5_flash_lite,budget_06,run_04,0.12963,0.212121,0.16092,0.869942,0.863046,0.86648,sentence-transformers/all-mpnet-base-v2,0.747653
MTG40,DenverCityCouncil_05312016_16-0341,gemini_2_5_flash_lite,budget_06,run_05,0.214286,0.363636,0.269663,0.854556,0.867651,0.861054,sentence-transformers/all-mpnet-base-v2,0.761208
MTG41,SeattleCityCouncil_11212016_CF 314362,deepseek_reasoning,budget_02,run_01,0.333333,0.529412,0.409091,0.882918,0.909149,0.895842,sentence-transformers/all-mpnet-base-v2,0.649526
MTG41,SeattleCityCouncil_11212016_CF 314362,deepseek_reasoning,budget_02,run_02,0.108108,0.235294,0.148148,0.849892,0.85383,0.851856,sentence-transformers/all-mpnet-base-v2,0.536344
MTG41,SeattleCityCouncil_11212016_CF 314362,deepseek_reasoning,budget_02,run_03,0.16,0.235294,0.190476,0.854622,0.861846,0.858219,sentence-transformers/all-mpnet-base-v2,0.506616
MTG41,SeattleCityCouncil_11212016_CF 314362,deepseek_reasoning,budget_02,run_04,0.108108,0.235294,0.148148,0.847436,0.858065,0.852717,sentence-transformers/all-mpnet-base-v2,0.568153
MTG41,SeattleCityCouncil_11212016_CF 314362,deepseek_reasoning,budget_02,run_05,0.266667,0.470588,0.340426,0.866058,0.89932,0.882376,sentence-transformers/all-mpnet-base-v2,0.692723
MTG41,SeattleCityCouncil_11212016_CF 314362,deepseek_reasoning,budget_03,run_01,0.181818,0.470588,0.262295,0.850148,0.904349,0.876411,sentence-transformers/all-mpnet-base-v2,0.724065
MTG41,SeattleCityCouncil_11212016_CF 314362,deepseek_reasoning,budget_03,run_02,0.204545,0.529412,0.295082,0.85514,0.89198,0.873172,sentence-transformers/all-mpnet-base-v2,0.728845
MTG41,SeattleCityCouncil_11212016_CF 314362,deepseek_reasoning,budget_03,run_03,0.109091,0.352941,0.166667,0.852882,0.899802,0.875714,sentence-transformers/all-mpnet-base-v2,0.729225
MTG41,SeattleCityCouncil_11212016_CF 314362,deepseek_reasoning,budget_03,run_04,0.118644,0.411765,0.184211,0.848572,0.890908,0.869225,sentence-transformers/all-mpnet-base-v2,0.684194
MTG41,SeattleCityCouncil_11212016_CF 314362,deepseek_reasoning,budget_03,run_05,0.152174,0.411765,0.222222,0.856964,0.902646,0.879212,sentence-transformers/all-mpnet-base-v2,0.756817
MTG41,SeattleCityCouncil_11212016_CF 314362,deepseek_reasoning,budget_06,run_01,0.059406,0.352941,0.101695,0.818249,0.861118,0.839136,sentence-transformers/all-mpnet-base-v2,0.644784
MTG41,SeattleCityCouncil_11212016_CF 314362,deepseek_reasoning,budget_06,run_02,0.101449,0.411765,0.162791,0.833682,0.885005,0.858577,sentence-transformers/all-mpnet-base-v2,0.736264
MTG41,SeattleCityCouncil_11212016_CF 314362,deepseek_reasoning,budget_06,run_03,0.0875,0.411765,0.14433,0.824267,0.878615,0.850574,sentence-transformers/all-mpnet-base-v2,0.751373
MTG41,SeattleCityCouncil_11212016_CF 314362,deepseek_reasoning,budget_06,run_04,0.103896,0.470588,0.170213,0.834184,0.892784,0.86249,sentence-transformers/all-mpnet-base-v2,0.707766
MTG41,SeattleCityCouncil_11212016_CF 314362,deepseek_reasoning,budget_06,run_05,0.107692,0.411765,0.170732,0.832407,0.882197,0.856579,sentence-transformers/all-mpnet-base-v2,0.706952
MTG41,SeattleCityCouncil_11212016_CF 314362,deepseek_temp1_chat,budget_02,run_01,0.166667,0.294118,0.212766,0.865035,0.89896,0.881672,sentence-transformers/all-mpnet-base-v2,0.750481
MTG41,SeattleCityCouncil_11212016_CF 314362,deepseek_temp1_chat,budget_02,run_02,0.162791,0.411765,0.233333,0.848794,0.896812,0.872142,sentence-transformers/all-mpnet-base-v2,0.709981
MTG41,SeattleCityCouncil_11212016_CF 314362,deepseek_temp1_chat,budget_02,run_03,0.129032,0.235294,0.166667,0.851864,0.846727,0.849288,sentence-transformers/all-mpnet-base-v2,0.524011
MTG41,SeattleCityCouncil_11212016_CF 314362,deepseek_temp1_chat,budget_02,run_04,0.138889,0.294118,0.188679,0.843809,0.85255,0.848157,sentence-transformers/all-mpnet-base-v2,0.639942
MTG41,SeattleCityCouncil_11212016_CF 314362,deepseek_temp1_chat,budget_02,run_05,0.104167,0.294118,0.153846,0.839032,0.849861,0.844412,sentence-transformers/all-mpnet-base-v2,0.586294
MTG41,SeattleCityCouncil_11212016_CF 314362,deepseek_temp1_chat,budget_03,run_01,0.219512,0.529412,0.310345,0.868362,0.905295,0.886444,sentence-transformers/all-mpnet-base-v2,0.756907
MTG41,SeattleCityCouncil_11212016_CF 314362,deepseek_temp1_chat,budget_03,run_02,0.113636,0.294118,0.163934,0.844346,0.860651,0.85242,sentence-transformers/all-mpnet-base-v2,0.710107
MTG41,SeattleCityCouncil_11212016_CF 314362,deepseek_temp1_chat,budget_03,run_03,0.136364,0.352941,0.196721,0.849433,0.860753,0.855056,sentence-transformers/all-mpnet-base-v2,0.676655
MTG41,SeattleCityCouncil_11212016_CF 314362,deepseek_temp1_chat,budget_03,run_04,0.14,0.411765,0.208955,0.848233,0.900938,0.873791,sentence-transformers/all-mpnet-base-v2,0.724686
MTG41,SeattleCityCouncil_11212016_CF 314362,deepseek_temp1_chat,budget_03,run_05,0.111111,0.294118,0.16129,0.849863,0.849397,0.84963,sentence-transformers/all-mpnet-base-v2,0.58125
MTG41,SeattleCityCouncil_11212016_CF 314362,deepseek_temp1_chat,budget_06,run_01,0.065934,0.352941,0.111111,0.820479,0.843293,0.83173,sentence-transformers/all-mpnet-base-v2,0.617944
MTG41,SeattleCityCouncil_11212016_CF 314362,deepseek_temp1_chat,budget_06,run_02,0.1,0.470588,0.164948,0.830274,0.884902,0.856718,sentence-transformers/all-mpnet-base-v2,0.678555
MTG41,SeattleCityCouncil_11212016_CF 314362,deepseek_temp1_chat,budget_06,run_03,0.094595,0.411765,0.153846,0.831261,0.847851,0.839474,sentence-transformers/all-mpnet-base-v2,0.609103
MTG41,SeattleCityCouncil_11212016_CF 314362,deepseek_temp1_chat,budget_06,run_04,0.074074,0.352941,0.122449,0.826694,0.853876,0.840065,sentence-transformers/all-mpnet-base-v2,0.591081
MTG41,SeattleCityCouncil_11212016_CF 314362,deepseek_temp1_chat,budget_06,run_05,0.081395,0.411765,0.135922,0.826668,0.845702,0.836077,sentence-transformers/all-mpnet-base-v2,0.623633
MTG41,SeattleCityCouncil_11212016_CF 314362,gemini_2_5_flash_lite,budget_02,run_01,0.310345,0.529412,0.391304,0.888381,0.922557,0.905146,sentence-transformers/all-mpnet-base-v2,0.800182
MTG41,SeattleCityCouncil_11212016_CF 314362,gemini_2_5_flash_lite,budget_02,run_02,0.34375,0.647059,0.44898,0.891506,0.919908,0.905484,sentence-transformers/all-mpnet-base-v2,0.731615
MTG41,SeattleCityCouncil_11212016_CF 314362,gemini_2_5_flash_lite,budget_02,run_03,0.206897,0.352941,0.26087,0.878042,0.895138,0.886507,sentence-transformers/all-mpnet-base-v2,0.839303
MTG41,SeattleCityCouncil_11212016_CF 314362,gemini_2_5_flash_lite,budget_02,run_04,0.296296,0.470588,0.363636,0.900603,0.92117,0.91077,sentence-transformers/all-mpnet-base-v2,0.753337
MTG41,SeattleCityCouncil_11212016_CF 314362,gemini_2_5_flash_lite,budget_02,run_05,0.230769,0.529412,0.321429,0.878368,0.913728,0.895699,sentence-transformers/all-mpnet-base-v2,0.731315
MTG41,SeattleCityCouncil_11212016_CF 314362,gemini_2_5_flash_lite,budget_03,run_01,0.142857,0.352941,0.20339,0.86691,0.870015,0.868459,sentence-transformers/all-mpnet-base-v2,0.740791
MTG41,SeattleCityCouncil_11212016_CF 314362,gemini_2_5_flash_lite,budget_03,run_02,0.166667,0.352941,0.226415,0.870362,0.864359,0.86735,sentence-transformers/all-mpnet-base-v2,0.758334
MTG41,SeattleCityCouncil_11212016_CF 314362,gemini_2_5_flash_lite,budget_03,run_03,0.235294,0.470588,0.313725,0.883253,0.902481,0.892764,sentence-transformers/all-mpnet-base-v2,0.822048
MTG41,SeattleCityCouncil_11212016_CF 314362,gemini_2_5_flash_lite,budget_03,run_04,0.1,0.235294,0.140351,0.844973,0.847257,0.846114,sentence-transformers/all-mpnet-base-v2,0.587452
MTG41,SeattleCityCouncil_11212016_CF 314362,gemini_2_5_flash_lite,budget_03,run_05,0.190476,0.470588,0.271186,0.867669,0.886891,0.877174,sentence-transformers/all-mpnet-base-v2,0.700267
MTG41,SeattleCityCouncil_11212016_CF 314362,gemini_2_5_flash_lite,budget_06,run_01,0.089552,0.352941,0.142857,0.843599,0.86252,0.852955,sentence-transformers/all-mpnet-base-v2,0.688249
MTG41,SeattleCityCouncil_11212016_CF 314362,gemini_2_5_flash_lite,budget_06,run_02,0.080645,0.294118,0.126582,0.830043,0.845498,0.837699,sentence-transformers/all-mpnet-base-v2,0.65411
MTG41,SeattleCityCouncil_11212016_CF 314362,gemini_2_5_flash_lite,budget_06,run_03,0.068966,0.235294,0.106667,0.828799,0.84474,0.836694,sentence-transformers/all-mpnet-base-v2,0.654537
MTG41,SeattleCityCouncil_11212016_CF 314362,gemini_2_5_flash_lite,budget_06,run_04,0.103448,0.352941,0.16,0.854197,0.867228,0.860663,sentence-transformers/all-mpnet-base-v2,0.696125
MTG41,SeattleCityCouncil_11212016_CF 314362,gemini_2_5_flash_lite,budget_06,run_05,0.078431,0.235294,0.117647,0.847965,0.852419,0.850186,sentence-transformers/all-mpnet-base-v2,0.657716
MTG42,SeattleCityCouncil_01112016_CF 314278,deepseek_reasoning,budget_02,run_01,0.1875,0.166667,0.176471,0.840468,0.806124,0.822938,sentence-transformers/all-mpnet-base-v2,0.52765
MTG42,SeattleCityCouncil_01112016_CF 314278,deepseek_reasoning,budget_02,run_02,0.157895,0.166667,0.162162,0.8384,0.802336,0.819972,sentence-transformers/all-mpnet-base-v2,0.512416
MTG42,SeattleCityCouncil_01112016_CF 314278,deepseek_reasoning,budget_02,run_03,0.171429,0.166667,0.169014,0.833959,0.796086,0.814583,sentence-transformers/all-mpnet-base-v2,0.504824
MTG42,SeattleCityCouncil_01112016_CF 314278,deepseek_reasoning,budget_02,run_04,0.130435,0.083333,0.101695,0.848529,0.798042,0.822511,sentence-transformers/all-mpnet-base-v2,0.421424
MTG42,SeattleCityCouncil_01112016_CF 314278,deepseek_reasoning,budget_02,run_05,0.142857,0.111111,0.125,0.866419,0.820895,0.843043,sentence-transformers/all-mpnet-base-v2,0.558554
MTG42,SeattleCityCouncil_01112016_CF 314278,deepseek_reasoning,budget_03,run_01,0.125,0.166667,0.142857,0.831117,0.805625,0.818172,sentence-transformers/all-mpnet-base-v2,0.592292
MTG42,SeattleCityCouncil_01112016_CF 314278,deepseek_reasoning,budget_03,run_02,0.131579,0.138889,0.135135,0.840721,0.809693,0.824915,sentence-transformers/all-mpnet-base-v2,0.536994
MTG42,SeattleCityCouncil_01112016_CF 314278,deepseek_reasoning,budget_03,run_03,0.140351,0.222222,0.172043,0.850054,0.828928,0.839358,sentence-transformers/all-mpnet-base-v2,0.600108
MTG42,SeattleCityCouncil_01112016_CF 314278,deepseek_reasoning,budget_03,run_04,0.113208,0.166667,0.134831,0.833764,0.803684,0.818448,sentence-transformers/all-mpnet-base-v2,0.482862
MTG42,SeattleCityCouncil_01112016_CF 314278,deepseek_reasoning,budget_03,run_05,0.090909,0.111111,0.1,0.832399,0.796514,0.814061,sentence-transformers/all-mpnet-base-v2,0.388616
MTG42,SeattleCityCouncil_01112016_CF 314278,deepseek_reasoning,budget_06,run_01,0.052632,0.138889,0.076336,0.813673,0.805353,0.809492,sentence-transformers/all-mpnet-base-v2,0.516853
MTG42,SeattleCityCouncil_01112016_CF 314278,deepseek_reasoning,budget_06,run_02,0.088889,0.222222,0.126984,0.809893,0.804738,0.807307,sentence-transformers/all-mpnet-base-v2,0.522239
MTG42,SeattleCityCouncil_01112016_CF 314278,deepseek_reasoning,budget_06,run_03,0.063158,0.166667,0.091603,0.816148,0.809502,0.812811,sentence-transformers/all-mpnet-base-v2,0.535776
MTG42,SeattleCityCouncil_01112016_CF 314278,deepseek_reasoning,budget_06,run_04,0.075,0.166667,0.103448,0.832231,0.815079,0.823565,sentence-transformers/all-mpnet-base-v2,0.578134
MTG42,SeattleCityCouncil_01112016_CF 314278,deepseek_reasoning,budget_06,run_05,0.087379,0.25,0.129496,0.816298,0.804281,0.810245,sentence-transformers/all-mpnet-base-v2,0.552987
MTG42,SeattleCityCouncil_01112016_CF 314278,deepseek_temp1_chat,budget_02,run_01,0.217391,0.138889,0.169492,0.850253,0.797532,0.823049,sentence-transformers/all-mpnet-base-v2,0.496749
MTG42,SeattleCityCouncil_01112016_CF 314278,deepseek_temp1_chat,budget_02,run_02,0.102564,0.111111,0.106667,0.840165,0.803823,0.821592,sentence-transformers/all-mpnet-base-v2,0.457603
MTG42,SeattleCityCouncil_01112016_CF 314278,deepseek_temp1_chat,budget_02,run_03,0.133333,0.111111,0.121212,0.837045,0.79489,0.815423,sentence-transformers/all-mpnet-base-v2,0.563628
MTG42,SeattleCityCouncil_01112016_CF 314278,deepseek_temp1_chat,budget_02,run_04,0.114286,0.111111,0.112676,0.841185,0.797462,0.81874,sentence-transformers/all-mpnet-base-v2,0.449249
MTG42,SeattleCityCouncil_01112016_CF 314278,deepseek_temp1_chat,budget_02,run_05,0.121212,0.111111,0.115942,0.844877,0.79955,0.821589,sentence-transformers/all-mpnet-base-v2,0.486245
MTG42,SeattleCityCouncil_01112016_CF 314278,deepseek_temp1_chat,budget_03,run_01,0.122449,0.166667,0.141176,0.833097,0.801263,0.81687,sentence-transformers/all-mpnet-base-v2,0.529577
MTG42,SeattleCityCouncil_01112016_CF 314278,deepseek_temp1_chat,budget_03,run_02,0.116279,0.138889,0.126582,0.832916,0.800224,0.816243,sentence-transformers/all-mpnet-base-v2,0.528258
MTG42,SeattleCityCouncil_01112016_CF 314278,deepseek_temp1_chat,budget_03,run_03,0.083333,0.083333,0.083333,0.845205,0.80092,0.822467,sentence-transformers/all-mpnet-base-v2,0.477146
MTG42,SeattleCityCouncil_01112016_CF 314278,deepseek_temp1_chat,budget_03,run_04,0.170732,0.194444,0.181818,0.844045,0.799691,0.82127,sentence-transformers/all-mpnet-base-v2,0.493032
MTG42,SeattleCityCouncil_01112016_CF 314278,deepseek_temp1_chat,budget_03,run_05,0.12,0.166667,0.139535,0.830757,0.799013,0.814576,sentence-transformers/all-mpnet-base-v2,0.584759
MTG42,SeattleCityCouncil_01112016_CF 314278,deepseek_temp1_chat,budget_06,run_01,0.059829,0.194444,0.091503,0.811494,0.80861,0.81005,sentence-transformers/all-mpnet-base-v2,0.518861
MTG42,SeattleCityCouncil_01112016_CF 314278,deepseek_temp1_chat,budget_06,run_02,0.125,0.277778,0.172414,0.823572,0.802534,0.812917,sentence-transformers/all-mpnet-base-v2,0.547906
MTG42,SeattleCityCouncil_01112016_CF 314278,deepseek_temp1_chat,budget_06,run_03,0.06383,0.166667,0.092308,0.815912,0.803921,0.809872,sentence-transformers/all-mpnet-base-v2,0.496473
MTG42,SeattleCityCouncil_01112016_CF 314278,deepseek_temp1_chat,budget_06,run_04,0.08,0.166667,0.108108,0.825104,0.808985,0.816965,sentence-transformers/all-mpnet-base-v2,0.515237
MTG42,SeattleCityCouncil_01112016_CF 314278,deepseek_temp1_chat,budget_06,run_05,0.071429,0.194444,0.104478,0.819463,0.811903,0.815665,sentence-transformers/all-mpnet-base-v2,0.555896
MTG42,SeattleCityCouncil_01112016_CF 314278,gemini_2_5_flash_lite,budget_02,run_01,0.153846,0.111111,0.129032,0.845095,0.810368,0.827367,sentence-transformers/all-mpnet-base-v2,0.37121
MTG42,SeattleCityCouncil_01112016_CF 314278,gemini_2_5_flash_lite,budget_02,run_02,0.16129,0.138889,0.149254,0.848665,0.79885,0.823004,sentence-transformers/all-mpnet-base-v2,0.547212
MTG42,SeattleCityCouncil_01112016_CF 314278,gemini_2_5_flash_lite,budget_02,run_03,0.133333,0.111111,0.121212,0.860237,0.812268,0.835565,sentence-transformers/all-mpnet-base-v2,0.611673
MTG42,SeattleCityCouncil_01112016_CF 314278,gemini_2_5_flash_lite,budget_02,run_04,0.129032,0.111111,0.119403,0.853872,0.802423,0.827348,sentence-transformers/all-mpnet-base-v2,0.5358
MTG42,SeattleCityCouncil_01112016_CF 314278,gemini_2_5_flash_lite,budget_02,run_05,0.153846,0.111111,0.129032,0.853789,0.809643,0.83113,sentence-transformers/all-mpnet-base-v2,0.536566
MTG42,SeattleCityCouncil_01112016_CF 314278,gemini_2_5_flash_lite,budget_03,run_01,0.114286,0.111111,0.112676,0.839523,0.796739,0.817572,sentence-transformers/all-mpnet-base-v2,0.477951
MTG42,SeattleCityCouncil_01112016_CF 314278,gemini_2_5_flash_lite,budget_03,run_02,0.131579,0.138889,0.135135,0.84022,0.800846,0.82006,sentence-transformers/all-mpnet-base-v2,0.318955
MTG42,SeattleCityCouncil_01112016_CF 314278,gemini_2_5_flash_lite,budget_03,run_03,0.15625,0.138889,0.147059,0.847363,0.80253,0.824337,sentence-transformers/all-mpnet-base-v2,0.610636
MTG42,SeattleCityCouncil_01112016_CF 314278,gemini_2_5_flash_lite,budget_03,run_04,0.097561,0.111111,0.103896,0.848955,0.801506,0.824549,sentence-transformers/all-mpnet-base-v2,0.574221
MTG42,SeattleCityCouncil_01112016_CF 314278,gemini_2_5_flash_lite,budget_03,run_05,0.107143,0.083333,0.09375,0.846784,0.800854,0.823179,sentence-transformers/all-mpnet-base-v2,0.320552
MTG42,SeattleCityCouncil_01112016_CF 314278,gemini_2_5_flash_lite,budget_06,run_01,0.103448,0.166667,0.12766,0.832618,0.804726,0.818434,sentence-transformers/all-mpnet-base-v2,0.48295
MTG42,SeattleCityCouncil_01112016_CF 314278,gemini_2_5_flash_lite,budget_06,run_02,0.076923,0.111111,0.090909,0.838154,0.805017,0.821252,sentence-transformers/all-mpnet-base-v2,0.412211
MTG42,SeattleCityCouncil_01112016_CF 314278,gemini_2_5_flash_lite,budget_06,run_03,0.068966,0.111111,0.085106,0.836375,0.806109,0.820963,sentence-transformers/all-mpnet-base-v2,0.580548
MTG42,SeattleCityCouncil_01112016_CF 314278,gemini_2_5_flash_lite,budget_06,run_04,0.090909,0.138889,0.10989,0.842243,0.804557,0.822968,sentence-transformers/all-mpnet-base-v2,0.557767
MTG42,SeattleCityCouncil_01112016_CF 314278,gemini_2_5_flash_lite,budget_06,run_05,0.102941,0.194444,0.134615,0.836429,0.810241,0.823127,sentence-transformers/all-mpnet-base-v2,0.545488
MTG43,SeattleCityCouncil_12142015_CF 314278,deepseek_reasoning,budget_02,run_01,0.121212,0.111111,0.115942,0.823983,0.795417,0.809448,sentence-transformers/all-mpnet-base-v2,0.491758
MTG43,SeattleCityCouncil_12142015_CF 314278,deepseek_reasoning,budget_02,run_02,0.142857,0.111111,0.125,0.836022,0.792901,0.81389,sentence-transformers/all-mpnet-base-v2,0.46351
MTG43,SeattleCityCouncil_12142015_CF 314278,deepseek_reasoning,budget_02,run_03,0.16,0.111111,0.131148,0.822523,0.79966,0.81093,sentence-transformers/all-mpnet-base-v2,0.495388
MTG43,SeattleCityCouncil_12142015_CF 314278,deepseek_reasoning,budget_02,run_04,0.166667,0.166667,0.166667,0.835327,0.80658,0.820702,sentence-transformers/all-mpnet-base-v2,0.491778
MTG43,SeattleCityCouncil_12142015_CF 314278,deepseek_reasoning,budget_02,run_05,0.111111,0.111111,0.111111,0.822605,0.801082,0.811701,sentence-transformers/all-mpnet-base-v2,0.440029
MTG43,SeattleCityCouncil_12142015_CF 314278,deepseek_reasoning,budget_03,run_01,0.032258,0.027778,0.029851,0.831273,0.79836,0.814484,sentence-transformers/all-mpnet-base-v2,0.338239
MTG43,SeattleCityCouncil_12142015_CF 314278,deepseek_reasoning,budget_03,run_02,0.076923,0.083333,0.08,0.823721,0.795656,0.809446,sentence-transformers/all-mpnet-base-v2,0.529869
MTG43,SeattleCityCouncil_12142015_CF 314278,deepseek_reasoning,budget_03,run_03,0.108696,0.138889,0.121951,0.817769,0.793783,0.805597,sentence-transformers/all-mpnet-base-v2,0.512726
MTG43,SeattleCityCouncil_12142015_CF 314278,deepseek_reasoning,budget_03,run_04,0.111111,0.138889,0.123457,0.817348,0.790675,0.80379,sentence-transformers/all-mpnet-base-v2,0.512369
MTG43,SeattleCityCouncil_12142015_CF 314278,deepseek_reasoning,budget_03,run_05,0.103448,0.166667,0.12766,0.827868,0.812995,0.820364,sentence-transformers/all-mpnet-base-v2,0.532824
MTG43,SeattleCityCouncil_12142015_CF 314278,deepseek_reasoning,budget_06,run_01,0.073171,0.166667,0.101695,0.808389,0.78818,0.798157,sentence-transformers/all-mpnet-base-v2,0.45815
MTG43,SeattleCityCouncil_12142015_CF 314278,deepseek_reasoning,budget_06,run_02,0.085106,0.222222,0.123077,0.81438,0.80326,0.808782,sentence-transformers/all-mpnet-base-v2,0.518535
MTG43,SeattleCityCouncil_12142015_CF 314278,deepseek_reasoning,budget_06,run_03,0.095745,0.25,0.138462,0.81563,0.81402,0.814824,sentence-transformers/all-mpnet-base-v2,0.546304
MTG43,SeattleCityCouncil_12142015_CF 314278,deepseek_reasoning,budget_06,run_04,0.077778,0.194444,0.111111,0.811495,0.805544,0.808508,sentence-transformers/all-mpnet-base-v2,0.51333
MTG43,SeattleCityCouncil_12142015_CF 314278,deepseek_reasoning,budget_06,run_05,0.07767,0.222222,0.115108,0.807854,0.801535,0.804682,sentence-transformers/all-mpnet-base-v2,0.471292
MTG43,SeattleCityCouncil_12142015_CF 314278,deepseek_temp1_chat,budget_02,run_01,0.088235,0.083333,0.085714,0.839127,0.795954,0.816971,sentence-transformers/all-mpnet-base-v2,0.490295
MTG43,SeattleCityCouncil_12142015_CF 314278,deepseek_temp1_chat,budget_02,run_02,0.108108,0.111111,0.109589,0.823389,0.795675,0.809294,sentence-transformers/all-mpnet-base-v2,0.492524
MTG43,SeattleCityCouncil_12142015_CF 314278,deepseek_temp1_chat,budget_02,run_03,0.131579,0.138889,0.135135,0.830257,0.802131,0.815951,sentence-transformers/all-mpnet-base-v2,0.480199
MTG43,SeattleCityCouncil_12142015_CF 314278,deepseek_temp1_chat,budget_02,run_04,0.1,0.111111,0.105263,0.825633,0.798906,0.81205,sentence-transformers/all-mpnet-base-v2,0.426595
MTG43,SeattleCityCouncil_12142015_CF 314278,deepseek_temp1_chat,budget_02,run_05,0.113636,0.138889,0.125,0.826122,0.797855,0.811743,sentence-transformers/all-mpnet-base-v2,0.519227
MTG43,SeattleCityCouncil_12142015_CF 314278,deepseek_temp1_chat,budget_03,run_01,0.152174,0.194444,0.170732,0.825756,0.81359,0.819628,sentence-transformers/all-mpnet-base-v2,0.586719
MTG43,SeattleCityCouncil_12142015_CF 314278,deepseek_temp1_chat,budget_03,run_02,0.125,0.194444,0.152174,0.831978,0.812771,0.822262,sentence-transformers/all-mpnet-base-v2,0.588871
MTG43,SeattleCityCouncil_12142015_CF 314278,deepseek_temp1_chat,budget_03,run_03,0.1,0.166667,0.125,0.82155,0.80179,0.811549,sentence-transformers/all-mpnet-base-v2,0.517109
MTG43,SeattleCityCouncil_12142015_CF 314278,deepseek_temp1_chat,budget_03,run_04,0.111111,0.138889,0.123457,0.837176,0.808547,0.822613,sentence-transformers/all-mpnet-base-v2,0.556046
MTG43,SeattleCityCouncil_12142015_CF 314278,deepseek_temp1_chat,budget_03,run_05,0.12766,0.166667,0.144578,0.823875,0.79731,0.810375,sentence-transformers/all-mpnet-base-v2,0.472724
MTG43,SeattleCityCouncil_12142015_CF 314278,deepseek_temp1_chat,budget_06,run_01,0.075,0.166667,0.103448,0.824683,0.80676,0.815623,sentence-transformers/all-mpnet-base-v2,0.527382
MTG43,SeattleCityCouncil_12142015_CF 314278,deepseek_temp1_chat,budget_06,run_02,0.070588,0.166667,0.099174,0.813109,0.811378,0.812242,sentence-transformers/all-mpnet-base-v2,0.489392
MTG43,SeattleCityCouncil_12142015_CF 314278,deepseek_temp1_chat,budget_06,run_03,0.106667,0.222222,0.144144,0.814361,0.799221,0.80672,sentence-transformers/all-mpnet-base-v2,0.540667
MTG43,SeattleCityCouncil_12142015_CF 314278,deepseek_temp1_chat,budget_06,run_04,0.068182,0.166667,0.096774,0.812621,0.799775,0.806147,sentence-transformers/all-mpnet-base-v2,0.486336
MTG43,SeattleCityCouncil_12142015_CF 314278,deepseek_temp1_chat,budget_06,run_05,0.105882,0.25,0.14876,0.81763,0.815635,0.816631,sentence-transformers/all-mpnet-base-v2,0.569901
MTG43,SeattleCityCouncil_12142015_CF 314278,gemini_2_5_flash_lite,budget_02,run_01,0.121212,0.111111,0.115942,0.853816,0.813202,0.833014,sentence-transformers/all-mpnet-base-v2,0.561954
MTG43,SeattleCityCouncil_12142015_CF 314278,gemini_2_5_flash_lite,budget_02,run_02,0.172414,0.138889,0.153846,0.85218,0.813797,0.832546,sentence-transformers/all-mpnet-base-v2,0.476199
MTG43,SeattleCityCouncil_12142015_CF 314278,gemini_2_5_flash_lite,budget_02,run_03,0.090909,0.055556,0.068966,0.858239,0.807241,0.83196,sentence-transformers/all-mpnet-base-v2,0.500029
MTG43,SeattleCityCouncil_12142015_CF 314278,gemini_2_5_flash_lite,budget_02,run_04,0.185185,0.138889,0.15873,0.859733,0.809615,0.833922,sentence-transformers/all-mpnet-base-v2,0.454963
MTG43,SeattleCityCouncil_12142015_CF 314278,gemini_2_5_flash_lite,budget_02,run_05,0.1875,0.166667,0.176471,0.836743,0.808076,0.822159,sentence-transformers/all-mpnet-base-v2,0.500345
MTG43,SeattleCityCouncil_12142015_CF 314278,gemini_2_5_flash_lite,budget_03,run_01,0.125,0.111111,0.117647,0.843815,0.810337,0.826737,sentence-transformers/all-mpnet-base-v2,0.559538
MTG43,SeattleCityCouncil_12142015_CF 314278,gemini_2_5_flash_lite,budget_03,run_02,0.159091,0.194444,0.175,0.837055,0.814681,0.825717,sentence-transformers/all-mpnet-base-v2,0.546495
MTG43,SeattleCityCouncil_12142015_CF 314278,gemini_2_5_flash_lite,budget_03,run_03,0.171429,0.166667,0.169014,0.835312,0.812587,0.823792,sentence-transformers/all-mpnet-base-v2,0.496695
MTG43,SeattleCityCouncil_12142015_CF 314278,gemini_2_5_flash_lite,budget_03,run_04,0.153846,0.166667,0.16,0.834324,0.811416,0.822711,sentence-transformers/all-mpnet-base-v2,0.5309
MTG43,SeattleCityCouncil_12142015_CF 314278,gemini_2_5_flash_lite,budget_03,run_05,0.138889,0.138889,0.138889,0.851431,0.816263,0.833476,sentence-transformers/all-mpnet-base-v2,0.575116
MTG43,SeattleCityCouncil_12142015_CF 314278,gemini_2_5_flash_lite,budget_06,run_01,0.12069,0.194444,0.148936,0.836343,0.811788,0.823883,sentence-transformers/all-mpnet-base-v2,0.579726
MTG43,SeattleCityCouncil_12142015_CF 314278,gemini_2_5_flash_lite,budget_06,run_02,0.118644,0.194444,0.147368,0.829715,0.808842,0.819145,sentence-transformers/all-mpnet-base-v2,0.486526
MTG43,SeattleCityCouncil_12142015_CF 314278,gemini_2_5_flash_lite,budget_06,run_03,0.098361,0.166667,0.123711,0.836634,0.811014,0.823625,sentence-transformers/all-mpnet-base-v2,0.599063
MTG43,SeattleCityCouncil_12142015_CF 314278,gemini_2_5_flash_lite,budget_06,run_04,0.129032,0.222222,0.163265,0.842227,0.817755,0.829811,sentence-transformers/all-mpnet-base-v2,0.631832
MTG43,SeattleCityCouncil_12142015_CF 314278,gemini_2_5_flash_lite,budget_06,run_05,0.104478,0.194444,0.135922,0.832302,0.811979,0.822015,sentence-transformers/all-mpnet-base-v2,0.499908
MTG44,SeattleCityCouncil_11232020_CF 314464,deepseek_reasoning,budget_02,run_01,0.2,0.375,0.26087,0.867367,0.870204,0.868783,sentence-transformers/all-mpnet-base-v2,0.643224
MTG44,SeattleCityCouncil_11232020_CF 314464,deepseek_reasoning,budget_02,run_02,0.15,0.375,0.214286,0.848118,0.874569,0.861141,sentence-transformers/all-mpnet-base-v2,0.657767
MTG44,SeattleCityCouncil_11232020_CF 314464,deepseek_reasoning,budget_02,run_03,0.090909,0.1875,0.122449,0.848042,0.85644,0.85222,sentence-transformers/all-mpnet-base-v2,0.617892
MTG44,SeattleCityCouncil_11232020_CF 314464,deepseek_reasoning,budget_02,run_04,0.135135,0.3125,0.188679,0.860069,0.873495,0.86673,sentence-transformers/all-mpnet-base-v2,0.722245
MTG44,SeattleCityCouncil_11232020_CF 314464,deepseek_reasoning,budget_02,run_05,0.171429,0.375,0.235294,0.846788,0.870636,0.858547,sentence-transformers/all-mpnet-base-v2,0.667587
MTG44,SeattleCityCouncil_11232020_CF 314464,deepseek_reasoning,budget_03,run_01,0.12766,0.375,0.190476,0.84314,0.866804,0.854808,sentence-transformers/all-mpnet-base-v2,0.711593
MTG44,SeattleCityCouncil_11232020_CF 314464,deepseek_reasoning,budget_03,run_02,0.142857,0.4375,0.215385,0.845647,0.878465,0.861744,sentence-transformers/all-mpnet-base-v2,0.733846
MTG44,SeattleCityCouncil_11232020_CF 314464,deepseek_reasoning,budget_03,run_03,0.12766,0.375,0.190476,0.831025,0.864609,0.847485,sentence-transformers/all-mpnet-base-v2,0.702291
MTG44,SeattleCityCouncil_11232020_CF 314464,deepseek_reasoning,budget_03,run_04,0.117647,0.375,0.179104,0.851992,0.870778,0.861283,sentence-transformers/all-mpnet-base-v2,0.653196
MTG44,SeattleCityCouncil_11232020_CF 314464,deepseek_reasoning,budget_03,run_05,0.14,0.4375,0.212121,0.841491,0.871753,0.856355,sentence-transformers/all-mpnet-base-v2,0.670469
MTG44,SeattleCityCouncil_11232020_CF 314464,deepseek_reasoning,budget_06,run_01,0.081395,0.4375,0.137255,0.829201,0.865917,0.847161,sentence-transformers/all-mpnet-base-v2,0.658767
MTG44,SeattleCityCouncil_11232020_CF 314464,deepseek_reasoning,budget_06,run_02,0.084337,0.4375,0.141414,0.830866,0.866888,0.848495,sentence-transformers/all-mpnet-base-v2,0.75182
MTG44,SeattleCityCouncil_11232020_CF 314464,deepseek_reasoning,budget_06,run_03,0.088889,0.5,0.150943,0.833259,0.866915,0.849754,sentence-transformers/all-mpnet-base-v2,0.6687
MTG44,SeattleCityCouncil_11232020_CF 314464,deepseek_reasoning,budget_06,run_04,0.060606,0.375,0.104348,0.821898,0.860349,0.840684,sentence-transformers/all-mpnet-base-v2,0.683386
MTG44,SeattleCityCouncil_11232020_CF 314464,deepseek_reasoning,budget_06,run_05,0.069767,0.375,0.117647,0.824592,0.8629,0.843312,sentence-transformers/all-mpnet-base-v2,0.685327
MTG44,SeattleCityCouncil_11232020_CF 314464,deepseek_temp1_chat,budget_02,run_01,0.146341,0.375,0.210526,0.848792,0.877217,0.86277,sentence-transformers/all-mpnet-base-v2,0.653472
MTG44,SeattleCityCouncil_11232020_CF 314464,deepseek_temp1_chat,budget_02,run_02,0.225806,0.4375,0.297872,0.860565,0.88406,0.872155,sentence-transformers/all-mpnet-base-v2,0.742429
MTG44,SeattleCityCouncil_11232020_CF 314464,deepseek_temp1_chat,budget_02,run_03,0.135135,0.3125,0.188679,0.856263,0.878666,0.86732,sentence-transformers/all-mpnet-base-v2,0.688006
MTG44,SeattleCityCouncil_11232020_CF 314464,deepseek_temp1_chat,budget_02,run_04,0.108696,0.3125,0.16129,0.838591,0.851428,0.844961,sentence-transformers/all-mpnet-base-v2,0.539326
MTG44,SeattleCityCouncil_11232020_CF 314464,deepseek_temp1_chat,budget_02,run_05,0.131579,0.3125,0.185185,0.848626,0.859004,0.853783,sentence-transformers/all-mpnet-base-v2,0.565956
MTG44,SeattleCityCouncil_11232020_CF 314464,deepseek_temp1_chat,budget_03,run_01,0.098361,0.375,0.155844,0.824219,0.86424,0.843755,sentence-transformers/all-mpnet-base-v2,0.695664
MTG44,SeattleCityCouncil_11232020_CF 314464,deepseek_temp1_chat,budget_03,run_02,0.148936,0.4375,0.222222,0.838698,0.871573,0.854819,sentence-transformers/all-mpnet-base-v2,0.654658
MTG44,SeattleCityCouncil_11232020_CF 314464,deepseek_temp1_chat,budget_03,run_03,0.081633,0.25,0.123077,0.821596,0.849534,0.835331,sentence-transformers/all-mpnet-base-v2,0.560765
MTG44,SeattleCityCouncil_11232020_CF 314464,deepseek_temp1_chat,budget_03,run_04,0.133333,0.375,0.196721,0.844416,0.866744,0.855434,sentence-transformers/all-mpnet-base-v2,0.645638
MTG44,SeattleCityCouncil_11232020_CF 314464,deepseek_temp1_chat,budget_03,run_05,0.066667,0.25,0.105263,0.832179,0.851738,0.841845,sentence-transformers/all-mpnet-base-v2,0.593131
MTG44,SeattleCityCouncil_11232020_CF 314464,deepseek_temp1_chat,budget_06,run_01,0.080808,0.5,0.13913,0.821344,0.863678,0.841979,sentence-transformers/all-mpnet-base-v2,0.667662
MTG44,SeattleCityCouncil_11232020_CF 314464,deepseek_temp1_chat,budget_06,run_02,0.082353,0.4375,0.138614,0.821625,0.86748,0.84393,sentence-transformers/all-mpnet-base-v2,0.715647
MTG44,SeattleCityCouncil_11232020_CF 314464,deepseek_temp1_chat,budget_06,run_03,0.073171,0.375,0.122449,0.824352,0.861243,0.842394,sentence-transformers/all-mpnet-base-v2,0.716559
MTG44,SeattleCityCouncil_11232020_CF 314464,deepseek_temp1_chat,budget_06,run_04,0.070588,0.375,0.118812,0.830808,0.867814,0.848908,sentence-transformers/all-mpnet-base-v2,0.723565
MTG44,SeattleCityCouncil_11232020_CF 314464,deepseek_temp1_chat,budget_06,run_05,0.059406,0.375,0.102564,0.819537,0.863997,0.84118,sentence-transformers/all-mpnet-base-v2,0.731487
MTG44,SeattleCityCouncil_11232020_CF 314464,gemini_2_5_flash_lite,budget_02,run_01,0.214286,0.375,0.272727,0.879594,0.886404,0.882986,sentence-transformers/all-mpnet-base-v2,0.800961
MTG44,SeattleCityCouncil_11232020_CF 314464,gemini_2_5_flash_lite,budget_02,run_02,0.222222,0.375,0.27907,0.868106,0.877622,0.872838,sentence-transformers/all-mpnet-base-v2,0.773221
MTG44,SeattleCityCouncil_11232020_CF 314464,gemini_2_5_flash_lite,budget_02,run_03,0.275862,0.5,0.355556,0.884385,0.897888,0.891085,sentence-transformers/all-mpnet-base-v2,0.821688
MTG44,SeattleCityCouncil_11232020_CF 314464,gemini_2_5_flash_lite,budget_02,run_04,0.233333,0.4375,0.304348,0.873378,0.876745,0.875058,sentence-transformers/all-mpnet-base-v2,0.641661
MTG44,SeattleCityCouncil_11232020_CF 314464,gemini_2_5_flash_lite,budget_02,run_05,0.111111,0.25,0.153846,0.863809,0.867576,0.865689,sentence-transformers/all-mpnet-base-v2,0.695184
MTG44,SeattleCityCouncil_11232020_CF 314464,gemini_2_5_flash_lite,budget_03,run_01,0.212121,0.4375,0.285714,0.880398,0.885028,0.882707,sentence-transformers/all-mpnet-base-v2,0.647587
MTG44,SeattleCityCouncil_11232020_CF 314464,gemini_2_5_flash_lite,budget_03,run_02,0.157895,0.375,0.222222,0.876034,0.879789,0.877908,sentence-transformers/all-mpnet-base-v2,0.811012
MTG44,SeattleCityCouncil_11232020_CF 314464,gemini_2_5_flash_lite,budget_03,run_03,0.2,0.4375,0.27451,0.88243,0.887222,0.884819,sentence-transformers/all-mpnet-base-v2,0.781563
MTG44,SeattleCityCouncil_11232020_CF 314464,gemini_2_5_flash_lite,budget_03,run_04,0.153846,0.375,0.218182,0.865538,0.880577,0.872992,sentence-transformers/all-mpnet-base-v2,0.762597
MTG44,SeattleCityCouncil_11232020_CF 314464,gemini_2_5_flash_lite,budget_03,run_05,0.21875,0.4375,0.291667,0.869923,0.884162,0.876985,sentence-transformers/all-mpnet-base-v2,0.762159
MTG44,SeattleCityCouncil_11232020_CF 314464,gemini_2_5_flash_lite,budget_06,run_01,0.150943,0.5,0.231884,0.853496,0.888925,0.87085,sentence-transformers/all-mpnet-base-v2,0.803245
MTG44,SeattleCityCouncil_11232020_CF 314464,gemini_2_5_flash_lite,budget_06,run_02,0.12069,0.4375,0.189189,0.856512,0.875075,0.865694,sentence-transformers/all-mpnet-base-v2,0.683972
MTG44,SeattleCityCouncil_11232020_CF 314464,gemini_2_5_flash_lite,budget_06,run_03,0.119403,0.5,0.192771,0.840136,0.883794,0.861412,sentence-transformers/all-mpnet-base-v2,0.778466
MTG44,SeattleCityCouncil_11232020_CF 314464,gemini_2_5_flash_lite,budget_06,run_04,0.084746,0.3125,0.133333,0.846427,0.856364,0.851366,sentence-transformers/all-mpnet-base-v2,0.671129
MTG44,SeattleCityCouncil_11232020_CF 314464,gemini_2_5_flash_lite,budget_06,run_05,0.092308,0.375,0.148148,0.847692,0.86845,0.857946,sentence-transformers/all-mpnet-base-v2,0.768261
MTG45,BostonCC_02022022_2022-0246,deepseek_reasoning,budget_02,run_01,0.175,0.368421,0.237288,0.863042,0.884321,0.873552,sentence-transformers/all-mpnet-base-v2,0.782723
MTG45,BostonCC_02022022_2022-0246,deepseek_reasoning,budget_02,run_02,0.230769,0.315789,0.266667,0.873765,0.864182,0.868947,sentence-transformers/all-mpnet-base-v2,0.680705
MTG45,BostonCC_02022022_2022-0246,deepseek_reasoning,budget_02,run_03,0.257143,0.473684,0.333333,0.866653,0.887838,0.877117,sentence-transformers/all-mpnet-base-v2,0.696608
MTG45,BostonCC_02022022_2022-0246,deepseek_reasoning,budget_02,run_04,0.138889,0.263158,0.181818,0.867893,0.868024,0.867958,sentence-transformers/all-mpnet-base-v2,0.642288
MTG45,BostonCC_02022022_2022-0246,deepseek_reasoning,budget_02,run_05,0.194444,0.368421,0.254545,0.863347,0.869872,0.866597,sentence-transformers/all-mpnet-base-v2,0.667598
MTG45,BostonCC_02022022_2022-0246,deepseek_reasoning,budget_03,run_01,0.108108,0.210526,0.142857,0.85597,0.858412,0.857189,sentence-transformers/all-mpnet-base-v2,0.572802
MTG45,BostonCC_02022022_2022-0246,deepseek_reasoning,budget_03,run_02,0.15,0.473684,0.227848,0.847358,0.881967,0.864316,sentence-transformers/all-mpnet-base-v2,0.677989
MTG45,BostonCC_02022022_2022-0246,deepseek_reasoning,budget_03,run_03,0.232143,0.684211,0.346667,0.859231,0.897283,0.877845,sentence-transformers/all-mpnet-base-v2,0.749131
MTG45,BostonCC_02022022_2022-0246,deepseek_reasoning,budget_03,run_04,0.18,0.473684,0.26087,0.861534,0.890631,0.875841,sentence-transformers/all-mpnet-base-v2,0.721507
MTG45,BostonCC_02022022_2022-0246,deepseek_reasoning,budget_03,run_05,0.125,0.263158,0.169492,0.855612,0.86538,0.860468,sentence-transformers/all-mpnet-base-v2,0.626873
MTG45,BostonCC_02022022_2022-0246,deepseek_reasoning,budget_06,run_01,0.157303,0.736842,0.259259,0.840455,0.888259,0.863696,sentence-transformers/all-mpnet-base-v2,0.689087
MTG45,BostonCC_02022022_2022-0246,deepseek_reasoning,budget_06,run_02,0.127451,0.684211,0.214876,0.841957,0.894529,0.867447,sentence-transformers/all-mpnet-base-v2,0.698398
MTG45,BostonCC_02022022_2022-0246,deepseek_reasoning,budget_06,run_03,0.139785,0.684211,0.232143,0.840805,0.890737,0.865051,sentence-transformers/all-mpnet-base-v2,0.707066
MTG45,BostonCC_02022022_2022-0246,deepseek_reasoning,budget_06,run_04,0.122222,0.578947,0.201835,0.840121,0.882633,0.860852,sentence-transformers/all-mpnet-base-v2,0.698536
MTG45,BostonCC_02022022_2022-0246,deepseek_reasoning,budget_06,run_05,0.141176,0.631579,0.230769,0.830408,0.88497,0.856821,sentence-transformers/all-mpnet-base-v2,0.682405
MTG45,BostonCC_02022022_2022-0246,deepseek_temp1_chat,budget_02,run_01,0.233333,0.368421,0.285714,0.866623,0.876353,0.871461,sentence-transformers/all-mpnet-base-v2,0.700239
MTG45,BostonCC_02022022_2022-0246,deepseek_temp1_chat,budget_02,run_02,0.230769,0.315789,0.266667,0.876158,0.883572,0.879849,sentence-transformers/all-mpnet-base-v2,0.656623
MTG45,BostonCC_02022022_2022-0246,deepseek_temp1_chat,budget_02,run_03,0.205128,0.421053,0.275862,0.862915,0.879395,0.871077,sentence-transformers/all-mpnet-base-v2,0.686227
MTG45,BostonCC_02022022_2022-0246,deepseek_temp1_chat,budget_02,run_04,0.21875,0.368421,0.27451,0.872948,0.875036,0.873991,sentence-transformers/all-mpnet-base-v2,0.640824
MTG45,BostonCC_02022022_2022-0246,deepseek_temp1_chat,budget_02,run_05,0.155556,0.368421,0.21875,0.862964,0.876307,0.869584,sentence-transformers/all-mpnet-base-v2,0.726093
MTG45,BostonCC_02022022_2022-0246,deepseek_temp1_chat,budget_03,run_01,0.203704,0.578947,0.30137,0.859767,0.889862,0.874556,sentence-transformers/all-mpnet-base-v2,0.753443
MTG45,BostonCC_02022022_2022-0246,deepseek_temp1_chat,budget_03,run_02,0.128205,0.263158,0.172414,0.859962,0.861625,0.860793,sentence-transformers/all-mpnet-base-v2,0.670863
MTG45,BostonCC_02022022_2022-0246,deepseek_temp1_chat,budget_03,run_03,0.25641,0.526316,0.344828,0.867562,0.881353,0.874403,sentence-transformers/all-mpnet-base-v2,0.743808
MTG45,BostonCC_02022022_2022-0246,deepseek_temp1_chat,budget_03,run_04,0.166667,0.421053,0.238806,0.855416,0.876178,0.865672,sentence-transformers/all-mpnet-base-v2,0.655756
MTG45,BostonCC_02022022_2022-0246,deepseek_temp1_chat,budget_03,run_05,0.189189,0.368421,0.25,0.862633,0.876487,0.869505,sentence-transformers/all-mpnet-base-v2,0.634935
MTG45,BostonCC_02022022_2022-0246,deepseek_temp1_chat,budget_06,run_01,0.074074,0.315789,0.12,0.824137,0.861989,0.842638,sentence-transformers/all-mpnet-base-v2,0.525334
MTG45,BostonCC_02022022_2022-0246,deepseek_temp1_chat,budget_06,run_02,0.121951,0.526316,0.19802,0.83597,0.883674,0.85916,sentence-transformers/all-mpnet-base-v2,0.632702
MTG45,BostonCC_02022022_2022-0246,deepseek_temp1_chat,budget_06,run_03,0.126316,0.631579,0.210526,0.834745,0.885631,0.859435,sentence-transformers/all-mpnet-base-v2,0.60571
MTG45,BostonCC_02022022_2022-0246,deepseek_temp1_chat,budget_06,run_04,0.112245,0.578947,0.188034,0.838604,0.887433,0.862328,sentence-transformers/all-mpnet-base-v2,0.605037
MTG45,BostonCC_02022022_2022-0246,deepseek_temp1_chat,budget_06,run_05,0.113208,0.631579,0.192,0.830378,0.884413,0.856544,sentence-transformers/all-mpnet-base-v2,0.622361
MTG45,BostonCC_02022022_2022-0246,gemini_2_5_flash_lite,budget_02,run_01,0.363636,0.631579,0.461538,0.891939,0.900677,0.896287,sentence-transformers/all-mpnet-base-v2,0.791168
MTG45,BostonCC_02022022_2022-0246,gemini_2_5_flash_lite,budget_02,run_02,0.185185,0.263158,0.217391,0.869326,0.863107,0.866205,sentence-transformers/all-mpnet-base-v2,0.698923
MTG45,BostonCC_02022022_2022-0246,gemini_2_5_flash_lite,budget_02,run_03,0.166667,0.263158,0.204082,0.866124,0.866261,0.866193,sentence-transformers/all-mpnet-base-v2,0.692273
MTG45,BostonCC_02022022_2022-0246,gemini_2_5_flash_lite,budget_02,run_04,0.291667,0.368421,0.325581,0.885001,0.878726,0.881852,sentence-transformers/all-mpnet-base-v2,0.760752
MTG45,BostonCC_02022022_2022-0246,gemini_2_5_flash_lite,budget_02,run_05,0.103448,0.157895,0.125,0.862556,0.863422,0.862989,sentence-transformers/all-mpnet-base-v2,0.63819
MTG45,BostonCC_02022022_2022-0246,gemini_2_5_flash_lite,budget_03,run_01,0.151515,0.263158,0.192308,0.861942,0.851119,0.856496,sentence-transformers/all-mpnet-base-v2,0.62524
MTG45,BostonCC_02022022_2022-0246,gemini_2_5_flash_lite,budget_03,run_02,0.189189,0.368421,0.25,0.866622,0.878064,0.872306,sentence-transformers/all-mpnet-base-v2,0.650739
MTG45,BostonCC_02022022_2022-0246,gemini_2_5_flash_lite,budget_03,run_03,0.146341,0.315789,0.2,0.857216,0.8717,0.864397,sentence-transformers/all-mpnet-base-v2,0.638179
MTG45,BostonCC_02022022_2022-0246,gemini_2_5_flash_lite,budget_03,run_04,0.230769,0.473684,0.310345,0.872715,0.892609,0.88255,sentence-transformers/all-mpnet-base-v2,0.719763
MTG45,BostonCC_02022022_2022-0246,gemini_2_5_flash_lite,budget_03,run_05,0.128205,0.263158,0.172414,0.858335,0.863229,0.860775,sentence-transformers/all-mpnet-base-v2,0.595344
MTG45,BostonCC_02022022_2022-0246,gemini_2_5_flash_lite,budget_06,run_01,0.12963,0.368421,0.191781,0.859882,0.85692,0.858398,sentence-transformers/all-mpnet-base-v2,0.674571
MTG45,BostonCC_02022022_2022-0246,gemini_2_5_flash_lite,budget_06,run_02,0.137255,0.368421,0.2,0.858638,0.866864,0.862731,sentence-transformers/all-mpnet-base-v2,0.653347
MTG45,BostonCC_02022022_2022-0246,gemini_2_5_flash_lite,budget_06,run_03,0.12963,0.368421,0.191781,0.856291,0.869029,0.862613,sentence-transformers/all-mpnet-base-v2,0.660737
MTG45,BostonCC_02022022_2022-0246,gemini_2_5_flash_lite,budget_06,run_04,0.090909,0.263158,0.135135,0.859261,0.867476,0.863349,sentence-transformers/all-mpnet-base-v2,0.658091
MTG45,BostonCC_02022022_2022-0246,gemini_2_5_flash_lite,budget_06,run_05,0.103448,0.315789,0.155844,0.853816,0.863248,0.858506,sentence-transformers/all-mpnet-base-v2,0.64651
MTG46,BostonCC_03162022_2022-0381,deepseek_reasoning,budget_02,run_01,0.194444,0.291667,0.233333,0.86979,0.89567,0.88254,sentence-transformers/all-mpnet-base-v2,0.774887
MTG46,BostonCC_03162022_2022-0381,deepseek_reasoning,budget_02,run_02,0.130435,0.125,0.12766,0.854764,0.862081,0.858407,sentence-transformers/all-mpnet-base-v2,0.443323
MTG46,BostonCC_03162022_2022-0381,deepseek_reasoning,budget_02,run_03,0.193548,0.25,0.218182,0.864288,0.876346,0.870275,sentence-transformers/all-mpnet-base-v2,0.565655
MTG46,BostonCC_03162022_2022-0381,deepseek_reasoning,budget_02,run_04,0.129032,0.166667,0.145455,0.852211,0.874664,0.863292,sentence-transformers/all-mpnet-base-v2,0.638312
MTG46,BostonCC_03162022_2022-0381,deepseek_reasoning,budget_02,run_05,0.21875,0.291667,0.25,0.868439,0.893695,0.880886,sentence-transformers/all-mpnet-base-v2,0.679268
MTG46,BostonCC_03162022_2022-0381,deepseek_reasoning,budget_03,run_01,0.204082,0.416667,0.273973,0.84835,0.888945,0.868173,sentence-transformers/all-mpnet-base-v2,0.765673
MTG46,BostonCC_03162022_2022-0381,deepseek_reasoning,budget_03,run_02,0.204545,0.375,0.264706,0.879971,0.911647,0.895529,sentence-transformers/all-mpnet-base-v2,0.825576
MTG46,BostonCC_03162022_2022-0381,deepseek_reasoning,budget_03,run_03,0.177778,0.333333,0.231884,0.86516,0.889703,0.87726,sentence-transformers/all-mpnet-base-v2,0.695973
MTG46,BostonCC_03162022_2022-0381,deepseek_reasoning,budget_03,run_04,0.166667,0.375,0.230769,0.86246,0.902902,0.882218,sentence-transformers/all-mpnet-base-v2,0.774757
MTG46,BostonCC_03162022_2022-0381,deepseek_reasoning,budget_03,run_05,0.2,0.375,0.26087,0.857938,0.898171,0.877594,sentence-transformers/all-mpnet-base-v2,0.693674
MTG46,BostonCC_03162022_2022-0381,deepseek_reasoning,budget_06,run_01,0.139785,0.541667,0.222222,0.838481,0.896474,0.866508,sentence-transformers/all-mpnet-base-v2,0.746773
MTG46,BostonCC_03162022_2022-0381,deepseek_reasoning,budget_06,run_02,0.117021,0.458333,0.186441,0.827917,0.896313,0.860759,sentence-transformers/all-mpnet-base-v2,0.797361
MTG46,BostonCC_03162022_2022-0381,deepseek_reasoning,budget_06,run_03,0.147059,0.625,0.238095,0.837035,0.908501,0.871305,sentence-transformers/all-mpnet-base-v2,0.799603
MTG46,BostonCC_03162022_2022-0381,deepseek_reasoning,budget_06,run_04,0.115385,0.5,0.1875,0.832209,0.900491,0.865005,sentence-transformers/all-mpnet-base-v2,0.713749
MTG46,BostonCC_03162022_2022-0381,deepseek_reasoning,budget_06,run_05,0.132653,0.541667,0.213115,0.831214,0.904402,0.866265,sentence-transformers/all-mpnet-base-v2,0.836989
MTG46,BostonCC_03162022_2022-0381,deepseek_temp1_chat,budget_02,run_01,0.172414,0.208333,0.188679,0.854061,0.883083,0.86833,sentence-transformers/all-mpnet-base-v2,0.636224
MTG46,BostonCC_03162022_2022-0381,deepseek_temp1_chat,budget_02,run_02,0.176471,0.25,0.206897,0.869333,0.890081,0.879585,sentence-transformers/all-mpnet-base-v2,0.613344
MTG46,BostonCC_03162022_2022-0381,deepseek_temp1_chat,budget_02,run_03,0.16129,0.208333,0.181818,0.860347,0.872833,0.866545,sentence-transformers/all-mpnet-base-v2,0.632752
MTG46,BostonCC_03162022_2022-0381,deepseek_temp1_chat,budget_02,run_04,0.230769,0.375,0.285714,0.876049,0.909124,0.89228,sentence-transformers/all-mpnet-base-v2,0.769107
MTG46,BostonCC_03162022_2022-0381,deepseek_temp1_chat,budget_02,run_05,0.193548,0.25,0.218182,0.861327,0.877133,0.869158,sentence-transformers/all-mpnet-base-v2,0.604601
MTG46,BostonCC_03162022_2022-0381,deepseek_temp1_chat,budget_03,run_01,0.132353,0.375,0.195652,0.851267,0.894025,0.872122,sentence-transformers/all-mpnet-base-v2,0.730041
MTG46,BostonCC_03162022_2022-0381,deepseek_temp1_chat,budget_03,run_02,0.183673,0.375,0.246575,0.85979,0.891674,0.875441,sentence-transformers/all-mpnet-base-v2,0.732195
MTG46,BostonCC_03162022_2022-0381,deepseek_temp1_chat,budget_03,run_03,0.166667,0.375,0.230769,0.846985,0.883595,0.864903,sentence-transformers/all-mpnet-base-v2,0.708344
MTG46,BostonCC_03162022_2022-0381,deepseek_temp1_chat,budget_03,run_04,0.155556,0.291667,0.202899,0.859328,0.892532,0.875615,sentence-transformers/all-mpnet-base-v2,0.664183
MTG46,BostonCC_03162022_2022-0381,deepseek_temp1_chat,budget_03,run_05,0.108696,0.208333,0.142857,0.844639,0.86831,0.856311,sentence-transformers/all-mpnet-base-v2,0.546745
MTG46,BostonCC_03162022_2022-0381,deepseek_temp1_chat,budget_06,run_01,0.107527,0.416667,0.17094,0.839876,0.898506,0.868202,sentence-transformers/all-mpnet-base-v2,0.798252
MTG46,BostonCC_03162022_2022-0381,deepseek_temp1_chat,budget_06,run_02,0.104651,0.375,0.163636,0.831138,0.879638,0.854701,sentence-transformers/all-mpnet-base-v2,0.773504
MTG46,BostonCC_03162022_2022-0381,deepseek_temp1_chat,budget_06,run_03,0.077922,0.25,0.118812,0.83115,0.878064,0.853963,sentence-transformers/all-mpnet-base-v2,0.735327
MTG46,BostonCC_03162022_2022-0381,deepseek_temp1_chat,budget_06,run_04,0.081633,0.333333,0.131148,0.836933,0.896861,0.865861,sentence-transformers/all-mpnet-base-v2,0.793963
MTG46,BostonCC_03162022_2022-0381,deepseek_temp1_chat,budget_06,run_05,0.147059,0.625,0.238095,0.842171,0.904781,0.872354,sentence-transformers/all-mpnet-base-v2,0.751072
MTG46,BostonCC_03162022_2022-0381,gemini_2_5_flash_lite,budget_02,run_01,0.4,0.5,0.444444,0.908574,0.928866,0.918608,sentence-transformers/all-mpnet-base-v2,0.78843
MTG46,BostonCC_03162022_2022-0381,gemini_2_5_flash_lite,budget_02,run_02,0.294118,0.416667,0.344828,0.902217,0.916248,0.909179,sentence-transformers/all-mpnet-base-v2,0.800551
MTG46,BostonCC_03162022_2022-0381,gemini_2_5_flash_lite,budget_02,run_03,0.413793,0.5,0.45283,0.914119,0.925605,0.919826,sentence-transformers/all-mpnet-base-v2,0.805843
MTG46,BostonCC_03162022_2022-0381,gemini_2_5_flash_lite,budget_02,run_04,0.3125,0.416667,0.357143,0.908092,0.913605,0.91084,sentence-transformers/all-mpnet-base-v2,0.755425
MTG46,BostonCC_03162022_2022-0381,gemini_2_5_flash_lite,budget_02,run_05,0.272727,0.375,0.315789,0.895763,0.911778,0.903699,sentence-transformers/all-mpnet-base-v2,0.768724
MTG46,BostonCC_03162022_2022-0381,gemini_2_5_flash_lite,budget_03,run_01,0.323529,0.458333,0.37931,0.888426,0.91801,0.902976,sentence-transformers/all-mpnet-base-v2,0.801667
MTG46,BostonCC_03162022_2022-0381,gemini_2_5_flash_lite,budget_03,run_02,0.323529,0.458333,0.37931,0.891132,0.908433,0.8997,sentence-transformers/all-mpnet-base-v2,0.80722
MTG46,BostonCC_03162022_2022-0381,gemini_2_5_flash_lite,budget_03,run_03,0.294118,0.416667,0.344828,0.878695,0.902325,0.890353,sentence-transformers/all-mpnet-base-v2,0.757323
MTG46,BostonCC_03162022_2022-0381,gemini_2_5_flash_lite,budget_03,run_04,0.228571,0.333333,0.271186,0.882589,0.906869,0.894564,sentence-transformers/all-mpnet-base-v2,0.71878
MTG46,BostonCC_03162022_2022-0381,gemini_2_5_flash_lite,budget_03,run_05,0.263158,0.416667,0.322581,0.890027,0.925258,0.9073,sentence-transformers/all-mpnet-base-v2,0.857321
MTG46,BostonCC_03162022_2022-0381,gemini_2_5_flash_lite,budget_06,run_01,0.194444,0.583333,0.291667,0.867726,0.917126,0.891742,sentence-transformers/all-mpnet-base-v2,0.810832
MTG46,BostonCC_03162022_2022-0381,gemini_2_5_flash_lite,budget_06,run_02,0.190476,0.5,0.275862,0.8628,0.904469,0.883143,sentence-transformers/all-mpnet-base-v2,0.794292
MTG46,BostonCC_03162022_2022-0381,gemini_2_5_flash_lite,budget_06,run_03,0.215385,0.583333,0.314607,0.872656,0.904051,0.888076,sentence-transformers/all-mpnet-base-v2,0.824304
MTG46,BostonCC_03162022_2022-0381,gemini_2_5_flash_lite,budget_06,run_04,0.2,0.458333,0.278481,0.861122,0.904064,0.882071,sentence-transformers/all-mpnet-base-v2,0.810878
MTG46,BostonCC_03162022_2022-0381,gemini_2_5_flash_lite,budget_06,run_05,0.174603,0.458333,0.252874,0.86809,0.91329,0.890117,sentence-transformers/all-mpnet-base-v2,0.791494
MTG47,SeattleCityCouncil_05022016_CF 312905,deepseek_reasoning,budget_02,run_01,0.172414,0.142857,0.15625,0.846562,0.822829,0.834527,sentence-transformers/all-mpnet-base-v2,0.556788
MTG47,SeattleCityCouncil_05022016_CF 312905,deepseek_reasoning,budget_02,run_02,0.148148,0.114286,0.129032,0.845659,0.80231,0.823414,sentence-transformers/all-mpnet-base-v2,0.35903
MTG47,SeattleCityCouncil_05022016_CF 312905,deepseek_reasoning,budget_02,run_03,0.15625,0.142857,0.149254,0.830221,0.792209,0.81077,sentence-transformers/all-mpnet-base-v2,0.37157
MTG47,SeattleCityCouncil_05022016_CF 312905,deepseek_reasoning,budget_02,run_04,0.206897,0.171429,0.1875,0.847143,0.814871,0.830694,sentence-transformers/all-mpnet-base-v2,0.464525
MTG47,SeattleCityCouncil_05022016_CF 312905,deepseek_reasoning,budget_02,run_05,0.097561,0.114286,0.105263,0.83298,0.795338,0.813724,sentence-transformers/all-mpnet-base-v2,0.41362
MTG47,SeattleCityCouncil_05022016_CF 312905,deepseek_reasoning,budget_03,run_01,0.127273,0.2,0.155556,0.835251,0.822086,0.828616,sentence-transformers/all-mpnet-base-v2,0.527208
MTG47,SeattleCityCouncil_05022016_CF 312905,deepseek_reasoning,budget_03,run_02,0.118644,0.2,0.148936,0.826216,0.796859,0.811272,sentence-transformers/all-mpnet-base-v2,0.447466
MTG47,SeattleCityCouncil_05022016_CF 312905,deepseek_reasoning,budget_03,run_03,0.1,0.142857,0.117647,0.829587,0.800941,0.815013,sentence-transformers/all-mpnet-base-v2,0.431388
MTG47,SeattleCityCouncil_05022016_CF 312905,deepseek_reasoning,budget_03,run_04,0.142857,0.2,0.166667,0.835412,0.828588,0.831986,sentence-transformers/all-mpnet-base-v2,0.586852
MTG47,SeattleCityCouncil_05022016_CF 312905,deepseek_reasoning,budget_03,run_05,0.146341,0.171429,0.157895,0.82892,0.793264,0.8107,sentence-transformers/all-mpnet-base-v2,0.391435
MTG47,SeattleCityCouncil_05022016_CF 312905,deepseek_reasoning,budget_06,run_01,0.13253,0.314286,0.186441,0.828934,0.833579,0.83125,sentence-transformers/all-mpnet-base-v2,0.625232
MTG47,SeattleCityCouncil_05022016_CF 312905,deepseek_reasoning,budget_06,run_02,0.136364,0.342857,0.195122,0.819188,0.827668,0.823406,sentence-transformers/all-mpnet-base-v2,0.608849
MTG47,SeattleCityCouncil_05022016_CF 312905,deepseek_reasoning,budget_06,run_03,0.08,0.171429,0.109091,0.816361,0.791092,0.803528,sentence-transformers/all-mpnet-base-v2,0.479973
MTG47,SeattleCityCouncil_05022016_CF 312905,deepseek_reasoning,budget_06,run_04,0.121212,0.228571,0.158416,0.828595,0.823042,0.825809,sentence-transformers/all-mpnet-base-v2,0.594951
MTG47,SeattleCityCouncil_05022016_CF 312905,deepseek_reasoning,budget_06,run_05,0.090909,0.2,0.125,0.823743,0.827714,0.825724,sentence-transformers/all-mpnet-base-v2,0.537147
MTG47,SeattleCityCouncil_05022016_CF 312905,deepseek_temp1_chat,budget_02,run_01,0.133333,0.114286,0.123077,0.833003,0.797223,0.81472,sentence-transformers/all-mpnet-base-v2,0.393552
MTG47,SeattleCityCouncil_05022016_CF 312905,deepseek_temp1_chat,budget_02,run_02,0.142857,0.114286,0.126984,0.833513,0.795809,0.814225,sentence-transformers/all-mpnet-base-v2,0.452719
MTG47,SeattleCityCouncil_05022016_CF 312905,deepseek_temp1_chat,budget_02,run_03,0.108108,0.114286,0.111111,0.826752,0.794346,0.810225,sentence-transformers/all-mpnet-base-v2,0.380268
MTG47,SeattleCityCouncil_05022016_CF 312905,deepseek_temp1_chat,budget_02,run_04,0.178571,0.142857,0.15873,0.844686,0.799601,0.821525,sentence-transformers/all-mpnet-base-v2,0.45227
MTG47,SeattleCityCouncil_05022016_CF 312905,deepseek_temp1_chat,budget_02,run_05,0.102564,0.114286,0.108108,0.832552,0.7991,0.815483,sentence-transformers/all-mpnet-base-v2,0.295358
MTG47,SeattleCityCouncil_05022016_CF 312905,deepseek_temp1_chat,budget_03,run_01,0.155556,0.2,0.175,0.828883,0.821674,0.825262,sentence-transformers/all-mpnet-base-v2,0.545421
MTG47,SeattleCityCouncil_05022016_CF 312905,deepseek_temp1_chat,budget_03,run_02,0.147059,0.142857,0.144928,0.840307,0.814626,0.827267,sentence-transformers/all-mpnet-base-v2,0.585043
MTG47,SeattleCityCouncil_05022016_CF 312905,deepseek_temp1_chat,budget_03,run_03,0.108696,0.142857,0.123457,0.817978,0.789715,0.803598,sentence-transformers/all-mpnet-base-v2,0.358619
MTG47,SeattleCityCouncil_05022016_CF 312905,deepseek_temp1_chat,budget_03,run_04,0.130435,0.171429,0.148148,0.834098,0.798652,0.81599,sentence-transformers/all-mpnet-base-v2,0.39694
MTG47,SeattleCityCouncil_05022016_CF 312905,deepseek_temp1_chat,budget_03,run_05,0.14,0.2,0.164706,0.835129,0.798919,0.816623,sentence-transformers/all-mpnet-base-v2,0.471442
MTG47,SeattleCityCouncil_05022016_CF 312905,deepseek_temp1_chat,budget_06,run_01,0.07767,0.228571,0.115942,0.807726,0.789422,0.798469,sentence-transformers/all-mpnet-base-v2,0.40118
MTG47,SeattleCityCouncil_05022016_CF 312905,deepseek_temp1_chat,budget_06,run_02,0.146067,0.371429,0.209677,0.826994,0.829851,0.82842,sentence-transformers/all-mpnet-base-v2,0.630813
MTG47,SeattleCityCouncil_05022016_CF 312905,deepseek_temp1_chat,budget_06,run_03,0.093023,0.228571,0.132231,0.823508,0.807133,0.815238,sentence-transformers/all-mpnet-base-v2,0.615811
MTG47,SeattleCityCouncil_05022016_CF 312905,deepseek_temp1_chat,budget_06,run_04,0.103896,0.228571,0.142857,0.816568,0.789965,0.803046,sentence-transformers/all-mpnet-base-v2,0.414961
MTG47,SeattleCityCouncil_05022016_CF 312905,deepseek_temp1_chat,budget_06,run_05,0.096774,0.257143,0.140625,0.81268,0.803535,0.808082,sentence-transformers/all-mpnet-base-v2,0.451075
MTG47,SeattleCityCouncil_05022016_CF 312905,gemini_2_5_flash_lite,budget_02,run_01,0.184211,0.2,0.191781,0.849977,0.826875,0.838267,sentence-transformers/all-mpnet-base-v2,0.553149
MTG47,SeattleCityCouncil_05022016_CF 312905,gemini_2_5_flash_lite,budget_02,run_02,0.173077,0.257143,0.206897,0.837645,0.82812,0.832856,sentence-transformers/all-mpnet-base-v2,0.502202
MTG47,SeattleCityCouncil_05022016_CF 312905,gemini_2_5_flash_lite,budget_02,run_03,0.205882,0.2,0.202899,0.84472,0.802441,0.823038,sentence-transformers/all-mpnet-base-v2,0.496797
MTG47,SeattleCityCouncil_05022016_CF 312905,gemini_2_5_flash_lite,budget_02,run_04,0.156863,0.228571,0.186047,0.843434,0.831531,0.83744,sentence-transformers/all-mpnet-base-v2,0.605086
MTG47,SeattleCityCouncil_05022016_CF 312905,gemini_2_5_flash_lite,budget_02,run_05,0.116279,0.142857,0.128205,0.830143,0.801721,0.815684,sentence-transformers/all-mpnet-base-v2,0.462057
MTG47,SeattleCityCouncil_05022016_CF 312905,gemini_2_5_flash_lite,budget_03,run_01,0.134615,0.2,0.16092,0.83488,0.813761,0.824185,sentence-transformers/all-mpnet-base-v2,0.571842
MTG47,SeattleCityCouncil_05022016_CF 312905,gemini_2_5_flash_lite,budget_03,run_02,0.16129,0.142857,0.151515,0.852517,0.802761,0.826891,sentence-transformers/all-mpnet-base-v2,0.526474
MTG47,SeattleCityCouncil_05022016_CF 312905,gemini_2_5_flash_lite,budget_03,run_03,0.205882,0.2,0.202899,0.870516,0.839058,0.854497,sentence-transformers/all-mpnet-base-v2,0.737739
MTG47,SeattleCityCouncil_05022016_CF 312905,gemini_2_5_flash_lite,budget_03,run_04,0.160714,0.257143,0.197802,0.846091,0.838093,0.842073,sentence-transformers/all-mpnet-base-v2,0.682782
MTG47,SeattleCityCouncil_05022016_CF 312905,gemini_2_5_flash_lite,budget_03,run_05,0.15,0.171429,0.16,0.838564,0.799124,0.818369,sentence-transformers/all-mpnet-base-v2,0.515514
MTG47,SeattleCityCouncil_05022016_CF 312905,gemini_2_5_flash_lite,budget_06,run_01,0.098592,0.2,0.132075,0.826409,0.798639,0.812287,sentence-transformers/all-mpnet-base-v2,0.495793
MTG47,SeattleCityCouncil_05022016_CF 312905,gemini_2_5_flash_lite,budget_06,run_02,0.111111,0.2,0.142857,0.829566,0.802772,0.815949,sentence-transformers/all-mpnet-base-v2,0.468151
MTG47,SeattleCityCouncil_05022016_CF 312905,gemini_2_5_flash_lite,budget_06,run_03,0.109375,0.2,0.141414,0.827818,0.827544,0.827681,sentence-transformers/all-mpnet-base-v2,0.574372
MTG47,SeattleCityCouncil_05022016_CF 312905,gemini_2_5_flash_lite,budget_06,run_04,0.145161,0.257143,0.185567,0.838086,0.834229,0.836153,sentence-transformers/all-mpnet-base-v2,0.61871
MTG47,SeattleCityCouncil_05022016_CF 312905,gemini_2_5_flash_lite,budget_06,run_05,0.109375,0.2,0.141414,0.832713,0.794364,0.813087,sentence-transformers/all-mpnet-base-v2,0.482097
MTG48,BostonCC_06082022_2022-0486,deepseek_reasoning,budget_02,run_01,0.108108,0.026144,0.042105,0.840076,0.776503,0.807039,sentence-transformers/all-mpnet-base-v2,0.471676
MTG48,BostonCC_06082022_2022-0486,deepseek_reasoning,budget_02,run_02,0.121951,0.03268,0.051546,0.839046,0.773358,0.804864,sentence-transformers/all-mpnet-base-v2,0.564112
MTG48,BostonCC_06082022_2022-0486,deepseek_reasoning,budget_02,run_03,0.175,0.045752,0.072539,0.833968,0.769768,0.800583,sentence-transformers/all-mpnet-base-v2,0.587195
MTG48,BostonCC_06082022_2022-0486,deepseek_reasoning,budget_02,run_04,0.184211,0.045752,0.073298,0.834512,0.775704,0.804034,sentence-transformers/all-mpnet-base-v2,0.568517
MTG48,BostonCC_06082022_2022-0486,deepseek_reasoning,budget_02,run_05,0.178571,0.03268,0.055249,0.853062,0.777173,0.813351,sentence-transformers/all-mpnet-base-v2,0.556277
MTG48,BostonCC_06082022_2022-0486,deepseek_reasoning,budget_03,run_01,0.142857,0.052288,0.076555,0.83353,0.775402,0.803416,sentence-transformers/all-mpnet-base-v2,0.659811
MTG48,BostonCC_06082022_2022-0486,deepseek_reasoning,budget_03,run_02,0.142857,0.052288,0.076555,0.84012,0.781596,0.809802,sentence-transformers/all-mpnet-base-v2,0.645372
MTG48,BostonCC_06082022_2022-0486,deepseek_reasoning,budget_03,run_03,0.14,0.045752,0.068966,0.835886,0.779892,0.806919,sentence-transformers/all-mpnet-base-v2,0.50429
MTG48,BostonCC_06082022_2022-0486,deepseek_reasoning,budget_03,run_04,0.162162,0.039216,0.063158,0.847566,0.776024,0.810219,sentence-transformers/all-mpnet-base-v2,0.576099
MTG48,BostonCC_06082022_2022-0486,deepseek_reasoning,budget_03,run_05,0.133333,0.052288,0.075117,0.835655,0.782811,0.80837,sentence-transformers/all-mpnet-base-v2,0.574674
MTG48,BostonCC_06082022_2022-0486,deepseek_reasoning,budget_06,run_01,0.14433,0.091503,0.112,0.828843,0.783329,0.805444,sentence-transformers/all-mpnet-base-v2,0.601057
MTG48,BostonCC_06082022_2022-0486,deepseek_reasoning,budget_06,run_02,0.136364,0.098039,0.114068,0.834778,0.789815,0.811674,sentence-transformers/all-mpnet-base-v2,0.655196
MTG48,BostonCC_06082022_2022-0486,deepseek_reasoning,budget_06,run_03,0.118812,0.078431,0.094488,0.835656,0.784618,0.809333,sentence-transformers/all-mpnet-base-v2,0.666187
MTG48,BostonCC_06082022_2022-0486,deepseek_reasoning,budget_06,run_04,0.106796,0.071895,0.085938,0.827671,0.791778,0.809327,sentence-transformers/all-mpnet-base-v2,0.667178
MTG48,BostonCC_06082022_2022-0486,deepseek_reasoning,budget_06,run_05,0.152174,0.091503,0.114286,0.834224,0.788051,0.81048,sentence-transformers/all-mpnet-base-v2,0.650022
MTG48,BostonCC_06082022_2022-0486,deepseek_temp1_chat,budget_02,run_01,0.228571,0.052288,0.085106,0.857503,0.781435,0.817704,sentence-transformers/all-mpnet-base-v2,0.478367
MTG48,BostonCC_06082022_2022-0486,deepseek_temp1_chat,budget_02,run_02,0.137931,0.026144,0.043956,0.842506,0.77721,0.808542,sentence-transformers/all-mpnet-base-v2,0.491016
MTG48,BostonCC_06082022_2022-0486,deepseek_temp1_chat,budget_02,run_03,0.142857,0.026144,0.044199,0.844677,0.778266,0.810113,sentence-transformers/all-mpnet-base-v2,0.489764
MTG48,BostonCC_06082022_2022-0486,deepseek_temp1_chat,budget_02,run_04,0.179487,0.045752,0.072917,0.853105,0.784038,0.817115,sentence-transformers/all-mpnet-base-v2,0.641344
MTG48,BostonCC_06082022_2022-0486,deepseek_temp1_chat,budget_02,run_05,0.108108,0.026144,0.042105,0.842984,0.778676,0.809555,sentence-transformers/all-mpnet-base-v2,0.514785
MTG48,BostonCC_06082022_2022-0486,deepseek_temp1_chat,budget_03,run_01,0.166667,0.071895,0.100457,0.834559,0.78198,0.807414,sentence-transformers/all-mpnet-base-v2,0.659302
MTG48,BostonCC_06082022_2022-0486,deepseek_temp1_chat,budget_03,run_02,0.16129,0.065359,0.093023,0.835139,0.789044,0.811437,sentence-transformers/all-mpnet-base-v2,0.659754
MTG48,BostonCC_06082022_2022-0486,deepseek_temp1_chat,budget_03,run_03,0.144928,0.065359,0.09009,0.837421,0.779788,0.807577,sentence-transformers/all-mpnet-base-v2,0.650578
MTG48,BostonCC_06082022_2022-0486,deepseek_temp1_chat,budget_03,run_04,0.132075,0.045752,0.067961,0.836201,0.789553,0.812208,sentence-transformers/all-mpnet-base-v2,0.664355
MTG48,BostonCC_06082022_2022-0486,deepseek_temp1_chat,budget_03,run_05,0.134615,0.045752,0.068293,0.834373,0.788661,0.810873,sentence-transformers/all-mpnet-base-v2,0.538986
MTG48,BostonCC_06082022_2022-0486,deepseek_temp1_chat,budget_06,run_01,0.122222,0.071895,0.090535,0.832155,0.791891,0.811524,sentence-transformers/all-mpnet-base-v2,0.668655
MTG48,BostonCC_06082022_2022-0486,deepseek_temp1_chat,budget_06,run_02,0.131148,0.104575,0.116364,0.825245,0.786509,0.805412,sentence-transformers/all-mpnet-base-v2,0.659627
MTG48,BostonCC_06082022_2022-0486,deepseek_temp1_chat,budget_06,run_03,0.128713,0.084967,0.102362,0.832442,0.783662,0.807316,sentence-transformers/all-mpnet-base-v2,0.651232
MTG48,BostonCC_06082022_2022-0486,deepseek_temp1_chat,budget_06,run_04,0.126316,0.078431,0.096774,0.82826,0.785298,0.806207,sentence-transformers/all-mpnet-base-v2,0.664521
MTG48,BostonCC_06082022_2022-0486,deepseek_temp1_chat,budget_06,run_05,0.131868,0.078431,0.098361,0.830216,0.786235,0.807627,sentence-transformers/all-mpnet-base-v2,0.575298
MTG48,BostonCC_06082022_2022-0486,gemini_2_5_flash_lite,budget_02,run_01,0.28125,0.058824,0.097297,0.859733,0.785959,0.821193,sentence-transformers/all-mpnet-base-v2,0.644751
MTG48,BostonCC_06082022_2022-0486,gemini_2_5_flash_lite,budget_02,run_02,0.25,0.045752,0.077348,0.858336,0.775837,0.815004,sentence-transformers/all-mpnet-base-v2,0.646031
MTG48,BostonCC_06082022_2022-0486,gemini_2_5_flash_lite,budget_02,run_03,0.210526,0.052288,0.08377,0.859195,0.779,0.817135,sentence-transformers/all-mpnet-base-v2,0.656453
MTG48,BostonCC_06082022_2022-0486,gemini_2_5_flash_lite,budget_02,run_04,0.184211,0.045752,0.073298,0.856886,0.785767,0.819787,sentence-transformers/all-mpnet-base-v2,0.657442
MTG48,BostonCC_06082022_2022-0486,gemini_2_5_flash_lite,budget_02,run_05,0.195122,0.052288,0.082474,0.854925,0.786478,0.819275,sentence-transformers/all-mpnet-base-v2,0.651481
MTG48,BostonCC_06082022_2022-0486,gemini_2_5_flash_lite,budget_03,run_01,0.166667,0.039216,0.063492,0.853851,0.774,0.811967,sentence-transformers/all-mpnet-base-v2,0.623502
MTG48,BostonCC_06082022_2022-0486,gemini_2_5_flash_lite,budget_03,run_02,0.195122,0.052288,0.082474,0.844918,0.781729,0.812096,sentence-transformers/all-mpnet-base-v2,0.673531
MTG48,BostonCC_06082022_2022-0486,gemini_2_5_flash_lite,budget_03,run_03,0.216216,0.052288,0.084211,0.855618,0.779564,0.815822,sentence-transformers/all-mpnet-base-v2,0.650533
MTG48,BostonCC_06082022_2022-0486,gemini_2_5_flash_lite,budget_03,run_04,0.169811,0.058824,0.087379,0.849589,0.78085,0.81377,sentence-transformers/all-mpnet-base-v2,0.640627
MTG48,BostonCC_06082022_2022-0486,gemini_2_5_flash_lite,budget_03,run_05,0.186047,0.052288,0.081633,0.852284,0.782389,0.815842,sentence-transformers/all-mpnet-base-v2,0.676346
MTG48,BostonCC_06082022_2022-0486,gemini_2_5_flash_lite,budget_06,run_01,0.217391,0.098039,0.135135,0.860879,0.788054,0.822858,sentence-transformers/all-mpnet-base-v2,0.656295
MTG48,BostonCC_06082022_2022-0486,gemini_2_5_flash_lite,budget_06,run_02,0.135593,0.052288,0.075472,0.845383,0.7784,0.81051,sentence-transformers/all-mpnet-base-v2,0.630092
MTG48,BostonCC_06082022_2022-0486,gemini_2_5_flash_lite,budget_06,run_03,0.15493,0.071895,0.098214,0.84317,0.784389,0.812718,sentence-transformers/all-mpnet-base-v2,0.654964
MTG48,BostonCC_06082022_2022-0486,gemini_2_5_flash_lite,budget_06,run_04,0.185185,0.065359,0.096618,0.846249,0.783788,0.813822,sentence-transformers/all-mpnet-base-v2,0.620111
MTG48,BostonCC_06082022_2022-0486,gemini_2_5_flash_lite,budget_06,run_05,0.166667,0.058824,0.086957,0.842117,0.778713,0.809175,sentence-transformers/all-mpnet-base-v2,0.626903
MTG49,LongBeachCC_09112018_18-0800,deepseek_reasoning,budget_02,run_01,0.325,0.541667,0.40625,0.871511,0.890356,0.880833,sentence-transformers/all-mpnet-base-v2,0.890203
MTG49,LongBeachCC_09112018_18-0800,deepseek_reasoning,budget_02,run_02,0.2,0.208333,0.204082,0.84702,0.829595,0.838217,sentence-transformers/all-mpnet-base-v2,0.556818
MTG49,LongBeachCC_09112018_18-0800,deepseek_reasoning,budget_02,run_03,0.238095,0.208333,0.222222,0.881289,0.833871,0.856925,sentence-transformers/all-mpnet-base-v2,0.602624
MTG49,LongBeachCC_09112018_18-0800,deepseek_reasoning,budget_02,run_04,0.21875,0.291667,0.25,0.867089,0.86099,0.864029,sentence-transformers/all-mpnet-base-v2,0.758746
MTG49,LongBeachCC_09112018_18-0800,deepseek_reasoning,budget_02,run_05,0.290323,0.375,0.327273,0.86692,0.863278,0.865095,sentence-transformers/all-mpnet-base-v2,0.682508
MTG49,LongBeachCC_09112018_18-0800,deepseek_reasoning,budget_03,run_01,0.145833,0.291667,0.194444,0.848268,0.849583,0.848925,sentence-transformers/all-mpnet-base-v2,0.698035
MTG49,LongBeachCC_09112018_18-0800,deepseek_reasoning,budget_03,run_02,0.163636,0.375,0.227848,0.84406,0.853959,0.848981,sentence-transformers/all-mpnet-base-v2,0.786386
MTG49,LongBeachCC_09112018_18-0800,deepseek_reasoning,budget_03,run_03,0.225,0.375,0.28125,0.861372,0.858048,0.859707,sentence-transformers/all-mpnet-base-v2,0.750802
MTG49,LongBeachCC_09112018_18-0800,deepseek_reasoning,budget_03,run_04,0.25641,0.416667,0.31746,0.866977,0.869309,0.868142,sentence-transformers/all-mpnet-base-v2,0.783758
MTG49,LongBeachCC_09112018_18-0800,deepseek_reasoning,budget_03,run_05,0.125,0.291667,0.175,0.847275,0.858379,0.852791,sentence-transformers/all-mpnet-base-v2,0.738838
MTG49,LongBeachCC_09112018_18-0800,deepseek_reasoning,budget_06,run_01,0.113924,0.375,0.174757,0.836449,0.858641,0.8474,sentence-transformers/all-mpnet-base-v2,0.755559
MTG49,LongBeachCC_09112018_18-0800,deepseek_reasoning,budget_06,run_02,0.144231,0.625,0.234375,0.837003,0.880249,0.858081,sentence-transformers/all-mpnet-base-v2,0.826087
MTG49,LongBeachCC_09112018_18-0800,deepseek_reasoning,budget_06,run_03,0.101266,0.333333,0.15534,0.836406,0.856143,0.846159,sentence-transformers/all-mpnet-base-v2,0.746003
MTG49,LongBeachCC_09112018_18-0800,deepseek_reasoning,budget_06,run_04,0.083333,0.333333,0.133333,0.828451,0.869228,0.848349,sentence-transformers/all-mpnet-base-v2,0.729335
MTG49,LongBeachCC_09112018_18-0800,deepseek_reasoning,budget_06,run_05,0.111111,0.416667,0.175439,0.826498,0.851971,0.839041,sentence-transformers/all-mpnet-base-v2,0.745827
MTG49,LongBeachCC_09112018_18-0800,deepseek_temp1_chat,budget_02,run_01,0.235294,0.333333,0.275862,0.871673,0.865479,0.868565,sentence-transformers/all-mpnet-base-v2,0.747162
MTG49,LongBeachCC_09112018_18-0800,deepseek_temp1_chat,budget_02,run_02,0.242424,0.333333,0.280702,0.864447,0.854574,0.859482,sentence-transformers/all-mpnet-base-v2,0.783521
MTG49,LongBeachCC_09112018_18-0800,deepseek_temp1_chat,budget_02,run_03,0.257143,0.375,0.305085,0.856172,0.866075,0.861095,sentence-transformers/all-mpnet-base-v2,0.753215
MTG49,LongBeachCC_09112018_18-0800,deepseek_temp1_chat,budget_02,run_04,0.40625,0.541667,0.464286,0.89308,0.892165,0.892622,sentence-transformers/all-mpnet-base-v2,0.889684
MTG49,LongBeachCC_09112018_18-0800,deepseek_temp1_chat,budget_02,run_05,0.392857,0.458333,0.423077,0.888747,0.871411,0.879993,sentence-transformers/all-mpnet-base-v2,0.760396
MTG49,LongBeachCC_09112018_18-0800,deepseek_temp1_chat,budget_03,run_01,0.18,0.375,0.243243,0.847394,0.859373,0.853341,sentence-transformers/all-mpnet-base-v2,0.780202
MTG49,LongBeachCC_09112018_18-0800,deepseek_temp1_chat,budget_03,run_02,0.2,0.375,0.26087,0.863544,0.858011,0.860769,sentence-transformers/all-mpnet-base-v2,0.703623
MTG49,LongBeachCC_09112018_18-0800,deepseek_temp1_chat,budget_03,run_03,0.177419,0.458333,0.255814,0.848833,0.873619,0.861048,sentence-transformers/all-mpnet-base-v2,0.892646
MTG49,LongBeachCC_09112018_18-0800,deepseek_temp1_chat,budget_03,run_04,0.25,0.5,0.333333,0.868212,0.875134,0.871659,sentence-transformers/all-mpnet-base-v2,0.822385
MTG49,LongBeachCC_09112018_18-0800,deepseek_temp1_chat,budget_03,run_05,0.170732,0.291667,0.215385,0.859336,0.858395,0.858865,sentence-transformers/all-mpnet-base-v2,0.732896
MTG49,LongBeachCC_09112018_18-0800,deepseek_temp1_chat,budget_06,run_01,0.168317,0.708333,0.272,0.841624,0.898128,0.868958,sentence-transformers/all-mpnet-base-v2,0.874945
MTG49,LongBeachCC_09112018_18-0800,deepseek_temp1_chat,budget_06,run_02,0.152941,0.541667,0.238532,0.840192,0.883756,0.861424,sentence-transformers/all-mpnet-base-v2,0.852407
MTG49,LongBeachCC_09112018_18-0800,deepseek_temp1_chat,budget_06,run_03,0.145161,0.375,0.209302,0.844898,0.85967,0.85222,sentence-transformers/all-mpnet-base-v2,0.761418
MTG49,LongBeachCC_09112018_18-0800,deepseek_temp1_chat,budget_06,run_04,0.126437,0.458333,0.198198,0.842504,0.862077,0.852178,sentence-transformers/all-mpnet-base-v2,0.734153
MTG49,LongBeachCC_09112018_18-0800,deepseek_temp1_chat,budget_06,run_05,0.116279,0.416667,0.181818,0.841336,0.85544,0.848329,sentence-transformers/all-mpnet-base-v2,0.705461
MTG49,LongBeachCC_09112018_18-0800,gemini_2_5_flash_lite,budget_02,run_01,0.34375,0.458333,0.392857,0.897973,0.880828,0.889318,sentence-transformers/all-mpnet-base-v2,0.785638
MTG49,LongBeachCC_09112018_18-0800,gemini_2_5_flash_lite,budget_02,run_02,0.285714,0.416667,0.338983,0.878261,0.872342,0.875292,sentence-transformers/all-mpnet-base-v2,0.811321
MTG49,LongBeachCC_09112018_18-0800,gemini_2_5_flash_lite,budget_02,run_03,0.333333,0.333333,0.333333,0.895132,0.87156,0.883189,sentence-transformers/all-mpnet-base-v2,0.789364
MTG49,LongBeachCC_09112018_18-0800,gemini_2_5_flash_lite,budget_02,run_04,0.3,0.5,0.375,0.879232,0.879545,0.879388,sentence-transformers/all-mpnet-base-v2,0.79151
MTG49,LongBeachCC_09112018_18-0800,gemini_2_5_flash_lite,budget_02,run_05,0.34375,0.458333,0.392857,0.888686,0.880567,0.884608,sentence-transformers/all-mpnet-base-v2,0.787217
MTG49,LongBeachCC_09112018_18-0800,gemini_2_5_flash_lite,budget_03,run_01,0.243902,0.416667,0.307692,0.876758,0.869107,0.872916,sentence-transformers/all-mpnet-base-v2,0.746424
MTG49,LongBeachCC_09112018_18-0800,gemini_2_5_flash_lite,budget_03,run_02,0.382353,0.541667,0.448276,0.891956,0.892151,0.892054,sentence-transformers/all-mpnet-base-v2,0.895252
MTG49,LongBeachCC_09112018_18-0800,gemini_2_5_flash_lite,budget_03,run_03,0.314286,0.458333,0.372881,0.878669,0.876513,0.87759,sentence-transformers/all-mpnet-base-v2,0.824147
MTG49,LongBeachCC_09112018_18-0800,gemini_2_5_flash_lite,budget_03,run_04,0.230769,0.375,0.285714,0.878607,0.860651,0.869536,sentence-transformers/all-mpnet-base-v2,0.784288
MTG49,LongBeachCC_09112018_18-0800,gemini_2_5_flash_lite,budget_03,run_05,0.227273,0.416667,0.294118,0.867761,0.870809,0.869282,sentence-transformers/all-mpnet-base-v2,0.764856
MTG49,LongBeachCC_09112018_18-0800,gemini_2_5_flash_lite,budget_06,run_01,0.12069,0.291667,0.170732,0.861619,0.863265,0.862441,sentence-transformers/all-mpnet-base-v2,0.750863
MTG49,LongBeachCC_09112018_18-0800,gemini_2_5_flash_lite,budget_06,run_02,0.166667,0.416667,0.238095,0.851017,0.861887,0.856417,sentence-transformers/all-mpnet-base-v2,0.712277
MTG49,LongBeachCC_09112018_18-0800,gemini_2_5_flash_lite,budget_06,run_03,0.155172,0.375,0.219512,0.860541,0.877753,0.869062,sentence-transformers/all-mpnet-base-v2,0.810891
MTG49,LongBeachCC_09112018_18-0800,gemini_2_5_flash_lite,budget_06,run_04,0.178571,0.416667,0.25,0.86613,0.863076,0.8646,sentence-transformers/all-mpnet-base-v2,0.784401
MTG49,LongBeachCC_09112018_18-0800,gemini_2_5_flash_lite,budget_06,run_05,0.152542,0.375,0.216867,0.858545,0.86466,0.861592,sentence-transformers/all-mpnet-base-v2,0.810565
MTG50,AlamedaCC_AlamedaCC_04072015_2020-7929,deepseek_reasoning,budget_02,run_01,0.093023,0.173913,0.121212,0.842375,0.849582,0.845963,sentence-transformers/all-mpnet-base-v2,0.665392
MTG50,AlamedaCC_AlamedaCC_04072015_2020-7929,deepseek_reasoning,budget_02,run_02,0.138889,0.217391,0.169492,0.844801,0.853125,0.848943,sentence-transformers/all-mpnet-base-v2,0.610413
MTG50,AlamedaCC_AlamedaCC_04072015_2020-7929,deepseek_reasoning,budget_02,run_03,0.068182,0.130435,0.089552,0.835397,0.843883,0.839619,sentence-transformers/all-mpnet-base-v2,0.619178
MTG50,AlamedaCC_AlamedaCC_04072015_2020-7929,deepseek_reasoning,budget_02,run_04,0.097561,0.173913,0.125,0.830891,0.841547,0.836185,sentence-transformers/all-mpnet-base-v2,0.588139
MTG50,AlamedaCC_AlamedaCC_04072015_2020-7929,deepseek_reasoning,budget_02,run_05,0.136364,0.26087,0.179104,0.842128,0.864704,0.853267,sentence-transformers/all-mpnet-base-v2,0.664473
MTG50,AlamedaCC_AlamedaCC_04072015_2020-7929,deepseek_reasoning,budget_03,run_01,0.103896,0.347826,0.16,0.837623,0.869106,0.853074,sentence-transformers/all-mpnet-base-v2,0.76979
MTG50,AlamedaCC_AlamedaCC_04072015_2020-7929,deepseek_reasoning,budget_03,run_02,0.133333,0.347826,0.192771,0.837931,0.866689,0.852067,sentence-transformers/all-mpnet-base-v2,0.676685
MTG50,AlamedaCC_AlamedaCC_04072015_2020-7929,deepseek_reasoning,budget_03,run_03,0.111111,0.347826,0.168421,0.83192,0.874884,0.852862,sentence-transformers/all-mpnet-base-v2,0.831741
MTG50,AlamedaCC_AlamedaCC_04072015_2020-7929,deepseek_reasoning,budget_03,run_04,0.1,0.217391,0.136986,0.846468,0.850208,0.848334,sentence-transformers/all-mpnet-base-v2,0.703875
MTG50,AlamedaCC_AlamedaCC_04072015_2020-7929,deepseek_reasoning,budget_03,run_05,0.047619,0.130435,0.069767,0.824346,0.838179,0.831205,sentence-transformers/all-mpnet-base-v2,0.645488
MTG50,AlamedaCC_AlamedaCC_04072015_2020-7929,deepseek_reasoning,budget_06,run_01,0.102273,0.391304,0.162162,0.830455,0.877941,0.853538,sentence-transformers/all-mpnet-base-v2,0.823309
MTG50,AlamedaCC_AlamedaCC_04072015_2020-7929,deepseek_reasoning,budget_06,run_02,0.102273,0.391304,0.162162,0.831171,0.877127,0.853531,sentence-transformers/all-mpnet-base-v2,0.78104
MTG50,AlamedaCC_AlamedaCC_04072015_2020-7929,deepseek_reasoning,budget_06,run_03,0.101124,0.391304,0.160714,0.837948,0.879179,0.858069,sentence-transformers/all-mpnet-base-v2,0.731266
MTG50,AlamedaCC_AlamedaCC_04072015_2020-7929,deepseek_reasoning,budget_06,run_04,0.088,0.478261,0.148649,0.828079,0.878117,0.852364,sentence-transformers/all-mpnet-base-v2,0.758918
MTG50,AlamedaCC_AlamedaCC_04072015_2020-7929,deepseek_reasoning,budget_06,run_05,0.101124,0.391304,0.160714,0.830984,0.876253,0.853019,sentence-transformers/all-mpnet-base-v2,0.749967
MTG50,AlamedaCC_AlamedaCC_04072015_2020-7929,deepseek_temp1_chat,budget_02,run_01,0.148936,0.304348,0.2,0.837366,0.860032,0.848548,sentence-transformers/all-mpnet-base-v2,0.703858
MTG50,AlamedaCC_AlamedaCC_04072015_2020-7929,deepseek_temp1_chat,budget_02,run_02,0.155556,0.304348,0.205882,0.848791,0.864472,0.856559,sentence-transformers/all-mpnet-base-v2,0.686648
MTG50,AlamedaCC_AlamedaCC_04072015_2020-7929,deepseek_temp1_chat,budget_02,run_03,0.116279,0.217391,0.151515,0.844585,0.863462,0.853919,sentence-transformers/all-mpnet-base-v2,0.709474
MTG50,AlamedaCC_AlamedaCC_04072015_2020-7929,deepseek_temp1_chat,budget_02,run_04,0.104167,0.217391,0.140845,0.847906,0.865841,0.85678,sentence-transformers/all-mpnet-base-v2,0.755701
MTG50,AlamedaCC_AlamedaCC_04072015_2020-7929,deepseek_temp1_chat,budget_02,run_05,0.050847,0.130435,0.073171,0.820877,0.829629,0.82523,sentence-transformers/all-mpnet-base-v2,0.604453
MTG50,AlamedaCC_AlamedaCC_04072015_2020-7929,deepseek_temp1_chat,budget_03,run_01,0.132353,0.391304,0.197802,0.840889,0.871444,0.855894,sentence-transformers/all-mpnet-base-v2,0.806166
MTG50,AlamedaCC_AlamedaCC_04072015_2020-7929,deepseek_temp1_chat,budget_03,run_02,0.142857,0.347826,0.202532,0.852988,0.88109,0.866811,sentence-transformers/all-mpnet-base-v2,0.792613
MTG50,AlamedaCC_AlamedaCC_04072015_2020-7929,deepseek_temp1_chat,budget_03,run_03,0.058824,0.173913,0.087912,0.831929,0.839262,0.83558,sentence-transformers/all-mpnet-base-v2,0.608653
MTG50,AlamedaCC_AlamedaCC_04072015_2020-7929,deepseek_temp1_chat,budget_03,run_04,0.069444,0.217391,0.105263,0.834815,0.862366,0.848367,sentence-transformers/all-mpnet-base-v2,0.644798
MTG50,AlamedaCC_AlamedaCC_04072015_2020-7929,deepseek_temp1_chat,budget_03,run_05,0.109091,0.26087,0.153846,0.84006,0.864844,0.852272,sentence-transformers/all-mpnet-base-v2,0.689807
MTG50,AlamedaCC_AlamedaCC_04072015_2020-7929,deepseek_temp1_chat,budget_06,run_01,0.098039,0.434783,0.16,0.820919,0.871611,0.845506,sentence-transformers/all-mpnet-base-v2,0.786756
MTG50,AlamedaCC_AlamedaCC_04072015_2020-7929,deepseek_temp1_chat,budget_06,run_02,0.075472,0.347826,0.124031,0.832638,0.876784,0.854141,sentence-transformers/all-mpnet-base-v2,0.754676
MTG50,AlamedaCC_AlamedaCC_04072015_2020-7929,deepseek_temp1_chat,budget_06,run_03,0.104762,0.478261,0.171875,0.831737,0.879361,0.854886,sentence-transformers/all-mpnet-base-v2,0.737876
MTG50,AlamedaCC_AlamedaCC_04072015_2020-7929,deepseek_temp1_chat,budget_06,run_04,0.052174,0.26087,0.086957,0.818446,0.85148,0.834636,sentence-transformers/all-mpnet-base-v2,0.7675
MTG50,AlamedaCC_AlamedaCC_04072015_2020-7929,deepseek_temp1_chat,budget_06,run_05,0.114943,0.434783,0.181818,0.836783,0.877917,0.856856,sentence-transformers/all-mpnet-base-v2,0.827849
MTG50,AlamedaCC_AlamedaCC_04072015_2020-7929,gemini_2_5_flash_lite,budget_02,run_01,0.170213,0.347826,0.228571,0.877076,0.895406,0.886146,sentence-transformers/all-mpnet-base-v2,0.850746
MTG50,AlamedaCC_AlamedaCC_04072015_2020-7929,gemini_2_5_flash_lite,budget_02,run_02,0.266667,0.347826,0.301887,0.878757,0.864818,0.871732,sentence-transformers/all-mpnet-base-v2,0.728179
MTG50,AlamedaCC_AlamedaCC_04072015_2020-7929,gemini_2_5_flash_lite,budget_02,run_03,0.296296,0.347826,0.32,0.885361,0.8658,0.875471,sentence-transformers/all-mpnet-base-v2,0.811534
MTG50,AlamedaCC_AlamedaCC_04072015_2020-7929,gemini_2_5_flash_lite,budget_02,run_04,0.184211,0.304348,0.229508,0.8721,0.872814,0.872457,sentence-transformers/all-mpnet-base-v2,0.79271
MTG50,AlamedaCC_AlamedaCC_04072015_2020-7929,gemini_2_5_flash_lite,budget_02,run_05,0.193548,0.26087,0.222222,0.869036,0.86013,0.86456,sentence-transformers/all-mpnet-base-v2,0.726029
MTG50,AlamedaCC_AlamedaCC_04072015_2020-7929,gemini_2_5_flash_lite,budget_03,run_01,0.173077,0.391304,0.24,0.860772,0.866662,0.863707,sentence-transformers/all-mpnet-base-v2,0.782753
MTG50,AlamedaCC_AlamedaCC_04072015_2020-7929,gemini_2_5_flash_lite,budget_03,run_02,0.2,0.347826,0.253968,0.875884,0.873062,0.874471,sentence-transformers/all-mpnet-base-v2,0.790778
MTG50,AlamedaCC_AlamedaCC_04072015_2020-7929,gemini_2_5_flash_lite,budget_03,run_03,0.12766,0.26087,0.171429,0.853525,0.865226,0.859336,sentence-transformers/all-mpnet-base-v2,0.80967
MTG50,AlamedaCC_AlamedaCC_04072015_2020-7929,gemini_2_5_flash_lite,budget_03,run_04,0.238095,0.434783,0.307692,0.869352,0.859865,0.864582,sentence-transformers/all-mpnet-base-v2,0.805291
MTG50,AlamedaCC_AlamedaCC_04072015_2020-7929,gemini_2_5_flash_lite,budget_03,run_05,0.150943,0.347826,0.210526,0.860163,0.86881,0.864464,sentence-transformers/all-mpnet-base-v2,0.832001
MTG50,AlamedaCC_AlamedaCC_04072015_2020-7929,gemini_2_5_flash_lite,budget_06,run_01,0.123077,0.347826,0.181818,0.846427,0.867761,0.856961,sentence-transformers/all-mpnet-base-v2,0.864273
MTG50,AlamedaCC_AlamedaCC_04072015_2020-7929,gemini_2_5_flash_lite,budget_06,run_02,0.09589,0.304348,0.145833,0.841467,0.867648,0.854357,sentence-transformers/all-mpnet-base-v2,0.755447
MTG50,AlamedaCC_AlamedaCC_04072015_2020-7929,gemini_2_5_flash_lite,budget_06,run_03,0.172414,0.434783,0.246914,0.860706,0.89415,0.87711,sentence-transformers/all-mpnet-base-v2,0.882783
MTG50,AlamedaCC_AlamedaCC_04072015_2020-7929,gemini_2_5_flash_lite,budget_06,run_04,0.142857,0.478261,0.22,0.854906,0.883865,0.869144,sentence-transformers/all-mpnet-base-v2,0.82362
MTG50,AlamedaCC_AlamedaCC_04072015_2020-7929,gemini_2_5_flash_lite,budget_06,run_05,0.131579,0.434783,0.20202,0.851768,0.885545,0.868328,sentence-transformers/all-mpnet-base-v2,0.797108
