segment_id,segment_dir,meeting_id,uid,segment_type,decision_type,generator,budget,run_id,mean_presence,total_presence,n_slots,fact_error_rate
MTG1,01_DenverCityCouncil_09122016,DenverCityCouncil_09122016,DenverCityCouncil_09122016_16-0626,decision-bearing,Ordinance,deepseek_reasoning,budget_02,run_01,0.8571428571428571,6.0,7,0.3333333333333333
MTG1,01_DenverCityCouncil_09122016,DenverCityCouncil_09122016,DenverCityCouncil_09122016_16-0626,decision-bearing,Ordinance,deepseek_reasoning,budget_02,run_02,0.8571428571428571,6.0,7,0.0
MTG1,01_DenverCityCouncil_09122016,DenverCityCouncil_09122016,DenverCityCouncil_09122016_16-0626,decision-bearing,Ordinance,deepseek_reasoning,budget_02,run_03,1.0,7.0,7,0.14285714285714285
MTG1,01_DenverCityCouncil_09122016,DenverCityCouncil_09122016,DenverCityCouncil_09122016_16-0626,decision-bearing,Ordinance,deepseek_reasoning,budget_02,run_04,1.0,7.0,7,0.0
MTG1,01_DenverCityCouncil_09122016,DenverCityCouncil_09122016,DenverCityCouncil_09122016_16-0626,decision-bearing,Ordinance,deepseek_reasoning,budget_02,run_05,0.5714285714285714,4.0,7,0.0
MTG1,01_DenverCityCouncil_09122016,DenverCityCouncil_09122016,DenverCityCouncil_09122016_16-0626,decision-bearing,Ordinance,deepseek_reasoning,budget_03,run_01,1.0,7.0,7,0.0
MTG1,01_DenverCityCouncil_09122016,DenverCityCouncil_09122016,DenverCityCouncil_09122016_16-0626,decision-bearing,Ordinance,deepseek_reasoning,budget_03,run_02,1.0,7.0,7,0.14285714285714285
MTG1,01_DenverCityCouncil_09122016,DenverCityCouncil_09122016,DenverCityCouncil_09122016_16-0626,decision-bearing,Ordinance,deepseek_reasoning,budget_03,run_03,1.0,7.0,7,0.0
MTG1,01_DenverCityCouncil_09122016,DenverCityCouncil_09122016,DenverCityCouncil_09122016_16-0626,decision-bearing,Ordinance,deepseek_reasoning,budget_03,run_04,0.9285714285714286,6.5,7,0.14285714285714285
MTG1,01_DenverCityCouncil_09122016,DenverCityCouncil_09122016,DenverCityCouncil_09122016_16-0626,decision-bearing,Ordinance,deepseek_reasoning,budget_03,run_05,0.9285714285714286,6.5,7,0.0
MTG1,01_DenverCityCouncil_09122016,DenverCityCouncil_09122016,DenverCityCouncil_09122016_16-0626,decision-bearing,Ordinance,deepseek_reasoning,budget_06,run_01,1.0,7.0,7,0.2857142857142857
MTG1,01_DenverCityCouncil_09122016,DenverCityCouncil_09122016,DenverCityCouncil_09122016_16-0626,decision-bearing,Ordinance,deepseek_reasoning,budget_06,run_02,1.0,7.0,7,0.0
MTG1,01_DenverCityCouncil_09122016,DenverCityCouncil_09122016,DenverCityCouncil_09122016_16-0626,decision-bearing,Ordinance,deepseek_reasoning,budget_06,run_03,1.0,7.0,7,0.2857142857142857
MTG1,01_DenverCityCouncil_09122016,DenverCityCouncil_09122016,DenverCityCouncil_09122016_16-0626,decision-bearing,Ordinance,deepseek_reasoning,budget_06,run_04,1.0,7.0,7,0.0
MTG1,01_DenverCityCouncil_09122016,DenverCityCouncil_09122016,DenverCityCouncil_09122016_16-0626,decision-bearing,Ordinance,deepseek_reasoning,budget_06,run_05,1.0,7.0,7,0.14285714285714285
MTG1,01_DenverCityCouncil_09122016,DenverCityCouncil_09122016,DenverCityCouncil_09122016_16-0626,decision-bearing,Ordinance,deepseek_temp1_chat,budget_02,run_01,0.7142857142857143,5.0,7,0.4
MTG1,01_DenverCityCouncil_09122016,DenverCityCouncil_09122016,DenverCityCouncil_09122016_16-0626,decision-bearing,Ordinance,deepseek_temp1_chat,budget_02,run_02,0.7142857142857143,5.0,7,0.2
MTG1,01_DenverCityCouncil_09122016,DenverCityCouncil_09122016,DenverCityCouncil_09122016_16-0626,decision-bearing,Ordinance,deepseek_temp1_chat,budget_02,run_03,0.7142857142857143,5.0,7,0.0
MTG1,01_DenverCityCouncil_09122016,DenverCityCouncil_09122016,DenverCityCouncil_09122016_16-0626,decision-bearing,Ordinance,deepseek_temp1_chat,budget_02,run_04,0.7142857142857143,5.0,7,0.0
MTG1,01_DenverCityCouncil_09122016,DenverCityCouncil_09122016,DenverCityCouncil_09122016_16-0626,decision-bearing,Ordinance,deepseek_temp1_chat,budget_02,run_05,0.5714285714285714,4.0,7,0.25
MTG1,01_DenverCityCouncil_09122016,DenverCityCouncil_09122016,DenverCityCouncil_09122016_16-0626,decision-bearing,Ordinance,deepseek_temp1_chat,budget_03,run_01,1.0,7.0,7,0.0
MTG1,01_DenverCityCouncil_09122016,DenverCityCouncil_09122016,DenverCityCouncil_09122016_16-0626,decision-bearing,Ordinance,deepseek_temp1_chat,budget_03,run_02,1.0,7.0,7,0.0
MTG1,01_DenverCityCouncil_09122016,DenverCityCouncil_09122016,DenverCityCouncil_09122016_16-0626,decision-bearing,Ordinance,deepseek_temp1_chat,budget_03,run_03,1.0,7.0,7,0.0
MTG1,01_DenverCityCouncil_09122016,DenverCityCouncil_09122016,DenverCityCouncil_09122016_16-0626,decision-bearing,Ordinance,deepseek_temp1_chat,budget_03,run_04,1.0,7.0,7,0.0
MTG1,01_DenverCityCouncil_09122016,DenverCityCouncil_09122016,DenverCityCouncil_09122016_16-0626,decision-bearing,Ordinance,deepseek_temp1_chat,budget_03,run_05,1.0,7.0,7,0.0
MTG1,01_DenverCityCouncil_09122016,DenverCityCouncil_09122016,DenverCityCouncil_09122016_16-0626,decision-bearing,Ordinance,deepseek_temp1_chat,budget_06,run_01,1.0,7.0,7,0.0
MTG1,01_DenverCityCouncil_09122016,DenverCityCouncil_09122016,DenverCityCouncil_09122016_16-0626,decision-bearing,Ordinance,deepseek_temp1_chat,budget_06,run_02,1.0,7.0,7,0.0
MTG1,01_DenverCityCouncil_09122016,DenverCityCouncil_09122016,DenverCityCouncil_09122016_16-0626,decision-bearing,Ordinance,deepseek_temp1_chat,budget_06,run_03,1.0,7.0,7,0.0
MTG1,01_DenverCityCouncil_09122016,DenverCityCouncil_09122016,DenverCityCouncil_09122016_16-0626,decision-bearing,Ordinance,deepseek_temp1_chat,budget_06,run_04,1.0,7.0,7,0.0
MTG1,01_DenverCityCouncil_09122016,DenverCityCouncil_09122016,DenverCityCouncil_09122016_16-0626,decision-bearing,Ordinance,deepseek_temp1_chat,budget_06,run_05,1.0,7.0,7,0.0
MTG1,01_DenverCityCouncil_09122016,DenverCityCouncil_09122016,DenverCityCouncil_09122016_16-0626,decision-bearing,Ordinance,gemini_2_5_flash_lite,budget_02,run_01,0.6428571428571429,4.5,7,0.4
MTG1,01_DenverCityCouncil_09122016,DenverCityCouncil_09122016,DenverCityCouncil_09122016_16-0626,decision-bearing,Ordinance,gemini_2_5_flash_lite,budget_02,run_02,0.7142857142857143,5.0,7,0.0
MTG1,01_DenverCityCouncil_09122016,DenverCityCouncil_09122016,DenverCityCouncil_09122016_16-0626,decision-bearing,Ordinance,gemini_2_5_flash_lite,budget_02,run_03,0.6428571428571429,4.5,7,0.2
MTG1,01_DenverCityCouncil_09122016,DenverCityCouncil_09122016,DenverCityCouncil_09122016_16-0626,decision-bearing,Ordinance,gemini_2_5_flash_lite,budget_02,run_04,0.6428571428571429,4.5,7,0.0
MTG1,01_DenverCityCouncil_09122016,DenverCityCouncil_09122016,DenverCityCouncil_09122016_16-0626,decision-bearing,Ordinance,gemini_2_5_flash_lite,budget_02,run_05,0.9285714285714286,6.5,7,0.0
MTG1,01_DenverCityCouncil_09122016,DenverCityCouncil_09122016,DenverCityCouncil_09122016_16-0626,decision-bearing,Ordinance,gemini_2_5_flash_lite,budget_03,run_01,0.9285714285714286,6.5,7,0.0
MTG1,01_DenverCityCouncil_09122016,DenverCityCouncil_09122016,DenverCityCouncil_09122016_16-0626,decision-bearing,Ordinance,gemini_2_5_flash_lite,budget_03,run_02,0.7142857142857143,5.0,7,0.0
MTG1,01_DenverCityCouncil_09122016,DenverCityCouncil_09122016,DenverCityCouncil_09122016_16-0626,decision-bearing,Ordinance,gemini_2_5_flash_lite,budget_03,run_03,0.7142857142857143,5.0,7,0.4
MTG1,01_DenverCityCouncil_09122016,DenverCityCouncil_09122016,DenverCityCouncil_09122016_16-0626,decision-bearing,Ordinance,gemini_2_5_flash_lite,budget_03,run_04,0.7857142857142857,5.5,7,0.0
MTG1,01_DenverCityCouncil_09122016,DenverCityCouncil_09122016,DenverCityCouncil_09122016_16-0626,decision-bearing,Ordinance,gemini_2_5_flash_lite,budget_03,run_05,1.0,7.0,7,0.0
MTG1,01_DenverCityCouncil_09122016,DenverCityCouncil_09122016,DenverCityCouncil_09122016_16-0626,decision-bearing,Ordinance,gemini_2_5_flash_lite,budget_06,run_01,1.0,7.0,7,0.0
MTG1,01_DenverCityCouncil_09122016,DenverCityCouncil_09122016,DenverCityCouncil_09122016_16-0626,decision-bearing,Ordinance,gemini_2_5_flash_lite,budget_06,run_02,0.9285714285714286,6.5,7,0.0
MTG1,01_DenverCityCouncil_09122016,DenverCityCouncil_09122016,DenverCityCouncil_09122016_16-0626,decision-bearing,Ordinance,gemini_2_5_flash_lite,budget_06,run_03,1.0,7.0,7,0.0
MTG1,01_DenverCityCouncil_09122016,DenverCityCouncil_09122016,DenverCityCouncil_09122016_16-0626,decision-bearing,Ordinance,gemini_2_5_flash_lite,budget_06,run_04,1.0,7.0,7,0.0
MTG1,01_DenverCityCouncil_09122016,DenverCityCouncil_09122016,DenverCityCouncil_09122016_16-0626,decision-bearing,Ordinance,gemini_2_5_flash_lite,budget_06,run_05,0.7857142857142857,5.5,7,0.0
MTG10,10_AlamedaCC_09212021,AlamedaCC_09212021,AlamedaCC_09212021_2021-1292,non-decision,Other,deepseek_reasoning,budget_02,run_01,0.6428571428571429,4.5,7,0.0
MTG10,10_AlamedaCC_09212021,AlamedaCC_09212021,AlamedaCC_09212021_2021-1292,non-decision,Other,deepseek_reasoning,budget_02,run_02,0.5,3.5,7,0.0
MTG10,10_AlamedaCC_09212021,AlamedaCC_09212021,AlamedaCC_09212021_2021-1292,non-decision,Other,deepseek_reasoning,budget_02,run_03,0.6428571428571429,4.5,7,0.0
MTG10,10_AlamedaCC_09212021,AlamedaCC_09212021,AlamedaCC_09212021_2021-1292,non-decision,Other,deepseek_reasoning,budget_02,run_04,0.7142857142857143,5.0,7,0.0
MTG10,10_AlamedaCC_09212021,AlamedaCC_09212021,AlamedaCC_09212021_2021-1292,non-decision,Other,deepseek_reasoning,budget_02,run_05,0.7142857142857143,5.0,7,0.0
MTG10,10_AlamedaCC_09212021,AlamedaCC_09212021,AlamedaCC_09212021_2021-1292,non-decision,Other,deepseek_reasoning,budget_03,run_01,0.7142857142857143,5.0,7,0.0
MTG10,10_AlamedaCC_09212021,AlamedaCC_09212021,AlamedaCC_09212021_2021-1292,non-decision,Other,deepseek_reasoning,budget_03,run_02,0.7142857142857143,5.0,7,0.0
MTG10,10_AlamedaCC_09212021,AlamedaCC_09212021,AlamedaCC_09212021_2021-1292,non-decision,Other,deepseek_reasoning,budget_03,run_03,0.8571428571428571,6.0,7,0.0
MTG10,10_AlamedaCC_09212021,AlamedaCC_09212021,AlamedaCC_09212021_2021-1292,non-decision,Other,deepseek_reasoning,budget_03,run_04,0.8571428571428571,6.0,7,0.0
MTG10,10_AlamedaCC_09212021,AlamedaCC_09212021,AlamedaCC_09212021_2021-1292,non-decision,Other,deepseek_reasoning,budget_03,run_05,0.5714285714285714,4.0,7,0.0
MTG10,10_AlamedaCC_09212021,AlamedaCC_09212021,AlamedaCC_09212021_2021-1292,non-decision,Other,deepseek_reasoning,budget_06,run_01,1.0,7.0,7,0.0
MTG10,10_AlamedaCC_09212021,AlamedaCC_09212021,AlamedaCC_09212021_2021-1292,non-decision,Other,deepseek_reasoning,budget_06,run_02,1.0,7.0,7,0.0
MTG10,10_AlamedaCC_09212021,AlamedaCC_09212021,AlamedaCC_09212021_2021-1292,non-decision,Other,deepseek_reasoning,budget_06,run_03,1.0,7.0,7,0.14285714285714285
MTG10,10_AlamedaCC_09212021,AlamedaCC_09212021,AlamedaCC_09212021_2021-1292,non-decision,Other,deepseek_reasoning,budget_06,run_04,1.0,7.0,7,0.0
MTG10,10_AlamedaCC_09212021,AlamedaCC_09212021,AlamedaCC_09212021_2021-1292,non-decision,Other,deepseek_reasoning,budget_06,run_05,0.8571428571428571,6.0,7,0.3333333333333333
MTG10,10_AlamedaCC_09212021,AlamedaCC_09212021,AlamedaCC_09212021_2021-1292,non-decision,Other,deepseek_temp1_chat,budget_02,run_01,0.6428571428571429,4.5,7,0.0
MTG10,10_AlamedaCC_09212021,AlamedaCC_09212021,AlamedaCC_09212021_2021-1292,non-decision,Other,deepseek_temp1_chat,budget_02,run_02,0.5714285714285714,4.0,7,0.0
MTG10,10_AlamedaCC_09212021,AlamedaCC_09212021,AlamedaCC_09212021_2021-1292,non-decision,Other,deepseek_temp1_chat,budget_02,run_03,0.8571428571428571,6.0,7,0.0
MTG10,10_AlamedaCC_09212021,AlamedaCC_09212021,AlamedaCC_09212021_2021-1292,non-decision,Other,deepseek_temp1_chat,budget_02,run_04,0.7142857142857143,5.0,7,0.0
MTG10,10_AlamedaCC_09212021,AlamedaCC_09212021,AlamedaCC_09212021_2021-1292,non-decision,Other,deepseek_temp1_chat,budget_02,run_05,0.5,3.5,7,0.0
MTG10,10_AlamedaCC_09212021,AlamedaCC_09212021,AlamedaCC_09212021_2021-1292,non-decision,Other,deepseek_temp1_chat,budget_03,run_01,0.5714285714285714,4.0,7,0.0
MTG10,10_AlamedaCC_09212021,AlamedaCC_09212021,AlamedaCC_09212021_2021-1292,non-decision,Other,deepseek_temp1_chat,budget_03,run_02,1.0,7.0,7,0.0
MTG10,10_AlamedaCC_09212021,AlamedaCC_09212021,AlamedaCC_09212021_2021-1292,non-decision,Other,deepseek_temp1_chat,budget_03,run_03,0.7142857142857143,5.0,7,0.0
MTG10,10_AlamedaCC_09212021,AlamedaCC_09212021,AlamedaCC_09212021_2021-1292,non-decision,Other,deepseek_temp1_chat,budget_03,run_04,0.8571428571428571,6.0,7,0.0
MTG10,10_AlamedaCC_09212021,AlamedaCC_09212021,AlamedaCC_09212021_2021-1292,non-decision,Other,deepseek_temp1_chat,budget_03,run_05,0.8571428571428571,6.0,7,0.0
MTG10,10_AlamedaCC_09212021,AlamedaCC_09212021,AlamedaCC_09212021_2021-1292,non-decision,Other,deepseek_temp1_chat,budget_06,run_01,1.0,7.0,7,0.0
MTG10,10_AlamedaCC_09212021,AlamedaCC_09212021,AlamedaCC_09212021_2021-1292,non-decision,Other,deepseek_temp1_chat,budget_06,run_02,0.8571428571428571,6.0,7,0.0
MTG10,10_AlamedaCC_09212021,AlamedaCC_09212021,AlamedaCC_09212021_2021-1292,non-decision,Other,deepseek_temp1_chat,budget_06,run_03,0.9285714285714286,6.5,7,0.0
MTG10,10_AlamedaCC_09212021,AlamedaCC_09212021,AlamedaCC_09212021_2021-1292,non-decision,Other,deepseek_temp1_chat,budget_06,run_04,0.8571428571428571,6.0,7,0.0
MTG10,10_AlamedaCC_09212021,AlamedaCC_09212021,AlamedaCC_09212021_2021-1292,non-decision,Other,deepseek_temp1_chat,budget_06,run_05,1.0,7.0,7,0.0
MTG10,10_AlamedaCC_09212021,AlamedaCC_09212021,AlamedaCC_09212021_2021-1292,non-decision,Other,gemini_2_5_flash_lite,budget_02,run_01,0.42857142857142855,3.0,7,0.0
MTG10,10_AlamedaCC_09212021,AlamedaCC_09212021,AlamedaCC_09212021_2021-1292,non-decision,Other,gemini_2_5_flash_lite,budget_02,run_02,0.42857142857142855,3.0,7,0.0
MTG10,10_AlamedaCC_09212021,AlamedaCC_09212021,AlamedaCC_09212021_2021-1292,non-decision,Other,gemini_2_5_flash_lite,budget_02,run_03,0.21428571428571427,1.5,7,0.0
MTG10,10_AlamedaCC_09212021,AlamedaCC_09212021,AlamedaCC_09212021_2021-1292,non-decision,Other,gemini_2_5_flash_lite,budget_02,run_04,0.6428571428571429,4.5,7,0.0
MTG10,10_AlamedaCC_09212021,AlamedaCC_09212021,AlamedaCC_09212021_2021-1292,non-decision,Other,gemini_2_5_flash_lite,budget_02,run_05,0.42857142857142855,3.0,7,0.0
MTG10,10_AlamedaCC_09212021,AlamedaCC_09212021,AlamedaCC_09212021_2021-1292,non-decision,Other,gemini_2_5_flash_lite,budget_03,run_01,0.6428571428571429,4.5,7,0.0
MTG10,10_AlamedaCC_09212021,AlamedaCC_09212021,AlamedaCC_09212021_2021-1292,non-decision,Other,gemini_2_5_flash_lite,budget_03,run_02,0.35714285714285715,2.5,7,0.0
MTG10,10_AlamedaCC_09212021,AlamedaCC_09212021,AlamedaCC_09212021_2021-1292,non-decision,Other,gemini_2_5_flash_lite,budget_03,run_03,0.7142857142857143,5.0,7,0.0
MTG10,10_AlamedaCC_09212021,AlamedaCC_09212021,AlamedaCC_09212021_2021-1292,non-decision,Other,gemini_2_5_flash_lite,budget_03,run_04,0.35714285714285715,2.5,7,0.0
MTG10,10_AlamedaCC_09212021,AlamedaCC_09212021,AlamedaCC_09212021_2021-1292,non-decision,Other,gemini_2_5_flash_lite,budget_03,run_05,0.5,3.5,7,0.0
MTG10,10_AlamedaCC_09212021,AlamedaCC_09212021,AlamedaCC_09212021_2021-1292,non-decision,Other,gemini_2_5_flash_lite,budget_06,run_01,0.42857142857142855,3.0,7,0.0
MTG10,10_AlamedaCC_09212021,AlamedaCC_09212021,AlamedaCC_09212021_2021-1292,non-decision,Other,gemini_2_5_flash_lite,budget_06,run_02,0.7142857142857143,5.0,7,0.0
MTG10,10_AlamedaCC_09212021,AlamedaCC_09212021,AlamedaCC_09212021_2021-1292,non-decision,Other,gemini_2_5_flash_lite,budget_06,run_03,0.5,3.5,7,0.0
MTG10,10_AlamedaCC_09212021,AlamedaCC_09212021,AlamedaCC_09212021_2021-1292,non-decision,Other,gemini_2_5_flash_lite,budget_06,run_04,0.5,3.5,7,0.0
MTG10,10_AlamedaCC_09212021,AlamedaCC_09212021,AlamedaCC_09212021_2021-1292,non-decision,Other,gemini_2_5_flash_lite,budget_06,run_05,0.7142857142857143,5.0,7,0.0
MTG11,11_DenverCityCouncil_12192016,DenverCityCouncil_12192016,DenverCityCouncil_12192016_16-1034,decision-bearing,Ordinance,deepseek_reasoning,budget_02,run_01,0.42857142857142855,3.0,7,0.0
MTG11,11_DenverCityCouncil_12192016,DenverCityCouncil_12192016,DenverCityCouncil_12192016_16-1034,decision-bearing,Ordinance,deepseek_reasoning,budget_02,run_02,0.8571428571428571,6.0,7,0.0
MTG11,11_DenverCityCouncil_12192016,DenverCityCouncil_12192016,DenverCityCouncil_12192016_16-1034,decision-bearing,Ordinance,deepseek_reasoning,budget_02,run_03,0.5714285714285714,4.0,7,0.0
MTG11,11_DenverCityCouncil_12192016,DenverCityCouncil_12192016,DenverCityCouncil_12192016_16-1034,decision-bearing,Ordinance,deepseek_reasoning,budget_02,run_04,0.5714285714285714,4.0,7,0.0
MTG11,11_DenverCityCouncil_12192016,DenverCityCouncil_12192016,DenverCityCouncil_12192016_16-1034,decision-bearing,Ordinance,deepseek_reasoning,budget_02,run_05,0.5714285714285714,4.0,7,0.0
MTG11,11_DenverCityCouncil_12192016,DenverCityCouncil_12192016,DenverCityCouncil_12192016_16-1034,decision-bearing,Ordinance,deepseek_reasoning,budget_03,run_01,0.5714285714285714,4.0,7,0.0
MTG11,11_DenverCityCouncil_12192016,DenverCityCouncil_12192016,DenverCityCouncil_12192016_16-1034,decision-bearing,Ordinance,deepseek_reasoning,budget_03,run_02,0.5714285714285714,4.0,7,0.0
MTG11,11_DenverCityCouncil_12192016,DenverCityCouncil_12192016,DenverCityCouncil_12192016_16-1034,decision-bearing,Ordinance,deepseek_reasoning,budget_03,run_03,0.8571428571428571,6.0,7,0.0
MTG11,11_DenverCityCouncil_12192016,DenverCityCouncil_12192016,DenverCityCouncil_12192016_16-1034,decision-bearing,Ordinance,deepseek_reasoning,budget_03,run_04,0.5714285714285714,4.0,7,0.0
MTG11,11_DenverCityCouncil_12192016,DenverCityCouncil_12192016,DenverCityCouncil_12192016_16-1034,decision-bearing,Ordinance,deepseek_reasoning,budget_03,run_05,0.5714285714285714,4.0,7,0.0
MTG11,11_DenverCityCouncil_12192016,DenverCityCouncil_12192016,DenverCityCouncil_12192016_16-1034,decision-bearing,Ordinance,deepseek_reasoning,budget_06,run_01,0.5714285714285714,4.0,7,0.0
MTG11,11_DenverCityCouncil_12192016,DenverCityCouncil_12192016,DenverCityCouncil_12192016_16-1034,decision-bearing,Ordinance,deepseek_reasoning,budget_06,run_02,0.5714285714285714,4.0,7,0.0
MTG11,11_DenverCityCouncil_12192016,DenverCityCouncil_12192016,DenverCityCouncil_12192016_16-1034,decision-bearing,Ordinance,deepseek_reasoning,budget_06,run_03,0.5714285714285714,4.0,7,0.0
MTG11,11_DenverCityCouncil_12192016,DenverCityCouncil_12192016,DenverCityCouncil_12192016_16-1034,decision-bearing,Ordinance,deepseek_reasoning,budget_06,run_04,0.5714285714285714,4.0,7,0.0
MTG11,11_DenverCityCouncil_12192016,DenverCityCouncil_12192016,DenverCityCouncil_12192016_16-1034,decision-bearing,Ordinance,deepseek_reasoning,budget_06,run_05,0.8571428571428571,6.0,7,0.0
MTG11,11_DenverCityCouncil_12192016,DenverCityCouncil_12192016,DenverCityCouncil_12192016_16-1034,decision-bearing,Ordinance,deepseek_temp1_chat,budget_02,run_01,0.5714285714285714,4.0,7,0.0
MTG11,11_DenverCityCouncil_12192016,DenverCityCouncil_12192016,DenverCityCouncil_12192016_16-1034,decision-bearing,Ordinance,deepseek_temp1_chat,budget_02,run_02,0.5714285714285714,4.0,7,0.0
MTG11,11_DenverCityCouncil_12192016,DenverCityCouncil_12192016,DenverCityCouncil_12192016_16-1034,decision-bearing,Ordinance,deepseek_temp1_chat,budget_02,run_03,0.5714285714285714,4.0,7,0.0
MTG11,11_DenverCityCouncil_12192016,DenverCityCouncil_12192016,DenverCityCouncil_12192016_16-1034,decision-bearing,Ordinance,deepseek_temp1_chat,budget_02,run_04,0.42857142857142855,3.0,7,0.0
MTG11,11_DenverCityCouncil_12192016,DenverCityCouncil_12192016,DenverCityCouncil_12192016_16-1034,decision-bearing,Ordinance,deepseek_temp1_chat,budget_02,run_05,0.5714285714285714,4.0,7,0.0
MTG11,11_DenverCityCouncil_12192016,DenverCityCouncil_12192016,DenverCityCouncil_12192016_16-1034,decision-bearing,Ordinance,deepseek_temp1_chat,budget_03,run_01,0.5714285714285714,4.0,7,0.0
MTG11,11_DenverCityCouncil_12192016,DenverCityCouncil_12192016,DenverCityCouncil_12192016_16-1034,decision-bearing,Ordinance,deepseek_temp1_chat,budget_03,run_02,0.5714285714285714,4.0,7,0.0
MTG11,11_DenverCityCouncil_12192016,DenverCityCouncil_12192016,DenverCityCouncil_12192016_16-1034,decision-bearing,Ordinance,deepseek_temp1_chat,budget_03,run_03,0.5714285714285714,4.0,7,0.0
MTG11,11_DenverCityCouncil_12192016,DenverCityCouncil_12192016,DenverCityCouncil_12192016_16-1034,decision-bearing,Ordinance,deepseek_temp1_chat,budget_03,run_04,0.5714285714285714,4.0,7,0.0
MTG11,11_DenverCityCouncil_12192016,DenverCityCouncil_12192016,DenverCityCouncil_12192016_16-1034,decision-bearing,Ordinance,deepseek_temp1_chat,budget_03,run_05,0.5714285714285714,4.0,7,0.0
MTG11,11_DenverCityCouncil_12192016,DenverCityCouncil_12192016,DenverCityCouncil_12192016_16-1034,decision-bearing,Ordinance,deepseek_temp1_chat,budget_06,run_01,0.5714285714285714,4.0,7,0.0
MTG11,11_DenverCityCouncil_12192016,DenverCityCouncil_12192016,DenverCityCouncil_12192016_16-1034,decision-bearing,Ordinance,deepseek_temp1_chat,budget_06,run_02,0.5714285714285714,4.0,7,0.0
MTG11,11_DenverCityCouncil_12192016,DenverCityCouncil_12192016,DenverCityCouncil_12192016_16-1034,decision-bearing,Ordinance,deepseek_temp1_chat,budget_06,run_03,0.8571428571428571,6.0,7,0.0
MTG11,11_DenverCityCouncil_12192016,DenverCityCouncil_12192016,DenverCityCouncil_12192016_16-1034,decision-bearing,Ordinance,deepseek_temp1_chat,budget_06,run_04,0.5714285714285714,4.0,7,0.0
MTG11,11_DenverCityCouncil_12192016,DenverCityCouncil_12192016,DenverCityCouncil_12192016_16-1034,decision-bearing,Ordinance,deepseek_temp1_chat,budget_06,run_05,0.8571428571428571,6.0,7,0.16666666666666666
MTG11,11_DenverCityCouncil_12192016,DenverCityCouncil_12192016,DenverCityCouncil_12192016_16-1034,decision-bearing,Ordinance,gemini_2_5_flash_lite,budget_02,run_01,0.5714285714285714,4.0,7,0.0
MTG11,11_DenverCityCouncil_12192016,DenverCityCouncil_12192016,DenverCityCouncil_12192016_16-1034,decision-bearing,Ordinance,gemini_2_5_flash_lite,budget_02,run_02,0.42857142857142855,3.0,7,0.0
MTG11,11_DenverCityCouncil_12192016,DenverCityCouncil_12192016,DenverCityCouncil_12192016_16-1034,decision-bearing,Ordinance,gemini_2_5_flash_lite,budget_02,run_03,0.42857142857142855,3.0,7,0.0
MTG11,11_DenverCityCouncil_12192016,DenverCityCouncil_12192016,DenverCityCouncil_12192016_16-1034,decision-bearing,Ordinance,gemini_2_5_flash_lite,budget_02,run_04,0.5714285714285714,4.0,7,0.0
MTG11,11_DenverCityCouncil_12192016,DenverCityCouncil_12192016,DenverCityCouncil_12192016_16-1034,decision-bearing,Ordinance,gemini_2_5_flash_lite,budget_02,run_05,0.5714285714285714,4.0,7,0.0
MTG11,11_DenverCityCouncil_12192016,DenverCityCouncil_12192016,DenverCityCouncil_12192016_16-1034,decision-bearing,Ordinance,gemini_2_5_flash_lite,budget_03,run_01,0.5714285714285714,4.0,7,0.0
MTG11,11_DenverCityCouncil_12192016,DenverCityCouncil_12192016,DenverCityCouncil_12192016_16-1034,decision-bearing,Ordinance,gemini_2_5_flash_lite,budget_03,run_02,0.6428571428571429,4.5,7,0.0
MTG11,11_DenverCityCouncil_12192016,DenverCityCouncil_12192016,DenverCityCouncil_12192016_16-1034,decision-bearing,Ordinance,gemini_2_5_flash_lite,budget_03,run_03,0.5714285714285714,4.0,7,0.0
MTG11,11_DenverCityCouncil_12192016,DenverCityCouncil_12192016,DenverCityCouncil_12192016_16-1034,decision-bearing,Ordinance,gemini_2_5_flash_lite,budget_03,run_04,0.5714285714285714,4.0,7,0.0
MTG11,11_DenverCityCouncil_12192016,DenverCityCouncil_12192016,DenverCityCouncil_12192016_16-1034,decision-bearing,Ordinance,gemini_2_5_flash_lite,budget_03,run_05,0.5714285714285714,4.0,7,0.0
MTG11,11_DenverCityCouncil_12192016,DenverCityCouncil_12192016,DenverCityCouncil_12192016_16-1034,decision-bearing,Ordinance,gemini_2_5_flash_lite,budget_06,run_01,0.5714285714285714,4.0,7,0.0
MTG11,11_DenverCityCouncil_12192016,DenverCityCouncil_12192016,DenverCityCouncil_12192016_16-1034,decision-bearing,Ordinance,gemini_2_5_flash_lite,budget_06,run_02,0.5714285714285714,4.0,7,0.0
MTG11,11_DenverCityCouncil_12192016,DenverCityCouncil_12192016,DenverCityCouncil_12192016_16-1034,decision-bearing,Ordinance,gemini_2_5_flash_lite,budget_06,run_03,0.7142857142857143,5.0,7,0.0
MTG11,11_DenverCityCouncil_12192016,DenverCityCouncil_12192016,DenverCityCouncil_12192016_16-1034,decision-bearing,Ordinance,gemini_2_5_flash_lite,budget_06,run_04,0.7857142857142857,5.5,7,0.0
MTG11,11_DenverCityCouncil_12192016,DenverCityCouncil_12192016,DenverCityCouncil_12192016_16-1034,decision-bearing,Ordinance,gemini_2_5_flash_lite,budget_06,run_05,0.8571428571428571,6.0,7,0.0
MTG12,12_KingCountyCC_03212018,KingCountyCC_03212018,KingCountyCC_03212018_2018-0069,decision-bearing,Ordinance,deepseek_reasoning,budget_02,run_01,0.7857142857142857,5.5,7,0.0
MTG12,12_KingCountyCC_03212018,KingCountyCC_03212018,KingCountyCC_03212018_2018-0069,decision-bearing,Ordinance,deepseek_reasoning,budget_02,run_02,0.6428571428571429,4.5,7,0.2
MTG12,12_KingCountyCC_03212018,KingCountyCC_03212018,KingCountyCC_03212018_2018-0069,decision-bearing,Ordinance,deepseek_reasoning,budget_02,run_03,0.7857142857142857,5.5,7,0.16666666666666666
MTG12,12_KingCountyCC_03212018,KingCountyCC_03212018,KingCountyCC_03212018_2018-0069,decision-bearing,Ordinance,deepseek_reasoning,budget_02,run_04,0.7857142857142857,5.5,7,0.16666666666666666
MTG12,12_KingCountyCC_03212018,KingCountyCC_03212018,KingCountyCC_03212018_2018-0069,decision-bearing,Ordinance,deepseek_reasoning,budget_02,run_05,0.7857142857142857,5.5,7,0.0
MTG12,12_KingCountyCC_03212018,KingCountyCC_03212018,KingCountyCC_03212018_2018-0069,decision-bearing,Ordinance,deepseek_reasoning,budget_03,run_01,0.8571428571428571,6.0,7,0.16666666666666666
MTG12,12_KingCountyCC_03212018,KingCountyCC_03212018,KingCountyCC_03212018_2018-0069,decision-bearing,Ordinance,deepseek_reasoning,budget_03,run_02,0.8571428571428571,6.0,7,0.16666666666666666
MTG12,12_KingCountyCC_03212018,KingCountyCC_03212018,KingCountyCC_03212018_2018-0069,decision-bearing,Ordinance,deepseek_reasoning,budget_03,run_03,0.7857142857142857,5.5,7,0.16666666666666666
MTG12,12_KingCountyCC_03212018,KingCountyCC_03212018,KingCountyCC_03212018_2018-0069,decision-bearing,Ordinance,deepseek_reasoning,budget_03,run_04,0.8571428571428571,6.0,7,0.16666666666666666
MTG12,12_KingCountyCC_03212018,KingCountyCC_03212018,KingCountyCC_03212018_2018-0069,decision-bearing,Ordinance,deepseek_reasoning,budget_03,run_05,0.9285714285714286,6.5,7,0.14285714285714285
MTG12,12_KingCountyCC_03212018,KingCountyCC_03212018,KingCountyCC_03212018_2018-0069,decision-bearing,Ordinance,deepseek_reasoning,budget_06,run_01,0.7142857142857143,5.0,7,0.2
MTG12,12_KingCountyCC_03212018,KingCountyCC_03212018,KingCountyCC_03212018_2018-0069,decision-bearing,Ordinance,deepseek_reasoning,budget_06,run_02,1.0,7.0,7,0.14285714285714285
MTG12,12_KingCountyCC_03212018,KingCountyCC_03212018,KingCountyCC_03212018_2018-0069,decision-bearing,Ordinance,deepseek_reasoning,budget_06,run_03,0.7142857142857143,5.0,7,0.2
MTG12,12_KingCountyCC_03212018,KingCountyCC_03212018,KingCountyCC_03212018_2018-0069,decision-bearing,Ordinance,deepseek_reasoning,budget_06,run_04,1.0,7.0,7,0.0
MTG12,12_KingCountyCC_03212018,KingCountyCC_03212018,KingCountyCC_03212018_2018-0069,decision-bearing,Ordinance,deepseek_reasoning,budget_06,run_05,0.7142857142857143,5.0,7,0.0
MTG12,12_KingCountyCC_03212018,KingCountyCC_03212018,KingCountyCC_03212018_2018-0069,decision-bearing,Ordinance,deepseek_temp1_chat,budget_02,run_01,0.7857142857142857,5.5,7,0.0
MTG12,12_KingCountyCC_03212018,KingCountyCC_03212018,KingCountyCC_03212018_2018-0069,decision-bearing,Ordinance,deepseek_temp1_chat,budget_02,run_02,0.5714285714285714,4.0,7,0.2
MTG12,12_KingCountyCC_03212018,KingCountyCC_03212018,KingCountyCC_03212018_2018-0069,decision-bearing,Ordinance,deepseek_temp1_chat,budget_02,run_03,0.7142857142857143,5.0,7,0.2
MTG12,12_KingCountyCC_03212018,KingCountyCC_03212018,KingCountyCC_03212018_2018-0069,decision-bearing,Ordinance,deepseek_temp1_chat,budget_02,run_04,0.7142857142857143,5.0,7,0.2
MTG12,12_KingCountyCC_03212018,KingCountyCC_03212018,KingCountyCC_03212018_2018-0069,decision-bearing,Ordinance,deepseek_temp1_chat,budget_02,run_05,0.7142857142857143,5.0,7,0.14285714285714285
MTG12,12_KingCountyCC_03212018,KingCountyCC_03212018,KingCountyCC_03212018_2018-0069,decision-bearing,Ordinance,deepseek_temp1_chat,budget_03,run_01,0.9285714285714286,6.5,7,0.0
MTG12,12_KingCountyCC_03212018,KingCountyCC_03212018,KingCountyCC_03212018_2018-0069,decision-bearing,Ordinance,deepseek_temp1_chat,budget_03,run_02,0.7857142857142857,5.5,7,0.16666666666666666
MTG12,12_KingCountyCC_03212018,KingCountyCC_03212018,KingCountyCC_03212018_2018-0069,decision-bearing,Ordinance,deepseek_temp1_chat,budget_03,run_03,0.7857142857142857,5.5,7,0.16666666666666666
MTG12,12_KingCountyCC_03212018,KingCountyCC_03212018,KingCountyCC_03212018_2018-0069,decision-bearing,Ordinance,deepseek_temp1_chat,budget_03,run_04,0.9285714285714286,6.5,7,0.14285714285714285
MTG12,12_KingCountyCC_03212018,KingCountyCC_03212018,KingCountyCC_03212018_2018-0069,decision-bearing,Ordinance,deepseek_temp1_chat,budget_03,run_05,0.7857142857142857,5.5,7,0.16666666666666666
MTG12,12_KingCountyCC_03212018,KingCountyCC_03212018,KingCountyCC_03212018_2018-0069,decision-bearing,Ordinance,deepseek_temp1_chat,budget_06,run_01,0.8571428571428571,6.0,7,0.3333333333333333
MTG12,12_KingCountyCC_03212018,KingCountyCC_03212018,KingCountyCC_03212018_2018-0069,decision-bearing,Ordinance,deepseek_temp1_chat,budget_06,run_02,0.8571428571428571,6.0,7,0.16666666666666666
MTG12,12_KingCountyCC_03212018,KingCountyCC_03212018,KingCountyCC_03212018_2018-0069,decision-bearing,Ordinance,deepseek_temp1_chat,budget_06,run_03,1.0,7.0,7,0.14285714285714285
MTG12,12_KingCountyCC_03212018,KingCountyCC_03212018,KingCountyCC_03212018_2018-0069,decision-bearing,Ordinance,deepseek_temp1_chat,budget_06,run_04,1.0,7.0,7,0.14285714285714285
MTG12,12_KingCountyCC_03212018,KingCountyCC_03212018,KingCountyCC_03212018_2018-0069,decision-bearing,Ordinance,deepseek_temp1_chat,budget_06,run_05,0.8571428571428571,6.0,7,0.0
MTG12,12_KingCountyCC_03212018,KingCountyCC_03212018,KingCountyCC_03212018_2018-0069,decision-bearing,Ordinance,gemini_2_5_flash_lite,budget_02,run_01,0.6428571428571429,4.5,7,0.2
MTG12,12_KingCountyCC_03212018,KingCountyCC_03212018,KingCountyCC_03212018_2018-0069,decision-bearing,Ordinance,gemini_2_5_flash_lite,budget_02,run_02,0.5714285714285714,4.0,7,0.0
MTG12,12_KingCountyCC_03212018,KingCountyCC_03212018,KingCountyCC_03212018_2018-0069,decision-bearing,Ordinance,gemini_2_5_flash_lite,budget_02,run_03,0.7142857142857143,5.0,7,0.0
MTG12,12_KingCountyCC_03212018,KingCountyCC_03212018,KingCountyCC_03212018_2018-0069,decision-bearing,Ordinance,gemini_2_5_flash_lite,budget_02,run_04,0.7142857142857143,5.0,7,0.0
MTG12,12_KingCountyCC_03212018,KingCountyCC_03212018,KingCountyCC_03212018_2018-0069,decision-bearing,Ordinance,gemini_2_5_flash_lite,budget_02,run_05,0.6428571428571429,4.5,7,0.0
MTG12,12_KingCountyCC_03212018,KingCountyCC_03212018,KingCountyCC_03212018_2018-0069,decision-bearing,Ordinance,gemini_2_5_flash_lite,budget_03,run_01,0.7142857142857143,5.0,7,0.16666666666666666
MTG12,12_KingCountyCC_03212018,KingCountyCC_03212018,KingCountyCC_03212018_2018-0069,decision-bearing,Ordinance,gemini_2_5_flash_lite,budget_03,run_02,0.35714285714285715,2.5,7,0.0
MTG12,12_KingCountyCC_03212018,KingCountyCC_03212018,KingCountyCC_03212018_2018-0069,decision-bearing,Ordinance,gemini_2_5_flash_lite,budget_03,run_03,0.7142857142857143,5.0,7,0.0
MTG12,12_KingCountyCC_03212018,KingCountyCC_03212018,KingCountyCC_03212018_2018-0069,decision-bearing,Ordinance,gemini_2_5_flash_lite,budget_03,run_04,0.5714285714285714,4.0,7,0.2
MTG12,12_KingCountyCC_03212018,KingCountyCC_03212018,KingCountyCC_03212018_2018-0069,decision-bearing,Ordinance,gemini_2_5_flash_lite,budget_03,run_05,0.35714285714285715,2.5,7,0.0
MTG12,12_KingCountyCC_03212018,KingCountyCC_03212018,KingCountyCC_03212018_2018-0069,decision-bearing,Ordinance,gemini_2_5_flash_lite,budget_06,run_01,0.5714285714285714,4.0,7,0.0
MTG12,12_KingCountyCC_03212018,KingCountyCC_03212018,KingCountyCC_03212018_2018-0069,decision-bearing,Ordinance,gemini_2_5_flash_lite,budget_06,run_02,0.5714285714285714,4.0,7,0.0
MTG12,12_KingCountyCC_03212018,KingCountyCC_03212018,KingCountyCC_03212018_2018-0069,decision-bearing,Ordinance,gemini_2_5_flash_lite,budget_06,run_03,0.7142857142857143,5.0,7,0.0
MTG12,12_KingCountyCC_03212018,KingCountyCC_03212018,KingCountyCC_03212018_2018-0069,decision-bearing,Ordinance,gemini_2_5_flash_lite,budget_06,run_04,0.7142857142857143,5.0,7,0.0
MTG12,12_KingCountyCC_03212018,KingCountyCC_03212018,KingCountyCC_03212018_2018-0069,decision-bearing,Ordinance,gemini_2_5_flash_lite,budget_06,run_05,0.6428571428571429,4.5,7,0.0
MTG13,13_LongBeachCC_03102015,LongBeachCC_03102015,LongBeachCC_03102015_15-0115,decision-bearing,Ordinance,deepseek_reasoning,budget_02,run_01,0.5714285714285714,4.0,7,0.0
MTG13,13_LongBeachCC_03102015,LongBeachCC_03102015,LongBeachCC_03102015_15-0115,decision-bearing,Ordinance,deepseek_reasoning,budget_02,run_02,0.7857142857142857,5.5,7,0.0
MTG13,13_LongBeachCC_03102015,LongBeachCC_03102015,LongBeachCC_03102015_15-0115,decision-bearing,Ordinance,deepseek_reasoning,budget_02,run_03,0.7857142857142857,5.5,7,0.0
MTG13,13_LongBeachCC_03102015,LongBeachCC_03102015,LongBeachCC_03102015_15-0115,decision-bearing,Ordinance,deepseek_reasoning,budget_02,run_04,0.7142857142857143,5.0,7,0.2
MTG13,13_LongBeachCC_03102015,LongBeachCC_03102015,LongBeachCC_03102015_15-0115,decision-bearing,Ordinance,deepseek_reasoning,budget_02,run_05,0.7142857142857143,5.0,7,0.0
MTG13,13_LongBeachCC_03102015,LongBeachCC_03102015,LongBeachCC_03102015_15-0115,decision-bearing,Ordinance,deepseek_reasoning,budget_03,run_01,0.7857142857142857,5.5,7,0.16666666666666666
MTG13,13_LongBeachCC_03102015,LongBeachCC_03102015,LongBeachCC_03102015_15-0115,decision-bearing,Ordinance,deepseek_reasoning,budget_03,run_02,0.7857142857142857,5.5,7,0.0
MTG13,13_LongBeachCC_03102015,LongBeachCC_03102015,LongBeachCC_03102015_15-0115,decision-bearing,Ordinance,deepseek_reasoning,budget_03,run_03,0.7142857142857143,5.0,7,0.0
MTG13,13_LongBeachCC_03102015,LongBeachCC_03102015,LongBeachCC_03102015_15-0115,decision-bearing,Ordinance,deepseek_reasoning,budget_03,run_04,0.42857142857142855,3.0,7,0.0
MTG13,13_LongBeachCC_03102015,LongBeachCC_03102015,LongBeachCC_03102015_15-0115,decision-bearing,Ordinance,deepseek_reasoning,budget_03,run_05,0.7857142857142857,5.5,7,0.16666666666666666
MTG13,13_LongBeachCC_03102015,LongBeachCC_03102015,LongBeachCC_03102015_15-0115,decision-bearing,Ordinance,deepseek_reasoning,budget_06,run_01,0.7857142857142857,5.5,7,0.0
MTG13,13_LongBeachCC_03102015,LongBeachCC_03102015,LongBeachCC_03102015_15-0115,decision-bearing,Ordinance,deepseek_reasoning,budget_06,run_02,0.7142857142857143,5.0,7,0.2
MTG13,13_LongBeachCC_03102015,LongBeachCC_03102015,LongBeachCC_03102015_15-0115,decision-bearing,Ordinance,deepseek_reasoning,budget_06,run_03,0.7857142857142857,5.5,7,0.0
MTG13,13_LongBeachCC_03102015,LongBeachCC_03102015,LongBeachCC_03102015_15-0115,decision-bearing,Ordinance,deepseek_reasoning,budget_06,run_04,0.8571428571428571,6.0,7,0.16666666666666666
MTG13,13_LongBeachCC_03102015,LongBeachCC_03102015,LongBeachCC_03102015_15-0115,decision-bearing,Ordinance,deepseek_reasoning,budget_06,run_05,0.7857142857142857,5.5,7,0.0
MTG13,13_LongBeachCC_03102015,LongBeachCC_03102015,LongBeachCC_03102015_15-0115,decision-bearing,Ordinance,deepseek_temp1_chat,budget_02,run_01,0.42857142857142855,3.0,7,0.0
MTG13,13_LongBeachCC_03102015,LongBeachCC_03102015,LongBeachCC_03102015_15-0115,decision-bearing,Ordinance,deepseek_temp1_chat,budget_02,run_02,0.7857142857142857,5.5,7,0.0
MTG13,13_LongBeachCC_03102015,LongBeachCC_03102015,LongBeachCC_03102015_15-0115,decision-bearing,Ordinance,deepseek_temp1_chat,budget_02,run_03,0.8571428571428571,6.0,7,0.0
MTG13,13_LongBeachCC_03102015,LongBeachCC_03102015,LongBeachCC_03102015_15-0115,decision-bearing,Ordinance,deepseek_temp1_chat,budget_02,run_04,0.7142857142857143,5.0,7,0.0
MTG13,13_LongBeachCC_03102015,LongBeachCC_03102015,LongBeachCC_03102015_15-0115,decision-bearing,Ordinance,deepseek_temp1_chat,budget_02,run_05,0.42857142857142855,3.0,7,0.6666666666666666
MTG13,13_LongBeachCC_03102015,LongBeachCC_03102015,LongBeachCC_03102015_15-0115,decision-bearing,Ordinance,deepseek_temp1_chat,budget_03,run_01,0.6428571428571429,4.5,7,0.2
MTG13,13_LongBeachCC_03102015,LongBeachCC_03102015,LongBeachCC_03102015_15-0115,decision-bearing,Ordinance,deepseek_temp1_chat,budget_03,run_02,0.7857142857142857,5.5,7,0.5
MTG13,13_LongBeachCC_03102015,LongBeachCC_03102015,LongBeachCC_03102015_15-0115,decision-bearing,Ordinance,deepseek_temp1_chat,budget_03,run_03,0.7142857142857143,5.0,7,0.0
MTG13,13_LongBeachCC_03102015,LongBeachCC_03102015,LongBeachCC_03102015_15-0115,decision-bearing,Ordinance,deepseek_temp1_chat,budget_03,run_04,0.6428571428571429,4.5,7,0.0
MTG13,13_LongBeachCC_03102015,LongBeachCC_03102015,LongBeachCC_03102015_15-0115,decision-bearing,Ordinance,deepseek_temp1_chat,budget_03,run_05,0.42857142857142855,3.0,7,0.6666666666666666
MTG13,13_LongBeachCC_03102015,LongBeachCC_03102015,LongBeachCC_03102015_15-0115,decision-bearing,Ordinance,deepseek_temp1_chat,budget_06,run_01,1.0,7.0,7,0.0
MTG13,13_LongBeachCC_03102015,LongBeachCC_03102015,LongBeachCC_03102015_15-0115,decision-bearing,Ordinance,deepseek_temp1_chat,budget_06,run_02,0.7142857142857143,5.0,7,0.0
MTG13,13_LongBeachCC_03102015,LongBeachCC_03102015,LongBeachCC_03102015_15-0115,decision-bearing,Ordinance,deepseek_temp1_chat,budget_06,run_03,0.9285714285714286,6.5,7,0.0
MTG13,13_LongBeachCC_03102015,LongBeachCC_03102015,LongBeachCC_03102015_15-0115,decision-bearing,Ordinance,deepseek_temp1_chat,budget_06,run_04,0.7857142857142857,5.5,7,0.0
MTG13,13_LongBeachCC_03102015,LongBeachCC_03102015,LongBeachCC_03102015_15-0115,decision-bearing,Ordinance,deepseek_temp1_chat,budget_06,run_05,0.8571428571428571,6.0,7,0.3333333333333333
MTG13,13_LongBeachCC_03102015,LongBeachCC_03102015,LongBeachCC_03102015_15-0115,decision-bearing,Ordinance,gemini_2_5_flash_lite,budget_02,run_01,0.7142857142857143,5.0,7,0.0
MTG13,13_LongBeachCC_03102015,LongBeachCC_03102015,LongBeachCC_03102015_15-0115,decision-bearing,Ordinance,gemini_2_5_flash_lite,budget_02,run_02,0.7142857142857143,5.0,7,0.0
MTG13,13_LongBeachCC_03102015,LongBeachCC_03102015,LongBeachCC_03102015_15-0115,decision-bearing,Ordinance,gemini_2_5_flash_lite,budget_02,run_03,0.5714285714285714,4.0,7,0.0
MTG13,13_LongBeachCC_03102015,LongBeachCC_03102015,LongBeachCC_03102015_15-0115,decision-bearing,Ordinance,gemini_2_5_flash_lite,budget_02,run_04,0.7142857142857143,5.0,7,0.2
MTG13,13_LongBeachCC_03102015,LongBeachCC_03102015,LongBeachCC_03102015_15-0115,decision-bearing,Ordinance,gemini_2_5_flash_lite,budget_02,run_05,0.7142857142857143,5.0,7,0.0
MTG13,13_LongBeachCC_03102015,LongBeachCC_03102015,LongBeachCC_03102015_15-0115,decision-bearing,Ordinance,gemini_2_5_flash_lite,budget_03,run_01,0.5714285714285714,4.0,7,0.0
MTG13,13_LongBeachCC_03102015,LongBeachCC_03102015,LongBeachCC_03102015_15-0115,decision-bearing,Ordinance,gemini_2_5_flash_lite,budget_03,run_02,0.5714285714285714,4.0,7,0.0
MTG13,13_LongBeachCC_03102015,LongBeachCC_03102015,LongBeachCC_03102015_15-0115,decision-bearing,Ordinance,gemini_2_5_flash_lite,budget_03,run_03,0.8571428571428571,6.0,7,0.16666666666666666
MTG13,13_LongBeachCC_03102015,LongBeachCC_03102015,LongBeachCC_03102015_15-0115,decision-bearing,Ordinance,gemini_2_5_flash_lite,budget_03,run_04,0.7142857142857143,5.0,7,0.0
MTG13,13_LongBeachCC_03102015,LongBeachCC_03102015,LongBeachCC_03102015_15-0115,decision-bearing,Ordinance,gemini_2_5_flash_lite,budget_03,run_05,0.8571428571428571,6.0,7,0.0
MTG13,13_LongBeachCC_03102015,LongBeachCC_03102015,LongBeachCC_03102015_15-0115,decision-bearing,Ordinance,gemini_2_5_flash_lite,budget_06,run_01,0.8571428571428571,6.0,7,0.0
MTG13,13_LongBeachCC_03102015,LongBeachCC_03102015,LongBeachCC_03102015_15-0115,decision-bearing,Ordinance,gemini_2_5_flash_lite,budget_06,run_02,0.8571428571428571,6.0,7,0.0
MTG13,13_LongBeachCC_03102015,LongBeachCC_03102015,LongBeachCC_03102015_15-0115,decision-bearing,Ordinance,gemini_2_5_flash_lite,budget_06,run_03,0.7142857142857143,5.0,7,0.2
MTG13,13_LongBeachCC_03102015,LongBeachCC_03102015,LongBeachCC_03102015_15-0115,decision-bearing,Ordinance,gemini_2_5_flash_lite,budget_06,run_04,0.7142857142857143,5.0,7,0.0
MTG13,13_LongBeachCC_03102015,LongBeachCC_03102015,LongBeachCC_03102015_15-0115,decision-bearing,Ordinance,gemini_2_5_flash_lite,budget_06,run_05,0.7142857142857143,5.0,7,0.2
MTG14,14_DenverCityCouncil_01092017,DenverCityCouncil_01092017,DenverCityCouncil_01092017_16-1071,decision-bearing,Ordinance,deepseek_reasoning,budget_02,run_01,0.5714285714285714,4.0,7,0.0
MTG14,14_DenverCityCouncil_01092017,DenverCityCouncil_01092017,DenverCityCouncil_01092017_16-1071,decision-bearing,Ordinance,deepseek_reasoning,budget_02,run_02,0.7142857142857143,5.0,7,0.0
MTG14,14_DenverCityCouncil_01092017,DenverCityCouncil_01092017,DenverCityCouncil_01092017_16-1071,decision-bearing,Ordinance,deepseek_reasoning,budget_02,run_03,0.7857142857142857,5.5,7,0.16666666666666666
MTG14,14_DenverCityCouncil_01092017,DenverCityCouncil_01092017,DenverCityCouncil_01092017_16-1071,decision-bearing,Ordinance,deepseek_reasoning,budget_02,run_04,0.7857142857142857,5.5,7,0.0
MTG14,14_DenverCityCouncil_01092017,DenverCityCouncil_01092017,DenverCityCouncil_01092017_16-1071,decision-bearing,Ordinance,deepseek_reasoning,budget_02,run_05,0.8571428571428571,6.0,7,0.16666666666666666
MTG14,14_DenverCityCouncil_01092017,DenverCityCouncil_01092017,DenverCityCouncil_01092017_16-1071,decision-bearing,Ordinance,deepseek_reasoning,budget_03,run_01,0.8571428571428571,6.0,7,0.0
MTG14,14_DenverCityCouncil_01092017,DenverCityCouncil_01092017,DenverCityCouncil_01092017_16-1071,decision-bearing,Ordinance,deepseek_reasoning,budget_03,run_02,0.42857142857142855,3.0,7,0.0
MTG14,14_DenverCityCouncil_01092017,DenverCityCouncil_01092017,DenverCityCouncil_01092017_16-1071,decision-bearing,Ordinance,deepseek_reasoning,budget_03,run_03,1.0,7.0,7,0.0
MTG14,14_DenverCityCouncil_01092017,DenverCityCouncil_01092017,DenverCityCouncil_01092017_16-1071,decision-bearing,Ordinance,deepseek_reasoning,budget_03,run_04,0.9285714285714286,6.5,7,0.14285714285714285
MTG14,14_DenverCityCouncil_01092017,DenverCityCouncil_01092017,DenverCityCouncil_01092017_16-1071,decision-bearing,Ordinance,deepseek_reasoning,budget_03,run_05,0.7857142857142857,5.5,7,0.16666666666666666
MTG14,14_DenverCityCouncil_01092017,DenverCityCouncil_01092017,DenverCityCouncil_01092017_16-1071,decision-bearing,Ordinance,deepseek_reasoning,budget_06,run_01,1.0,7.0,7,0.14285714285714285
MTG14,14_DenverCityCouncil_01092017,DenverCityCouncil_01092017,DenverCityCouncil_01092017_16-1071,decision-bearing,Ordinance,deepseek_reasoning,budget_06,run_02,1.0,7.0,7,0.14285714285714285
MTG14,14_DenverCityCouncil_01092017,DenverCityCouncil_01092017,DenverCityCouncil_01092017_16-1071,decision-bearing,Ordinance,deepseek_reasoning,budget_06,run_03,0.8571428571428571,6.0,7,0.16666666666666666
MTG14,14_DenverCityCouncil_01092017,DenverCityCouncil_01092017,DenverCityCouncil_01092017_16-1071,decision-bearing,Ordinance,deepseek_reasoning,budget_06,run_04,0.7142857142857143,5.0,7,0.0
MTG14,14_DenverCityCouncil_01092017,DenverCityCouncil_01092017,DenverCityCouncil_01092017_16-1071,decision-bearing,Ordinance,deepseek_reasoning,budget_06,run_05,1.0,7.0,7,0.14285714285714285
MTG14,14_DenverCityCouncil_01092017,DenverCityCouncil_01092017,DenverCityCouncil_01092017_16-1071,decision-bearing,Ordinance,deepseek_temp1_chat,budget_02,run_01,0.14285714285714285,1.0,7,0.0
MTG14,14_DenverCityCouncil_01092017,DenverCityCouncil_01092017,DenverCityCouncil_01092017_16-1071,decision-bearing,Ordinance,deepseek_temp1_chat,budget_02,run_02,0.5714285714285714,4.0,7,0.0
MTG14,14_DenverCityCouncil_01092017,DenverCityCouncil_01092017,DenverCityCouncil_01092017_16-1071,decision-bearing,Ordinance,deepseek_temp1_chat,budget_02,run_03,0.9285714285714286,6.5,7,0.0
MTG14,14_DenverCityCouncil_01092017,DenverCityCouncil_01092017,DenverCityCouncil_01092017_16-1071,decision-bearing,Ordinance,deepseek_temp1_chat,budget_02,run_04,0.5714285714285714,4.0,7,0.0
MTG14,14_DenverCityCouncil_01092017,DenverCityCouncil_01092017,DenverCityCouncil_01092017_16-1071,decision-bearing,Ordinance,deepseek_temp1_chat,budget_02,run_05,0.7142857142857143,5.0,7,0.0
MTG14,14_DenverCityCouncil_01092017,DenverCityCouncil_01092017,DenverCityCouncil_01092017_16-1071,decision-bearing,Ordinance,deepseek_temp1_chat,budget_03,run_01,0.8571428571428571,6.0,7,0.0
MTG14,14_DenverCityCouncil_01092017,DenverCityCouncil_01092017,DenverCityCouncil_01092017_16-1071,decision-bearing,Ordinance,deepseek_temp1_chat,budget_03,run_02,0.9285714285714286,6.5,7,0.0
MTG14,14_DenverCityCouncil_01092017,DenverCityCouncil_01092017,DenverCityCouncil_01092017_16-1071,decision-bearing,Ordinance,deepseek_temp1_chat,budget_03,run_03,0.7857142857142857,5.5,7,0.0
MTG14,14_DenverCityCouncil_01092017,DenverCityCouncil_01092017,DenverCityCouncil_01092017_16-1071,decision-bearing,Ordinance,deepseek_temp1_chat,budget_03,run_04,1.0,7.0,7,0.0
MTG14,14_DenverCityCouncil_01092017,DenverCityCouncil_01092017,DenverCityCouncil_01092017_16-1071,decision-bearing,Ordinance,deepseek_temp1_chat,budget_03,run_05,0.9285714285714286,6.5,7,0.0
MTG14,14_DenverCityCouncil_01092017,DenverCityCouncil_01092017,DenverCityCouncil_01092017_16-1071,decision-bearing,Ordinance,deepseek_temp1_chat,budget_06,run_01,0.8571428571428571,6.0,7,0.0
MTG14,14_DenverCityCouncil_01092017,DenverCityCouncil_01092017,DenverCityCouncil_01092017_16-1071,decision-bearing,Ordinance,deepseek_temp1_chat,budget_06,run_02,1.0,7.0,7,0.14285714285714285
MTG14,14_DenverCityCouncil_01092017,DenverCityCouncil_01092017,DenverCityCouncil_01092017_16-1071,decision-bearing,Ordinance,deepseek_temp1_chat,budget_06,run_03,1.0,7.0,7,0.0
MTG14,14_DenverCityCouncil_01092017,DenverCityCouncil_01092017,DenverCityCouncil_01092017_16-1071,decision-bearing,Ordinance,deepseek_temp1_chat,budget_06,run_04,0.8571428571428571,6.0,7,0.0
MTG14,14_DenverCityCouncil_01092017,DenverCityCouncil_01092017,DenverCityCouncil_01092017_16-1071,decision-bearing,Ordinance,deepseek_temp1_chat,budget_06,run_05,0.8571428571428571,6.0,7,0.16666666666666666
MTG14,14_DenverCityCouncil_01092017,DenverCityCouncil_01092017,DenverCityCouncil_01092017_16-1071,decision-bearing,Ordinance,gemini_2_5_flash_lite,budget_02,run_01,0.2857142857142857,2.0,7,0.0
MTG14,14_DenverCityCouncil_01092017,DenverCityCouncil_01092017,DenverCityCouncil_01092017_16-1071,decision-bearing,Ordinance,gemini_2_5_flash_lite,budget_02,run_02,0.5714285714285714,4.0,7,0.0
MTG14,14_DenverCityCouncil_01092017,DenverCityCouncil_01092017,DenverCityCouncil_01092017_16-1071,decision-bearing,Ordinance,gemini_2_5_flash_lite,budget_02,run_03,0.7142857142857143,5.0,7,0.0
MTG14,14_DenverCityCouncil_01092017,DenverCityCouncil_01092017,DenverCityCouncil_01092017_16-1071,decision-bearing,Ordinance,gemini_2_5_flash_lite,budget_02,run_04,0.7142857142857143,5.0,7,0.0
MTG14,14_DenverCityCouncil_01092017,DenverCityCouncil_01092017,DenverCityCouncil_01092017_16-1071,decision-bearing,Ordinance,gemini_2_5_flash_lite,budget_02,run_05,0.7142857142857143,5.0,7,0.0
MTG14,14_DenverCityCouncil_01092017,DenverCityCouncil_01092017,DenverCityCouncil_01092017_16-1071,decision-bearing,Ordinance,gemini_2_5_flash_lite,budget_03,run_01,0.7857142857142857,5.5,7,0.0
MTG14,14_DenverCityCouncil_01092017,DenverCityCouncil_01092017,DenverCityCouncil_01092017_16-1071,decision-bearing,Ordinance,gemini_2_5_flash_lite,budget_03,run_02,1.0,7.0,7,0.0
MTG14,14_DenverCityCouncil_01092017,DenverCityCouncil_01092017,DenverCityCouncil_01092017_16-1071,decision-bearing,Ordinance,gemini_2_5_flash_lite,budget_03,run_03,0.2857142857142857,2.0,7,0.0
MTG14,14_DenverCityCouncil_01092017,DenverCityCouncil_01092017,DenverCityCouncil_01092017_16-1071,decision-bearing,Ordinance,gemini_2_5_flash_lite,budget_03,run_04,0.8571428571428571,6.0,7,0.0
MTG14,14_DenverCityCouncil_01092017,DenverCityCouncil_01092017,DenverCityCouncil_01092017_16-1071,decision-bearing,Ordinance,gemini_2_5_flash_lite,budget_03,run_05,0.5714285714285714,4.0,7,0.0
MTG14,14_DenverCityCouncil_01092017,DenverCityCouncil_01092017,DenverCityCouncil_01092017_16-1071,decision-bearing,Ordinance,gemini_2_5_flash_lite,budget_06,run_01,0.7142857142857143,5.0,7,0.0
MTG14,14_DenverCityCouncil_01092017,DenverCityCouncil_01092017,DenverCityCouncil_01092017_16-1071,decision-bearing,Ordinance,gemini_2_5_flash_lite,budget_06,run_02,0.7857142857142857,5.5,7,0.0
MTG14,14_DenverCityCouncil_01092017,DenverCityCouncil_01092017,DenverCityCouncil_01092017_16-1071,decision-bearing,Ordinance,gemini_2_5_flash_lite,budget_06,run_03,0.9285714285714286,6.5,7,0.0
MTG14,14_DenverCityCouncil_01092017,DenverCityCouncil_01092017,DenverCityCouncil_01092017_16-1071,decision-bearing,Ordinance,gemini_2_5_flash_lite,budget_06,run_04,0.8571428571428571,6.0,7,0.16666666666666666
MTG14,14_DenverCityCouncil_01092017,DenverCityCouncil_01092017,DenverCityCouncil_01092017_16-1071,decision-bearing,Ordinance,gemini_2_5_flash_lite,budget_06,run_05,1.0,7.0,7,0.0
MTG15,15_AlamedaCC_02022016,AlamedaCC_02022016,AlamedaCC_02022016_2016-2508,decision-bearing,Resolution,deepseek_reasoning,budget_02,run_01,0.7142857142857143,5.0,7,0.0
MTG15,15_AlamedaCC_02022016,AlamedaCC_02022016,AlamedaCC_02022016_2016-2508,decision-bearing,Resolution,deepseek_reasoning,budget_02,run_02,0.8571428571428571,6.0,7,0.16666666666666666
MTG15,15_AlamedaCC_02022016,AlamedaCC_02022016,AlamedaCC_02022016_2016-2508,decision-bearing,Resolution,deepseek_reasoning,budget_02,run_03,0.35714285714285715,2.5,7,0.0
MTG15,15_AlamedaCC_02022016,AlamedaCC_02022016,AlamedaCC_02022016_2016-2508,decision-bearing,Resolution,deepseek_reasoning,budget_02,run_04,0.5,3.5,7,0.0
MTG15,15_AlamedaCC_02022016,AlamedaCC_02022016,AlamedaCC_02022016_2016-2508,decision-bearing,Resolution,deepseek_reasoning,budget_02,run_05,0.7857142857142857,5.5,7,0.16666666666666666
MTG15,15_AlamedaCC_02022016,AlamedaCC_02022016,AlamedaCC_02022016_2016-2508,decision-bearing,Resolution,deepseek_reasoning,budget_03,run_01,0.7857142857142857,5.5,7,0.0
MTG15,15_AlamedaCC_02022016,AlamedaCC_02022016,AlamedaCC_02022016_2016-2508,decision-bearing,Resolution,deepseek_reasoning,budget_03,run_02,0.7142857142857143,5.0,7,0.0
MTG15,15_AlamedaCC_02022016,AlamedaCC_02022016,AlamedaCC_02022016_2016-2508,decision-bearing,Resolution,deepseek_reasoning,budget_03,run_03,0.8571428571428571,6.0,7,0.0
MTG15,15_AlamedaCC_02022016,AlamedaCC_02022016,AlamedaCC_02022016_2016-2508,decision-bearing,Resolution,deepseek_reasoning,budget_03,run_04,0.7857142857142857,5.5,7,0.0
MTG15,15_AlamedaCC_02022016,AlamedaCC_02022016,AlamedaCC_02022016_2016-2508,decision-bearing,Resolution,deepseek_reasoning,budget_03,run_05,0.8571428571428571,6.0,7,0.16666666666666666
MTG15,15_AlamedaCC_02022016,AlamedaCC_02022016,AlamedaCC_02022016_2016-2508,decision-bearing,Resolution,deepseek_reasoning,budget_06,run_01,1.0,7.0,7,0.0
MTG15,15_AlamedaCC_02022016,AlamedaCC_02022016,AlamedaCC_02022016_2016-2508,decision-bearing,Resolution,deepseek_reasoning,budget_06,run_02,1.0,7.0,7,0.0
MTG15,15_AlamedaCC_02022016,AlamedaCC_02022016,AlamedaCC_02022016_2016-2508,decision-bearing,Resolution,deepseek_reasoning,budget_06,run_03,0.8571428571428571,6.0,7,0.0
MTG15,15_AlamedaCC_02022016,AlamedaCC_02022016,AlamedaCC_02022016_2016-2508,decision-bearing,Resolution,deepseek_reasoning,budget_06,run_04,0.8571428571428571,6.0,7,0.0
MTG15,15_AlamedaCC_02022016,AlamedaCC_02022016,AlamedaCC_02022016_2016-2508,decision-bearing,Resolution,deepseek_reasoning,budget_06,run_05,0.8571428571428571,6.0,7,0.0
MTG15,15_AlamedaCC_02022016,AlamedaCC_02022016,AlamedaCC_02022016_2016-2508,decision-bearing,Resolution,deepseek_temp1_chat,budget_02,run_01,0.7857142857142857,5.5,7,0.0
MTG15,15_AlamedaCC_02022016,AlamedaCC_02022016,AlamedaCC_02022016_2016-2508,decision-bearing,Resolution,deepseek_temp1_chat,budget_02,run_02,0.8571428571428571,6.0,7,0.16666666666666666
MTG15,15_AlamedaCC_02022016,AlamedaCC_02022016,AlamedaCC_02022016_2016-2508,decision-bearing,Resolution,deepseek_temp1_chat,budget_02,run_03,0.8571428571428571,6.0,7,0.16666666666666666
MTG15,15_AlamedaCC_02022016,AlamedaCC_02022016,AlamedaCC_02022016_2016-2508,decision-bearing,Resolution,deepseek_temp1_chat,budget_02,run_04,0.6428571428571429,4.5,7,0.2
MTG15,15_AlamedaCC_02022016,AlamedaCC_02022016,AlamedaCC_02022016_2016-2508,decision-bearing,Resolution,deepseek_temp1_chat,budget_02,run_05,0.8571428571428571,6.0,7,0.16666666666666666
MTG15,15_AlamedaCC_02022016,AlamedaCC_02022016,AlamedaCC_02022016_2016-2508,decision-bearing,Resolution,deepseek_temp1_chat,budget_03,run_01,0.8571428571428571,6.0,7,0.16666666666666666
MTG15,15_AlamedaCC_02022016,AlamedaCC_02022016,AlamedaCC_02022016_2016-2508,decision-bearing,Resolution,deepseek_temp1_chat,budget_03,run_02,0.9285714285714286,6.5,7,0.14285714285714285
MTG15,15_AlamedaCC_02022016,AlamedaCC_02022016,AlamedaCC_02022016_2016-2508,decision-bearing,Resolution,deepseek_temp1_chat,budget_03,run_03,0.8571428571428571,6.0,7,0.16666666666666666
MTG15,15_AlamedaCC_02022016,AlamedaCC_02022016,AlamedaCC_02022016_2016-2508,decision-bearing,Resolution,deepseek_temp1_chat,budget_03,run_04,0.8571428571428571,6.0,7,0.16666666666666666
MTG15,15_AlamedaCC_02022016,AlamedaCC_02022016,AlamedaCC_02022016_2016-2508,decision-bearing,Resolution,deepseek_temp1_chat,budget_03,run_05,0.7857142857142857,5.5,7,0.16666666666666666
MTG15,15_AlamedaCC_02022016,AlamedaCC_02022016,AlamedaCC_02022016_2016-2508,decision-bearing,Resolution,deepseek_temp1_chat,budget_06,run_01,0.8571428571428571,6.0,7,0.0
MTG15,15_AlamedaCC_02022016,AlamedaCC_02022016,AlamedaCC_02022016_2016-2508,decision-bearing,Resolution,deepseek_temp1_chat,budget_06,run_02,0.8571428571428571,6.0,7,0.0
MTG15,15_AlamedaCC_02022016,AlamedaCC_02022016,AlamedaCC_02022016_2016-2508,decision-bearing,Resolution,deepseek_temp1_chat,budget_06,run_03,0.8571428571428571,6.0,7,0.0
MTG15,15_AlamedaCC_02022016,AlamedaCC_02022016,AlamedaCC_02022016_2016-2508,decision-bearing,Resolution,deepseek_temp1_chat,budget_06,run_04,0.9285714285714286,6.5,7,0.14285714285714285
MTG15,15_AlamedaCC_02022016,AlamedaCC_02022016,AlamedaCC_02022016_2016-2508,decision-bearing,Resolution,deepseek_temp1_chat,budget_06,run_05,0.7142857142857143,5.0,7,0.0
MTG15,15_AlamedaCC_02022016,AlamedaCC_02022016,AlamedaCC_02022016_2016-2508,decision-bearing,Resolution,gemini_2_5_flash_lite,budget_02,run_01,0.7142857142857143,5.0,7,0.0
MTG15,15_AlamedaCC_02022016,AlamedaCC_02022016,AlamedaCC_02022016_2016-2508,decision-bearing,Resolution,gemini_2_5_flash_lite,budget_02,run_02,0.7142857142857143,5.0,7,0.0
MTG15,15_AlamedaCC_02022016,AlamedaCC_02022016,AlamedaCC_02022016_2016-2508,decision-bearing,Resolution,gemini_2_5_flash_lite,budget_02,run_03,0.7857142857142857,5.5,7,0.0
MTG15,15_AlamedaCC_02022016,AlamedaCC_02022016,AlamedaCC_02022016_2016-2508,decision-bearing,Resolution,gemini_2_5_flash_lite,budget_02,run_04,0.7142857142857143,5.0,7,0.0
MTG15,15_AlamedaCC_02022016,AlamedaCC_02022016,AlamedaCC_02022016_2016-2508,decision-bearing,Resolution,gemini_2_5_flash_lite,budget_02,run_05,0.7142857142857143,5.0,7,0.0
MTG15,15_AlamedaCC_02022016,AlamedaCC_02022016,AlamedaCC_02022016_2016-2508,decision-bearing,Resolution,gemini_2_5_flash_lite,budget_03,run_01,0.7857142857142857,5.5,7,0.0
MTG15,15_AlamedaCC_02022016,AlamedaCC_02022016,AlamedaCC_02022016_2016-2508,decision-bearing,Resolution,gemini_2_5_flash_lite,budget_03,run_02,0.7857142857142857,5.5,7,0.16666666666666666
MTG15,15_AlamedaCC_02022016,AlamedaCC_02022016,AlamedaCC_02022016_2016-2508,decision-bearing,Resolution,gemini_2_5_flash_lite,budget_03,run_03,0.6428571428571429,4.5,7,0.2
MTG15,15_AlamedaCC_02022016,AlamedaCC_02022016,AlamedaCC_02022016_2016-2508,decision-bearing,Resolution,gemini_2_5_flash_lite,budget_03,run_04,0.5714285714285714,4.0,7,0.0
MTG15,15_AlamedaCC_02022016,AlamedaCC_02022016,AlamedaCC_02022016_2016-2508,decision-bearing,Resolution,gemini_2_5_flash_lite,budget_03,run_05,0.7857142857142857,5.5,7,0.0
MTG15,15_AlamedaCC_02022016,AlamedaCC_02022016,AlamedaCC_02022016_2016-2508,decision-bearing,Resolution,gemini_2_5_flash_lite,budget_06,run_01,0.8571428571428571,6.0,7,0.3333333333333333
MTG15,15_AlamedaCC_02022016,AlamedaCC_02022016,AlamedaCC_02022016_2016-2508,decision-bearing,Resolution,gemini_2_5_flash_lite,budget_06,run_02,0.8571428571428571,6.0,7,0.16666666666666666
MTG15,15_AlamedaCC_02022016,AlamedaCC_02022016,AlamedaCC_02022016_2016-2508,decision-bearing,Resolution,gemini_2_5_flash_lite,budget_06,run_03,0.8571428571428571,6.0,7,0.0
MTG15,15_AlamedaCC_02022016,AlamedaCC_02022016,AlamedaCC_02022016_2016-2508,decision-bearing,Resolution,gemini_2_5_flash_lite,budget_06,run_04,0.8571428571428571,6.0,7,0.16666666666666666
MTG15,15_AlamedaCC_02022016,AlamedaCC_02022016,AlamedaCC_02022016_2016-2508,decision-bearing,Resolution,gemini_2_5_flash_lite,budget_06,run_05,0.7857142857142857,5.5,7,0.0
MTG16,16_KingCountyCC_06012022,KingCountyCC_06012022,KingCountyCC_06012022_2022-0180,decision-bearing,Ordinance,deepseek_reasoning,budget_02,run_01,1.0,7.0,7,0.0
MTG16,16_KingCountyCC_06012022,KingCountyCC_06012022,KingCountyCC_06012022_2022-0180,decision-bearing,Ordinance,deepseek_reasoning,budget_02,run_02,0.5714285714285714,4.0,7,0.0
MTG16,16_KingCountyCC_06012022,KingCountyCC_06012022,KingCountyCC_06012022_2022-0180,decision-bearing,Ordinance,deepseek_reasoning,budget_02,run_03,0.42857142857142855,3.0,7,0.0
MTG16,16_KingCountyCC_06012022,KingCountyCC_06012022,KingCountyCC_06012022_2022-0180,decision-bearing,Ordinance,deepseek_reasoning,budget_02,run_04,0.5714285714285714,4.0,7,0.0
MTG16,16_KingCountyCC_06012022,KingCountyCC_06012022,KingCountyCC_06012022_2022-0180,decision-bearing,Ordinance,deepseek_reasoning,budget_02,run_05,0.7142857142857143,5.0,7,0.0
MTG16,16_KingCountyCC_06012022,KingCountyCC_06012022,KingCountyCC_06012022_2022-0180,decision-bearing,Ordinance,deepseek_reasoning,budget_03,run_01,0.7142857142857143,5.0,7,0.0
MTG16,16_KingCountyCC_06012022,KingCountyCC_06012022,KingCountyCC_06012022_2022-0180,decision-bearing,Ordinance,deepseek_reasoning,budget_03,run_02,0.8571428571428571,6.0,7,0.16666666666666666
MTG16,16_KingCountyCC_06012022,KingCountyCC_06012022,KingCountyCC_06012022_2022-0180,decision-bearing,Ordinance,deepseek_reasoning,budget_03,run_03,0.7142857142857143,5.0,7,0.0
MTG16,16_KingCountyCC_06012022,KingCountyCC_06012022,KingCountyCC_06012022_2022-0180,decision-bearing,Ordinance,deepseek_reasoning,budget_03,run_04,1.0,7.0,7,0.0
MTG16,16_KingCountyCC_06012022,KingCountyCC_06012022,KingCountyCC_06012022_2022-0180,decision-bearing,Ordinance,deepseek_reasoning,budget_03,run_05,0.7142857142857143,5.0,7,0.0
MTG16,16_KingCountyCC_06012022,KingCountyCC_06012022,KingCountyCC_06012022_2022-0180,decision-bearing,Ordinance,deepseek_reasoning,budget_06,run_01,1.0,7.0,7,0.0
MTG16,16_KingCountyCC_06012022,KingCountyCC_06012022,KingCountyCC_06012022_2022-0180,decision-bearing,Ordinance,deepseek_reasoning,budget_06,run_02,1.0,7.0,7,0.14285714285714285
MTG16,16_KingCountyCC_06012022,KingCountyCC_06012022,KingCountyCC_06012022_2022-0180,decision-bearing,Ordinance,deepseek_reasoning,budget_06,run_03,1.0,7.0,7,0.14285714285714285
MTG16,16_KingCountyCC_06012022,KingCountyCC_06012022,KingCountyCC_06012022_2022-0180,decision-bearing,Ordinance,deepseek_reasoning,budget_06,run_04,1.0,7.0,7,0.0
MTG16,16_KingCountyCC_06012022,KingCountyCC_06012022,KingCountyCC_06012022_2022-0180,decision-bearing,Ordinance,deepseek_reasoning,budget_06,run_05,1.0,7.0,7,0.0
MTG16,16_KingCountyCC_06012022,KingCountyCC_06012022,KingCountyCC_06012022_2022-0180,decision-bearing,Ordinance,deepseek_temp1_chat,budget_02,run_01,0.42857142857142855,3.0,7,0.0
MTG16,16_KingCountyCC_06012022,KingCountyCC_06012022,KingCountyCC_06012022_2022-0180,decision-bearing,Ordinance,deepseek_temp1_chat,budget_02,run_02,0.7142857142857143,5.0,7,0.0
MTG16,16_KingCountyCC_06012022,KingCountyCC_06012022,KingCountyCC_06012022_2022-0180,decision-bearing,Ordinance,deepseek_temp1_chat,budget_02,run_03,0.7142857142857143,5.0,7,0.2
MTG16,16_KingCountyCC_06012022,KingCountyCC_06012022,KingCountyCC_06012022_2022-0180,decision-bearing,Ordinance,deepseek_temp1_chat,budget_02,run_04,0.7142857142857143,5.0,7,0.0
MTG16,16_KingCountyCC_06012022,KingCountyCC_06012022,KingCountyCC_06012022_2022-0180,decision-bearing,Ordinance,deepseek_temp1_chat,budget_02,run_05,0.7142857142857143,5.0,7,0.0
MTG16,16_KingCountyCC_06012022,KingCountyCC_06012022,KingCountyCC_06012022_2022-0180,decision-bearing,Ordinance,deepseek_temp1_chat,budget_03,run_01,1.0,7.0,7,0.0
MTG16,16_KingCountyCC_06012022,KingCountyCC_06012022,KingCountyCC_06012022_2022-0180,decision-bearing,Ordinance,deepseek_temp1_chat,budget_03,run_02,0.7857142857142857,5.5,7,0.0
MTG16,16_KingCountyCC_06012022,KingCountyCC_06012022,KingCountyCC_06012022_2022-0180,decision-bearing,Ordinance,deepseek_temp1_chat,budget_03,run_03,0.8571428571428571,6.0,7,0.0
MTG16,16_KingCountyCC_06012022,KingCountyCC_06012022,KingCountyCC_06012022_2022-0180,decision-bearing,Ordinance,deepseek_temp1_chat,budget_03,run_04,1.0,7.0,7,0.0
MTG16,16_KingCountyCC_06012022,KingCountyCC_06012022,KingCountyCC_06012022_2022-0180,decision-bearing,Ordinance,deepseek_temp1_chat,budget_03,run_05,0.7142857142857143,5.0,7,0.0
MTG16,16_KingCountyCC_06012022,KingCountyCC_06012022,KingCountyCC_06012022_2022-0180,decision-bearing,Ordinance,deepseek_temp1_chat,budget_06,run_01,1.0,7.0,7,0.0
MTG16,16_KingCountyCC_06012022,KingCountyCC_06012022,KingCountyCC_06012022_2022-0180,decision-bearing,Ordinance,deepseek_temp1_chat,budget_06,run_02,1.0,7.0,7,0.0
MTG16,16_KingCountyCC_06012022,KingCountyCC_06012022,KingCountyCC_06012022_2022-0180,decision-bearing,Ordinance,deepseek_temp1_chat,budget_06,run_03,1.0,7.0,7,0.14285714285714285
MTG16,16_KingCountyCC_06012022,KingCountyCC_06012022,KingCountyCC_06012022_2022-0180,decision-bearing,Ordinance,deepseek_temp1_chat,budget_06,run_04,1.0,7.0,7,0.0
MTG16,16_KingCountyCC_06012022,KingCountyCC_06012022,KingCountyCC_06012022_2022-0180,decision-bearing,Ordinance,deepseek_temp1_chat,budget_06,run_05,1.0,7.0,7,0.0
MTG16,16_KingCountyCC_06012022,KingCountyCC_06012022,KingCountyCC_06012022_2022-0180,decision-bearing,Ordinance,gemini_2_5_flash_lite,budget_02,run_01,0.5714285714285714,4.0,7,0.0
MTG16,16_KingCountyCC_06012022,KingCountyCC_06012022,KingCountyCC_06012022_2022-0180,decision-bearing,Ordinance,gemini_2_5_flash_lite,budget_02,run_02,0.5,3.5,7,0.0
MTG16,16_KingCountyCC_06012022,KingCountyCC_06012022,KingCountyCC_06012022_2022-0180,decision-bearing,Ordinance,gemini_2_5_flash_lite,budget_02,run_03,0.5,3.5,7,0.0
MTG16,16_KingCountyCC_06012022,KingCountyCC_06012022,KingCountyCC_06012022_2022-0180,decision-bearing,Ordinance,gemini_2_5_flash_lite,budget_02,run_04,0.5,3.5,7,0.0
MTG16,16_KingCountyCC_06012022,KingCountyCC_06012022,KingCountyCC_06012022_2022-0180,decision-bearing,Ordinance,gemini_2_5_flash_lite,budget_02,run_05,0.8571428571428571,6.0,7,0.0
MTG16,16_KingCountyCC_06012022,KingCountyCC_06012022,KingCountyCC_06012022_2022-0180,decision-bearing,Ordinance,gemini_2_5_flash_lite,budget_03,run_01,0.5714285714285714,4.0,7,0.0
MTG16,16_KingCountyCC_06012022,KingCountyCC_06012022,KingCountyCC_06012022_2022-0180,decision-bearing,Ordinance,gemini_2_5_flash_lite,budget_03,run_02,0.6428571428571429,4.5,7,0.0
MTG16,16_KingCountyCC_06012022,KingCountyCC_06012022,KingCountyCC_06012022_2022-0180,decision-bearing,Ordinance,gemini_2_5_flash_lite,budget_03,run_03,0.8571428571428571,6.0,7,0.0
MTG16,16_KingCountyCC_06012022,KingCountyCC_06012022,KingCountyCC_06012022_2022-0180,decision-bearing,Ordinance,gemini_2_5_flash_lite,budget_03,run_04,0.5714285714285714,4.0,7,0.0
MTG16,16_KingCountyCC_06012022,KingCountyCC_06012022,KingCountyCC_06012022_2022-0180,decision-bearing,Ordinance,gemini_2_5_flash_lite,budget_03,run_05,0.7142857142857143,5.0,7,0.0
MTG16,16_KingCountyCC_06012022,KingCountyCC_06012022,KingCountyCC_06012022_2022-0180,decision-bearing,Ordinance,gemini_2_5_flash_lite,budget_06,run_01,0.8571428571428571,6.0,7,0.0
MTG16,16_KingCountyCC_06012022,KingCountyCC_06012022,KingCountyCC_06012022_2022-0180,decision-bearing,Ordinance,gemini_2_5_flash_lite,budget_06,run_02,0.7142857142857143,5.0,7,0.0
MTG16,16_KingCountyCC_06012022,KingCountyCC_06012022,KingCountyCC_06012022_2022-0180,decision-bearing,Ordinance,gemini_2_5_flash_lite,budget_06,run_03,0.7857142857142857,5.5,7,0.0
MTG16,16_KingCountyCC_06012022,KingCountyCC_06012022,KingCountyCC_06012022_2022-0180,decision-bearing,Ordinance,gemini_2_5_flash_lite,budget_06,run_04,0.7142857142857143,5.0,7,0.0
MTG16,16_KingCountyCC_06012022,KingCountyCC_06012022,KingCountyCC_06012022_2022-0180,decision-bearing,Ordinance,gemini_2_5_flash_lite,budget_06,run_05,0.7142857142857143,5.0,7,0.8
MTG17,17_DenverCityCouncil_04092018,DenverCityCouncil_04092018,DenverCityCouncil_04092018_18-0173,decision-bearing,Ordinance,deepseek_reasoning,budget_02,run_01,0.7142857142857143,5.0,7,0.4
MTG17,17_DenverCityCouncil_04092018,DenverCityCouncil_04092018,DenverCityCouncil_04092018_18-0173,decision-bearing,Ordinance,deepseek_reasoning,budget_02,run_02,0.42857142857142855,3.0,7,0.6666666666666666
MTG17,17_DenverCityCouncil_04092018,DenverCityCouncil_04092018,DenverCityCouncil_04092018_18-0173,decision-bearing,Ordinance,deepseek_reasoning,budget_02,run_03,0.42857142857142855,3.0,7,0.6666666666666666
MTG17,17_DenverCityCouncil_04092018,DenverCityCouncil_04092018,DenverCityCouncil_04092018_18-0173,decision-bearing,Ordinance,deepseek_reasoning,budget_02,run_04,0.7142857142857143,5.0,7,0.4
MTG17,17_DenverCityCouncil_04092018,DenverCityCouncil_04092018,DenverCityCouncil_04092018_18-0173,decision-bearing,Ordinance,deepseek_reasoning,budget_02,run_05,0.35714285714285715,2.5,7,0.3333333333333333
MTG17,17_DenverCityCouncil_04092018,DenverCityCouncil_04092018,DenverCityCouncil_04092018_18-0173,decision-bearing,Ordinance,deepseek_reasoning,budget_03,run_01,0.5714285714285714,4.0,7,0.25
MTG17,17_DenverCityCouncil_04092018,DenverCityCouncil_04092018,DenverCityCouncil_04092018_18-0173,decision-bearing,Ordinance,deepseek_reasoning,budget_03,run_02,0.5,3.5,7,0.25
MTG17,17_DenverCityCouncil_04092018,DenverCityCouncil_04092018,DenverCityCouncil_04092018_18-0173,decision-bearing,Ordinance,deepseek_reasoning,budget_03,run_03,0.35714285714285715,2.5,7,0.3333333333333333
MTG17,17_DenverCityCouncil_04092018,DenverCityCouncil_04092018,DenverCityCouncil_04092018_18-0173,decision-bearing,Ordinance,deepseek_reasoning,budget_03,run_04,0.42857142857142855,3.0,7,0.3333333333333333
MTG17,17_DenverCityCouncil_04092018,DenverCityCouncil_04092018,DenverCityCouncil_04092018_18-0173,decision-bearing,Ordinance,deepseek_reasoning,budget_03,run_05,0.5714285714285714,4.0,7,0.5
MTG17,17_DenverCityCouncil_04092018,DenverCityCouncil_04092018,DenverCityCouncil_04092018_18-0173,decision-bearing,Ordinance,deepseek_reasoning,budget_06,run_01,0.7142857142857143,5.0,7,0.2
MTG17,17_DenverCityCouncil_04092018,DenverCityCouncil_04092018,DenverCityCouncil_04092018_18-0173,decision-bearing,Ordinance,deepseek_reasoning,budget_06,run_02,0.5714285714285714,4.0,7,0.0
MTG17,17_DenverCityCouncil_04092018,DenverCityCouncil_04092018,DenverCityCouncil_04092018_18-0173,decision-bearing,Ordinance,deepseek_reasoning,budget_06,run_03,0.5714285714285714,4.0,7,0.75
MTG17,17_DenverCityCouncil_04092018,DenverCityCouncil_04092018,DenverCityCouncil_04092018_18-0173,decision-bearing,Ordinance,deepseek_reasoning,budget_06,run_04,0.8571428571428571,6.0,7,0.16666666666666666
MTG17,17_DenverCityCouncil_04092018,DenverCityCouncil_04092018,DenverCityCouncil_04092018_18-0173,decision-bearing,Ordinance,deepseek_reasoning,budget_06,run_05,0.7142857142857143,5.0,7,0.2
MTG17,17_DenverCityCouncil_04092018,DenverCityCouncil_04092018,DenverCityCouncil_04092018_18-0173,decision-bearing,Ordinance,deepseek_temp1_chat,budget_02,run_01,0.5714285714285714,4.0,7,0.5
MTG17,17_DenverCityCouncil_04092018,DenverCityCouncil_04092018,DenverCityCouncil_04092018_18-0173,decision-bearing,Ordinance,deepseek_temp1_chat,budget_02,run_02,0.42857142857142855,3.0,7,0.0
MTG17,17_DenverCityCouncil_04092018,DenverCityCouncil_04092018,DenverCityCouncil_04092018_18-0173,decision-bearing,Ordinance,deepseek_temp1_chat,budget_02,run_03,0.2857142857142857,2.0,7,0.6666666666666666
MTG17,17_DenverCityCouncil_04092018,DenverCityCouncil_04092018,DenverCityCouncil_04092018_18-0173,decision-bearing,Ordinance,deepseek_temp1_chat,budget_02,run_04,0.5714285714285714,4.0,7,0.5
MTG17,17_DenverCityCouncil_04092018,DenverCityCouncil_04092018,DenverCityCouncil_04092018_18-0173,decision-bearing,Ordinance,deepseek_temp1_chat,budget_02,run_05,0.6428571428571429,4.5,7,0.2
MTG17,17_DenverCityCouncil_04092018,DenverCityCouncil_04092018,DenverCityCouncil_04092018_18-0173,decision-bearing,Ordinance,deepseek_temp1_chat,budget_03,run_01,0.5714285714285714,4.0,7,0.75
MTG17,17_DenverCityCouncil_04092018,DenverCityCouncil_04092018,DenverCityCouncil_04092018_18-0173,decision-bearing,Ordinance,deepseek_temp1_chat,budget_03,run_02,0.5714285714285714,4.0,7,0.5
MTG17,17_DenverCityCouncil_04092018,DenverCityCouncil_04092018,DenverCityCouncil_04092018_18-0173,decision-bearing,Ordinance,deepseek_temp1_chat,budget_03,run_03,0.42857142857142855,3.0,7,0.3333333333333333
MTG17,17_DenverCityCouncil_04092018,DenverCityCouncil_04092018,DenverCityCouncil_04092018_18-0173,decision-bearing,Ordinance,deepseek_temp1_chat,budget_03,run_04,0.21428571428571427,1.5,7,0.0
MTG17,17_DenverCityCouncil_04092018,DenverCityCouncil_04092018,DenverCityCouncil_04092018_18-0173,decision-bearing,Ordinance,deepseek_temp1_chat,budget_03,run_05,0.42857142857142855,3.0,7,0.6666666666666666
MTG17,17_DenverCityCouncil_04092018,DenverCityCouncil_04092018,DenverCityCouncil_04092018_18-0173,decision-bearing,Ordinance,deepseek_temp1_chat,budget_06,run_01,0.7142857142857143,5.0,7,0.4
MTG17,17_DenverCityCouncil_04092018,DenverCityCouncil_04092018,DenverCityCouncil_04092018_18-0173,decision-bearing,Ordinance,deepseek_temp1_chat,budget_06,run_02,0.7142857142857143,5.0,7,0.2
MTG17,17_DenverCityCouncil_04092018,DenverCityCouncil_04092018,DenverCityCouncil_04092018_18-0173,decision-bearing,Ordinance,deepseek_temp1_chat,budget_06,run_03,0.42857142857142855,3.0,7,0.3333333333333333
MTG17,17_DenverCityCouncil_04092018,DenverCityCouncil_04092018,DenverCityCouncil_04092018_18-0173,decision-bearing,Ordinance,deepseek_temp1_chat,budget_06,run_04,0.5,3.5,7,0.0
MTG17,17_DenverCityCouncil_04092018,DenverCityCouncil_04092018,DenverCityCouncil_04092018_18-0173,decision-bearing,Ordinance,deepseek_temp1_chat,budget_06,run_05,0.5714285714285714,4.0,7,0.5
MTG17,17_DenverCityCouncil_04092018,DenverCityCouncil_04092018,DenverCityCouncil_04092018_18-0173,decision-bearing,Ordinance,gemini_2_5_flash_lite,budget_02,run_01,0.35714285714285715,2.5,7,0.0
MTG17,17_DenverCityCouncil_04092018,DenverCityCouncil_04092018,DenverCityCouncil_04092018_18-0173,decision-bearing,Ordinance,gemini_2_5_flash_lite,budget_02,run_02,0.35714285714285715,2.5,7,0.3333333333333333
MTG17,17_DenverCityCouncil_04092018,DenverCityCouncil_04092018,DenverCityCouncil_04092018_18-0173,decision-bearing,Ordinance,gemini_2_5_flash_lite,budget_02,run_03,0.35714285714285715,2.5,7,0.3333333333333333
MTG17,17_DenverCityCouncil_04092018,DenverCityCouncil_04092018,DenverCityCouncil_04092018_18-0173,decision-bearing,Ordinance,gemini_2_5_flash_lite,budget_02,run_04,0.2857142857142857,2.0,7,0.0
MTG17,17_DenverCityCouncil_04092018,DenverCityCouncil_04092018,DenverCityCouncil_04092018_18-0173,decision-bearing,Ordinance,gemini_2_5_flash_lite,budget_02,run_05,0.35714285714285715,2.5,7,0.3333333333333333
MTG17,17_DenverCityCouncil_04092018,DenverCityCouncil_04092018,DenverCityCouncil_04092018_18-0173,decision-bearing,Ordinance,gemini_2_5_flash_lite,budget_03,run_01,0.5,3.5,7,0.5
MTG17,17_DenverCityCouncil_04092018,DenverCityCouncil_04092018,DenverCityCouncil_04092018_18-0173,decision-bearing,Ordinance,gemini_2_5_flash_lite,budget_03,run_02,0.2857142857142857,2.0,7,0.6666666666666666
MTG17,17_DenverCityCouncil_04092018,DenverCityCouncil_04092018,DenverCityCouncil_04092018_18-0173,decision-bearing,Ordinance,gemini_2_5_flash_lite,budget_03,run_03,0.35714285714285715,2.5,7,0.3333333333333333
MTG17,17_DenverCityCouncil_04092018,DenverCityCouncil_04092018,DenverCityCouncil_04092018_18-0173,decision-bearing,Ordinance,gemini_2_5_flash_lite,budget_03,run_04,0.7142857142857143,5.0,7,0.5
MTG17,17_DenverCityCouncil_04092018,DenverCityCouncil_04092018,DenverCityCouncil_04092018_18-0173,decision-bearing,Ordinance,gemini_2_5_flash_lite,budget_03,run_05,0.35714285714285715,2.5,7,0.5
MTG17,17_DenverCityCouncil_04092018,DenverCityCouncil_04092018,DenverCityCouncil_04092018_18-0173,decision-bearing,Ordinance,gemini_2_5_flash_lite,budget_06,run_01,0.6428571428571429,4.5,7,0.0
MTG17,17_DenverCityCouncil_04092018,DenverCityCouncil_04092018,DenverCityCouncil_04092018_18-0173,decision-bearing,Ordinance,gemini_2_5_flash_lite,budget_06,run_02,0.2857142857142857,2.0,7,0.0
MTG17,17_DenverCityCouncil_04092018,DenverCityCouncil_04092018,DenverCityCouncil_04092018_18-0173,decision-bearing,Ordinance,gemini_2_5_flash_lite,budget_06,run_03,0.7142857142857143,5.0,7,0.0
MTG17,17_DenverCityCouncil_04092018,DenverCityCouncil_04092018,DenverCityCouncil_04092018_18-0173,decision-bearing,Ordinance,gemini_2_5_flash_lite,budget_06,run_04,0.6428571428571429,4.5,7,0.0
MTG17,17_DenverCityCouncil_04092018,DenverCityCouncil_04092018,DenverCityCouncil_04092018_18-0173,decision-bearing,Ordinance,gemini_2_5_flash_lite,budget_06,run_05,0.5,3.5,7,0.0
MTG18,18_SeattleCityCouncil_08152016,SeattleCityCouncil_08152016,SeattleCityCouncil_08152016_Res 31698,decision-bearing,Resolution,deepseek_reasoning,budget_02,run_01,0.5714285714285714,4.0,7,0.0
MTG18,18_SeattleCityCouncil_08152016,SeattleCityCouncil_08152016,SeattleCityCouncil_08152016_Res 31698,decision-bearing,Resolution,deepseek_reasoning,budget_02,run_02,0.2857142857142857,2.0,7,0.0
MTG18,18_SeattleCityCouncil_08152016,SeattleCityCouncil_08152016,SeattleCityCouncil_08152016_Res 31698,decision-bearing,Resolution,deepseek_reasoning,budget_02,run_03,0.5,3.5,7,0.0
MTG18,18_SeattleCityCouncil_08152016,SeattleCityCouncil_08152016,SeattleCityCouncil_08152016_Res 31698,decision-bearing,Resolution,deepseek_reasoning,budget_02,run_04,0.42857142857142855,3.0,7,0.0
MTG18,18_SeattleCityCouncil_08152016,SeattleCityCouncil_08152016,SeattleCityCouncil_08152016_Res 31698,decision-bearing,Resolution,deepseek_reasoning,budget_02,run_05,0.5714285714285714,4.0,7,0.0
MTG18,18_SeattleCityCouncil_08152016,SeattleCityCouncil_08152016,SeattleCityCouncil_08152016_Res 31698,decision-bearing,Resolution,deepseek_reasoning,budget_03,run_01,0.8571428571428571,6.0,7,0.0
MTG18,18_SeattleCityCouncil_08152016,SeattleCityCouncil_08152016,SeattleCityCouncil_08152016_Res 31698,decision-bearing,Resolution,deepseek_reasoning,budget_03,run_02,0.5714285714285714,4.0,7,0.0
MTG18,18_SeattleCityCouncil_08152016,SeattleCityCouncil_08152016,SeattleCityCouncil_08152016_Res 31698,decision-bearing,Resolution,deepseek_reasoning,budget_03,run_03,0.8571428571428571,6.0,7,0.0
MTG18,18_SeattleCityCouncil_08152016,SeattleCityCouncil_08152016,SeattleCityCouncil_08152016_Res 31698,decision-bearing,Resolution,deepseek_reasoning,budget_03,run_04,0.8571428571428571,6.0,7,0.0
MTG18,18_SeattleCityCouncil_08152016,SeattleCityCouncil_08152016,SeattleCityCouncil_08152016_Res 31698,decision-bearing,Resolution,deepseek_reasoning,budget_03,run_05,0.8571428571428571,6.0,7,0.0
MTG18,18_SeattleCityCouncil_08152016,SeattleCityCouncil_08152016,SeattleCityCouncil_08152016_Res 31698,decision-bearing,Resolution,deepseek_reasoning,budget_06,run_01,1.0,7.0,7,0.0
MTG18,18_SeattleCityCouncil_08152016,SeattleCityCouncil_08152016,SeattleCityCouncil_08152016_Res 31698,decision-bearing,Resolution,deepseek_reasoning,budget_06,run_02,1.0,7.0,7,0.0
MTG18,18_SeattleCityCouncil_08152016,SeattleCityCouncil_08152016,SeattleCityCouncil_08152016_Res 31698,decision-bearing,Resolution,deepseek_reasoning,budget_06,run_03,1.0,7.0,7,0.0
MTG18,18_SeattleCityCouncil_08152016,SeattleCityCouncil_08152016,SeattleCityCouncil_08152016_Res 31698,decision-bearing,Resolution,deepseek_reasoning,budget_06,run_04,1.0,7.0,7,0.0
MTG18,18_SeattleCityCouncil_08152016,SeattleCityCouncil_08152016,SeattleCityCouncil_08152016_Res 31698,decision-bearing,Resolution,deepseek_reasoning,budget_06,run_05,1.0,7.0,7,0.0
MTG18,18_SeattleCityCouncil_08152016,SeattleCityCouncil_08152016,SeattleCityCouncil_08152016_Res 31698,decision-bearing,Resolution,deepseek_temp1_chat,budget_02,run_01,0.9285714285714286,6.5,7,0.0
MTG18,18_SeattleCityCouncil_08152016,SeattleCityCouncil_08152016,SeattleCityCouncil_08152016_Res 31698,decision-bearing,Resolution,deepseek_temp1_chat,budget_02,run_02,0.5714285714285714,4.0,7,0.25
MTG18,18_SeattleCityCouncil_08152016,SeattleCityCouncil_08152016,SeattleCityCouncil_08152016_Res 31698,decision-bearing,Resolution,deepseek_temp1_chat,budget_02,run_03,0.8571428571428571,6.0,7,0.0
MTG18,18_SeattleCityCouncil_08152016,SeattleCityCouncil_08152016,SeattleCityCouncil_08152016_Res 31698,decision-bearing,Resolution,deepseek_temp1_chat,budget_02,run_04,0.42857142857142855,3.0,7,0.0
MTG18,18_SeattleCityCouncil_08152016,SeattleCityCouncil_08152016,SeattleCityCouncil_08152016_Res 31698,decision-bearing,Resolution,deepseek_temp1_chat,budget_02,run_05,0.5714285714285714,4.0,7,0.0
MTG18,18_SeattleCityCouncil_08152016,SeattleCityCouncil_08152016,SeattleCityCouncil_08152016_Res 31698,decision-bearing,Resolution,deepseek_temp1_chat,budget_03,run_01,1.0,7.0,7,0.0
MTG18,18_SeattleCityCouncil_08152016,SeattleCityCouncil_08152016,SeattleCityCouncil_08152016_Res 31698,decision-bearing,Resolution,deepseek_temp1_chat,budget_03,run_02,0.7142857142857143,5.0,7,0.0
MTG18,18_SeattleCityCouncil_08152016,SeattleCityCouncil_08152016,SeattleCityCouncil_08152016_Res 31698,decision-bearing,Resolution,deepseek_temp1_chat,budget_03,run_03,0.5714285714285714,4.0,7,0.0
MTG18,18_SeattleCityCouncil_08152016,SeattleCityCouncil_08152016,SeattleCityCouncil_08152016_Res 31698,decision-bearing,Resolution,deepseek_temp1_chat,budget_03,run_04,1.0,7.0,7,0.0
MTG18,18_SeattleCityCouncil_08152016,SeattleCityCouncil_08152016,SeattleCityCouncil_08152016_Res 31698,decision-bearing,Resolution,deepseek_temp1_chat,budget_03,run_05,1.0,7.0,7,0.0
MTG18,18_SeattleCityCouncil_08152016,SeattleCityCouncil_08152016,SeattleCityCouncil_08152016_Res 31698,decision-bearing,Resolution,deepseek_temp1_chat,budget_06,run_01,1.0,7.0,7,0.0
MTG18,18_SeattleCityCouncil_08152016,SeattleCityCouncil_08152016,SeattleCityCouncil_08152016_Res 31698,decision-bearing,Resolution,deepseek_temp1_chat,budget_06,run_02,1.0,7.0,7,0.0
MTG18,18_SeattleCityCouncil_08152016,SeattleCityCouncil_08152016,SeattleCityCouncil_08152016_Res 31698,decision-bearing,Resolution,deepseek_temp1_chat,budget_06,run_03,1.0,7.0,7,0.0
MTG18,18_SeattleCityCouncil_08152016,SeattleCityCouncil_08152016,SeattleCityCouncil_08152016_Res 31698,decision-bearing,Resolution,deepseek_temp1_chat,budget_06,run_04,1.0,7.0,7,0.0
MTG18,18_SeattleCityCouncil_08152016,SeattleCityCouncil_08152016,SeattleCityCouncil_08152016_Res 31698,decision-bearing,Resolution,deepseek_temp1_chat,budget_06,run_05,0.8571428571428571,6.0,7,0.0
MTG18,18_SeattleCityCouncil_08152016,SeattleCityCouncil_08152016,SeattleCityCouncil_08152016_Res 31698,decision-bearing,Resolution,gemini_2_5_flash_lite,budget_02,run_01,0.8571428571428571,6.0,7,0.0
MTG18,18_SeattleCityCouncil_08152016,SeattleCityCouncil_08152016,SeattleCityCouncil_08152016_Res 31698,decision-bearing,Resolution,gemini_2_5_flash_lite,budget_02,run_02,0.42857142857142855,3.0,7,0.0
MTG18,18_SeattleCityCouncil_08152016,SeattleCityCouncil_08152016,SeattleCityCouncil_08152016_Res 31698,decision-bearing,Resolution,gemini_2_5_flash_lite,budget_02,run_03,0.5714285714285714,4.0,7,0.0
MTG18,18_SeattleCityCouncil_08152016,SeattleCityCouncil_08152016,SeattleCityCouncil_08152016_Res 31698,decision-bearing,Resolution,gemini_2_5_flash_lite,budget_02,run_04,0.5714285714285714,4.0,7,0.0
MTG18,18_SeattleCityCouncil_08152016,SeattleCityCouncil_08152016,SeattleCityCouncil_08152016_Res 31698,decision-bearing,Resolution,gemini_2_5_flash_lite,budget_02,run_05,0.5714285714285714,4.0,7,0.0
MTG18,18_SeattleCityCouncil_08152016,SeattleCityCouncil_08152016,SeattleCityCouncil_08152016_Res 31698,decision-bearing,Resolution,gemini_2_5_flash_lite,budget_03,run_01,1.0,7.0,7,0.0
MTG18,18_SeattleCityCouncil_08152016,SeattleCityCouncil_08152016,SeattleCityCouncil_08152016_Res 31698,decision-bearing,Resolution,gemini_2_5_flash_lite,budget_03,run_02,0.5714285714285714,4.0,7,0.0
MTG18,18_SeattleCityCouncil_08152016,SeattleCityCouncil_08152016,SeattleCityCouncil_08152016_Res 31698,decision-bearing,Resolution,gemini_2_5_flash_lite,budget_03,run_03,0.9285714285714286,6.5,7,0.0
MTG18,18_SeattleCityCouncil_08152016,SeattleCityCouncil_08152016,SeattleCityCouncil_08152016_Res 31698,decision-bearing,Resolution,gemini_2_5_flash_lite,budget_03,run_04,0.8571428571428571,6.0,7,0.0
MTG18,18_SeattleCityCouncil_08152016,SeattleCityCouncil_08152016,SeattleCityCouncil_08152016_Res 31698,decision-bearing,Resolution,gemini_2_5_flash_lite,budget_03,run_05,0.5714285714285714,4.0,7,0.0
MTG18,18_SeattleCityCouncil_08152016,SeattleCityCouncil_08152016,SeattleCityCouncil_08152016_Res 31698,decision-bearing,Resolution,gemini_2_5_flash_lite,budget_06,run_01,0.7857142857142857,5.5,7,0.3333333333333333
MTG18,18_SeattleCityCouncil_08152016,SeattleCityCouncil_08152016,SeattleCityCouncil_08152016_Res 31698,decision-bearing,Resolution,gemini_2_5_flash_lite,budget_06,run_02,1.0,7.0,7,0.0
MTG18,18_SeattleCityCouncil_08152016,SeattleCityCouncil_08152016,SeattleCityCouncil_08152016_Res 31698,decision-bearing,Resolution,gemini_2_5_flash_lite,budget_06,run_03,0.2857142857142857,2.0,7,0.0
MTG18,18_SeattleCityCouncil_08152016,SeattleCityCouncil_08152016,SeattleCityCouncil_08152016_Res 31698,decision-bearing,Resolution,gemini_2_5_flash_lite,budget_06,run_04,0.42857142857142855,3.0,7,0.0
MTG18,18_SeattleCityCouncil_08152016,SeattleCityCouncil_08152016,SeattleCityCouncil_08152016_Res 31698,decision-bearing,Resolution,gemini_2_5_flash_lite,budget_06,run_05,0.5714285714285714,4.0,7,0.0
MTG19,19_AlamedaCC_12202016,AlamedaCC_12202016,AlamedaCC_12202016_2016-3688,decision-bearing,Resolution,deepseek_reasoning,budget_02,run_01,0.5714285714285714,4.0,7,0.0
MTG19,19_AlamedaCC_12202016,AlamedaCC_12202016,AlamedaCC_12202016_2016-3688,decision-bearing,Resolution,deepseek_reasoning,budget_02,run_02,0.42857142857142855,3.0,7,0.0
MTG19,19_AlamedaCC_12202016,AlamedaCC_12202016,AlamedaCC_12202016_2016-3688,decision-bearing,Resolution,deepseek_reasoning,budget_02,run_03,0.5,3.5,7,0.0
MTG19,19_AlamedaCC_12202016,AlamedaCC_12202016,AlamedaCC_12202016_2016-3688,decision-bearing,Resolution,deepseek_reasoning,budget_02,run_04,0.5714285714285714,4.0,7,0.0
MTG19,19_AlamedaCC_12202016,AlamedaCC_12202016,AlamedaCC_12202016_2016-3688,decision-bearing,Resolution,deepseek_reasoning,budget_02,run_05,0.42857142857142855,3.0,7,0.0
MTG19,19_AlamedaCC_12202016,AlamedaCC_12202016,AlamedaCC_12202016_2016-3688,decision-bearing,Resolution,deepseek_reasoning,budget_03,run_01,0.8571428571428571,6.0,7,0.16666666666666666
MTG19,19_AlamedaCC_12202016,AlamedaCC_12202016,AlamedaCC_12202016_2016-3688,decision-bearing,Resolution,deepseek_reasoning,budget_03,run_02,0.8571428571428571,6.0,7,0.0
MTG19,19_AlamedaCC_12202016,AlamedaCC_12202016,AlamedaCC_12202016_2016-3688,decision-bearing,Resolution,deepseek_reasoning,budget_03,run_03,0.6428571428571429,4.5,7,0.0
MTG19,19_AlamedaCC_12202016,AlamedaCC_12202016,AlamedaCC_12202016_2016-3688,decision-bearing,Resolution,deepseek_reasoning,budget_03,run_04,0.42857142857142855,3.0,7,0.0
MTG19,19_AlamedaCC_12202016,AlamedaCC_12202016,AlamedaCC_12202016_2016-3688,decision-bearing,Resolution,deepseek_reasoning,budget_03,run_05,0.8571428571428571,6.0,7,0.0
MTG19,19_AlamedaCC_12202016,AlamedaCC_12202016,AlamedaCC_12202016_2016-3688,decision-bearing,Resolution,deepseek_reasoning,budget_06,run_01,0.5714285714285714,4.0,7,0.0
MTG19,19_AlamedaCC_12202016,AlamedaCC_12202016,AlamedaCC_12202016_2016-3688,decision-bearing,Resolution,deepseek_reasoning,budget_06,run_02,1.0,7.0,7,0.0
MTG19,19_AlamedaCC_12202016,AlamedaCC_12202016,AlamedaCC_12202016_2016-3688,decision-bearing,Resolution,deepseek_reasoning,budget_06,run_03,0.8571428571428571,6.0,7,0.0
MTG19,19_AlamedaCC_12202016,AlamedaCC_12202016,AlamedaCC_12202016_2016-3688,decision-bearing,Resolution,deepseek_reasoning,budget_06,run_04,1.0,7.0,7,0.0
MTG19,19_AlamedaCC_12202016,AlamedaCC_12202016,AlamedaCC_12202016_2016-3688,decision-bearing,Resolution,deepseek_reasoning,budget_06,run_05,0.8571428571428571,6.0,7,0.0
MTG19,19_AlamedaCC_12202016,AlamedaCC_12202016,AlamedaCC_12202016_2016-3688,decision-bearing,Resolution,deepseek_temp1_chat,budget_02,run_01,0.42857142857142855,3.0,7,0.6666666666666666
MTG19,19_AlamedaCC_12202016,AlamedaCC_12202016,AlamedaCC_12202016_2016-3688,decision-bearing,Resolution,deepseek_temp1_chat,budget_02,run_02,0.5714285714285714,4.0,7,0.0
MTG19,19_AlamedaCC_12202016,AlamedaCC_12202016,AlamedaCC_12202016_2016-3688,decision-bearing,Resolution,deepseek_temp1_chat,budget_02,run_03,0.7857142857142857,5.5,7,0.0
MTG19,19_AlamedaCC_12202016,AlamedaCC_12202016,AlamedaCC_12202016_2016-3688,decision-bearing,Resolution,deepseek_temp1_chat,budget_02,run_04,0.42857142857142855,3.0,7,0.0
MTG19,19_AlamedaCC_12202016,AlamedaCC_12202016,AlamedaCC_12202016_2016-3688,decision-bearing,Resolution,deepseek_temp1_chat,budget_02,run_05,0.7142857142857143,5.0,7,0.0
MTG19,19_AlamedaCC_12202016,AlamedaCC_12202016,AlamedaCC_12202016_2016-3688,decision-bearing,Resolution,deepseek_temp1_chat,budget_03,run_01,0.8571428571428571,6.0,7,0.0
MTG19,19_AlamedaCC_12202016,AlamedaCC_12202016,AlamedaCC_12202016_2016-3688,decision-bearing,Resolution,deepseek_temp1_chat,budget_03,run_02,1.0,7.0,7,0.0
MTG19,19_AlamedaCC_12202016,AlamedaCC_12202016,AlamedaCC_12202016_2016-3688,decision-bearing,Resolution,deepseek_temp1_chat,budget_03,run_03,1.0,7.0,7,0.0
MTG19,19_AlamedaCC_12202016,AlamedaCC_12202016,AlamedaCC_12202016_2016-3688,decision-bearing,Resolution,deepseek_temp1_chat,budget_03,run_04,0.8571428571428571,6.0,7,0.0
MTG19,19_AlamedaCC_12202016,AlamedaCC_12202016,AlamedaCC_12202016_2016-3688,decision-bearing,Resolution,deepseek_temp1_chat,budget_03,run_05,0.8571428571428571,6.0,7,0.0
MTG19,19_AlamedaCC_12202016,AlamedaCC_12202016,AlamedaCC_12202016_2016-3688,decision-bearing,Resolution,deepseek_temp1_chat,budget_06,run_01,1.0,7.0,7,0.42857142857142855
MTG19,19_AlamedaCC_12202016,AlamedaCC_12202016,AlamedaCC_12202016_2016-3688,decision-bearing,Resolution,deepseek_temp1_chat,budget_06,run_02,1.0,7.0,7,0.0
MTG19,19_AlamedaCC_12202016,AlamedaCC_12202016,AlamedaCC_12202016_2016-3688,decision-bearing,Resolution,deepseek_temp1_chat,budget_06,run_03,1.0,7.0,7,0.0
MTG19,19_AlamedaCC_12202016,AlamedaCC_12202016,AlamedaCC_12202016_2016-3688,decision-bearing,Resolution,deepseek_temp1_chat,budget_06,run_04,1.0,7.0,7,0.0
MTG19,19_AlamedaCC_12202016,AlamedaCC_12202016,AlamedaCC_12202016_2016-3688,decision-bearing,Resolution,deepseek_temp1_chat,budget_06,run_05,1.0,7.0,7,0.0
MTG19,19_AlamedaCC_12202016,AlamedaCC_12202016,AlamedaCC_12202016_2016-3688,decision-bearing,Resolution,gemini_2_5_flash_lite,budget_02,run_01,0.5,3.5,7,0.0
MTG19,19_AlamedaCC_12202016,AlamedaCC_12202016,AlamedaCC_12202016_2016-3688,decision-bearing,Resolution,gemini_2_5_flash_lite,budget_02,run_02,0.7142857142857143,5.0,7,0.0
MTG19,19_AlamedaCC_12202016,AlamedaCC_12202016,AlamedaCC_12202016_2016-3688,decision-bearing,Resolution,gemini_2_5_flash_lite,budget_02,run_03,0.7857142857142857,5.5,7,0.0
MTG19,19_AlamedaCC_12202016,AlamedaCC_12202016,AlamedaCC_12202016_2016-3688,decision-bearing,Resolution,gemini_2_5_flash_lite,budget_02,run_04,0.5714285714285714,4.0,7,0.0
MTG19,19_AlamedaCC_12202016,AlamedaCC_12202016,AlamedaCC_12202016_2016-3688,decision-bearing,Resolution,gemini_2_5_flash_lite,budget_02,run_05,0.35714285714285715,2.5,7,0.0
MTG19,19_AlamedaCC_12202016,AlamedaCC_12202016,AlamedaCC_12202016_2016-3688,decision-bearing,Resolution,gemini_2_5_flash_lite,budget_03,run_01,0.35714285714285715,2.5,7,0.0
MTG19,19_AlamedaCC_12202016,AlamedaCC_12202016,AlamedaCC_12202016_2016-3688,decision-bearing,Resolution,gemini_2_5_flash_lite,budget_03,run_02,0.7142857142857143,5.0,7,0.0
MTG19,19_AlamedaCC_12202016,AlamedaCC_12202016,AlamedaCC_12202016_2016-3688,decision-bearing,Resolution,gemini_2_5_flash_lite,budget_03,run_03,0.7857142857142857,5.5,7,0.0
MTG19,19_AlamedaCC_12202016,AlamedaCC_12202016,AlamedaCC_12202016_2016-3688,decision-bearing,Resolution,gemini_2_5_flash_lite,budget_03,run_04,0.6428571428571429,4.5,7,0.0
MTG19,19_AlamedaCC_12202016,AlamedaCC_12202016,AlamedaCC_12202016_2016-3688,decision-bearing,Resolution,gemini_2_5_flash_lite,budget_03,run_05,0.6428571428571429,4.5,7,0.0
MTG19,19_AlamedaCC_12202016,AlamedaCC_12202016,AlamedaCC_12202016_2016-3688,decision-bearing,Resolution,gemini_2_5_flash_lite,budget_06,run_01,1.0,7.0,7,0.0
MTG19,19_AlamedaCC_12202016,AlamedaCC_12202016,AlamedaCC_12202016_2016-3688,decision-bearing,Resolution,gemini_2_5_flash_lite,budget_06,run_02,0.9285714285714286,6.5,7,0.0
MTG19,19_AlamedaCC_12202016,AlamedaCC_12202016,AlamedaCC_12202016_2016-3688,decision-bearing,Resolution,gemini_2_5_flash_lite,budget_06,run_03,0.8571428571428571,6.0,7,0.0
MTG19,19_AlamedaCC_12202016,AlamedaCC_12202016,AlamedaCC_12202016_2016-3688,decision-bearing,Resolution,gemini_2_5_flash_lite,budget_06,run_04,0.9285714285714286,6.5,7,0.0
MTG19,19_AlamedaCC_12202016,AlamedaCC_12202016,AlamedaCC_12202016_2016-3688,decision-bearing,Resolution,gemini_2_5_flash_lite,budget_06,run_05,0.9285714285714286,6.5,7,0.0
MTG2,02_KingCountyCC_10012018,KingCountyCC_10012018,KingCountyCC_10012018_2018-0398,decision-bearing,Motion,deepseek_reasoning,budget_02,run_01,0.42857142857142855,3.0,7,0.3333333333333333
MTG2,02_KingCountyCC_10012018,KingCountyCC_10012018,KingCountyCC_10012018_2018-0398,decision-bearing,Motion,deepseek_reasoning,budget_02,run_02,0.35714285714285715,2.5,7,0.3333333333333333
MTG2,02_KingCountyCC_10012018,KingCountyCC_10012018,KingCountyCC_10012018_2018-0398,decision-bearing,Motion,deepseek_reasoning,budget_02,run_03,0.35714285714285715,2.5,7,0.3333333333333333
MTG2,02_KingCountyCC_10012018,KingCountyCC_10012018,KingCountyCC_10012018_2018-0398,decision-bearing,Motion,deepseek_reasoning,budget_02,run_04,0.5714285714285714,4.0,7,0.4
MTG2,02_KingCountyCC_10012018,KingCountyCC_10012018,KingCountyCC_10012018_2018-0398,decision-bearing,Motion,deepseek_reasoning,budget_02,run_05,0.5,3.5,7,0.25
MTG2,02_KingCountyCC_10012018,KingCountyCC_10012018,KingCountyCC_10012018_2018-0398,decision-bearing,Motion,deepseek_reasoning,budget_03,run_01,0.5714285714285714,4.0,7,1.0
MTG2,02_KingCountyCC_10012018,KingCountyCC_10012018,KingCountyCC_10012018_2018-0398,decision-bearing,Motion,deepseek_reasoning,budget_03,run_02,0.6428571428571429,4.5,7,0.2
MTG2,02_KingCountyCC_10012018,KingCountyCC_10012018,KingCountyCC_10012018_2018-0398,decision-bearing,Motion,deepseek_reasoning,budget_03,run_03,0.42857142857142855,3.0,7,1.0
MTG2,02_KingCountyCC_10012018,KingCountyCC_10012018,KingCountyCC_10012018_2018-0398,decision-bearing,Motion,deepseek_reasoning,budget_03,run_04,0.42857142857142855,3.0,7,0.3333333333333333
MTG2,02_KingCountyCC_10012018,KingCountyCC_10012018,KingCountyCC_10012018_2018-0398,decision-bearing,Motion,deepseek_reasoning,budget_03,run_05,0.7142857142857143,5.0,7,1.0
MTG2,02_KingCountyCC_10012018,KingCountyCC_10012018,KingCountyCC_10012018_2018-0398,decision-bearing,Motion,deepseek_reasoning,budget_06,run_01,0.5714285714285714,4.0,7,1.0
MTG2,02_KingCountyCC_10012018,KingCountyCC_10012018,KingCountyCC_10012018_2018-0398,decision-bearing,Motion,deepseek_reasoning,budget_06,run_02,0.42857142857142855,3.0,7,0.3333333333333333
MTG2,02_KingCountyCC_10012018,KingCountyCC_10012018,KingCountyCC_10012018_2018-0398,decision-bearing,Motion,deepseek_reasoning,budget_06,run_03,0.5714285714285714,4.0,7,1.0
MTG2,02_KingCountyCC_10012018,KingCountyCC_10012018,KingCountyCC_10012018_2018-0398,decision-bearing,Motion,deepseek_reasoning,budget_06,run_04,0.5714285714285714,4.0,7,1.0
MTG2,02_KingCountyCC_10012018,KingCountyCC_10012018,KingCountyCC_10012018_2018-0398,decision-bearing,Motion,deepseek_reasoning,budget_06,run_05,0.5714285714285714,4.0,7,0.25
MTG2,02_KingCountyCC_10012018,KingCountyCC_10012018,KingCountyCC_10012018_2018-0398,decision-bearing,Motion,deepseek_temp1_chat,budget_02,run_01,0.5714285714285714,4.0,7,1.0
MTG2,02_KingCountyCC_10012018,KingCountyCC_10012018,KingCountyCC_10012018_2018-0398,decision-bearing,Motion,deepseek_temp1_chat,budget_02,run_02,0.5714285714285714,4.0,7,0.25
MTG2,02_KingCountyCC_10012018,KingCountyCC_10012018,KingCountyCC_10012018_2018-0398,decision-bearing,Motion,deepseek_temp1_chat,budget_02,run_03,0.8571428571428571,6.0,7,0.16666666666666666
MTG2,02_KingCountyCC_10012018,KingCountyCC_10012018,KingCountyCC_10012018_2018-0398,decision-bearing,Motion,deepseek_temp1_chat,budget_02,run_04,0.5714285714285714,4.0,7,0.25
MTG2,02_KingCountyCC_10012018,KingCountyCC_10012018,KingCountyCC_10012018_2018-0398,decision-bearing,Motion,deepseek_temp1_chat,budget_02,run_05,0.5714285714285714,4.0,7,0.25
MTG2,02_KingCountyCC_10012018,KingCountyCC_10012018,KingCountyCC_10012018_2018-0398,decision-bearing,Motion,deepseek_temp1_chat,budget_03,run_01,0.5714285714285714,4.0,7,1.0
MTG2,02_KingCountyCC_10012018,KingCountyCC_10012018,KingCountyCC_10012018_2018-0398,decision-bearing,Motion,deepseek_temp1_chat,budget_03,run_02,0.9285714285714286,6.5,7,0.14285714285714285
MTG2,02_KingCountyCC_10012018,KingCountyCC_10012018,KingCountyCC_10012018_2018-0398,decision-bearing,Motion,deepseek_temp1_chat,budget_03,run_03,0.5714285714285714,4.0,7,0.25
MTG2,02_KingCountyCC_10012018,KingCountyCC_10012018,KingCountyCC_10012018_2018-0398,decision-bearing,Motion,deepseek_temp1_chat,budget_03,run_04,0.7142857142857143,5.0,7,0.4
MTG2,02_KingCountyCC_10012018,KingCountyCC_10012018,KingCountyCC_10012018_2018-0398,decision-bearing,Motion,deepseek_temp1_chat,budget_03,run_05,0.6428571428571429,4.5,7,0.2
MTG2,02_KingCountyCC_10012018,KingCountyCC_10012018,KingCountyCC_10012018_2018-0398,decision-bearing,Motion,deepseek_temp1_chat,budget_06,run_01,0.8571428571428571,6.0,7,0.16666666666666666
MTG2,02_KingCountyCC_10012018,KingCountyCC_10012018,KingCountyCC_10012018_2018-0398,decision-bearing,Motion,deepseek_temp1_chat,budget_06,run_02,0.8571428571428571,6.0,7,0.16666666666666666
MTG2,02_KingCountyCC_10012018,KingCountyCC_10012018,KingCountyCC_10012018_2018-0398,decision-bearing,Motion,deepseek_temp1_chat,budget_06,run_03,0.8571428571428571,6.0,7,0.16666666666666666
MTG2,02_KingCountyCC_10012018,KingCountyCC_10012018,KingCountyCC_10012018_2018-0398,decision-bearing,Motion,deepseek_temp1_chat,budget_06,run_04,1.0,7.0,7,0.14285714285714285
MTG2,02_KingCountyCC_10012018,KingCountyCC_10012018,KingCountyCC_10012018_2018-0398,decision-bearing,Motion,deepseek_temp1_chat,budget_06,run_05,1.0,7.0,7,0.14285714285714285
MTG2,02_KingCountyCC_10012018,KingCountyCC_10012018,KingCountyCC_10012018_2018-0398,decision-bearing,Motion,gemini_2_5_flash_lite,budget_02,run_01,0.42857142857142855,3.0,7,1.0
MTG2,02_KingCountyCC_10012018,KingCountyCC_10012018,KingCountyCC_10012018_2018-0398,decision-bearing,Motion,gemini_2_5_flash_lite,budget_02,run_02,0.6428571428571429,4.5,7,0.8
MTG2,02_KingCountyCC_10012018,KingCountyCC_10012018,KingCountyCC_10012018_2018-0398,decision-bearing,Motion,gemini_2_5_flash_lite,budget_02,run_03,0.42857142857142855,3.0,7,1.0
MTG2,02_KingCountyCC_10012018,KingCountyCC_10012018,KingCountyCC_10012018_2018-0398,decision-bearing,Motion,gemini_2_5_flash_lite,budget_02,run_04,0.5714285714285714,4.0,7,1.0
MTG2,02_KingCountyCC_10012018,KingCountyCC_10012018,KingCountyCC_10012018_2018-0398,decision-bearing,Motion,gemini_2_5_flash_lite,budget_02,run_05,0.42857142857142855,3.0,7,1.0
MTG2,02_KingCountyCC_10012018,KingCountyCC_10012018,KingCountyCC_10012018_2018-0398,decision-bearing,Motion,gemini_2_5_flash_lite,budget_03,run_01,0.5714285714285714,4.0,7,0.5
MTG2,02_KingCountyCC_10012018,KingCountyCC_10012018,KingCountyCC_10012018_2018-0398,decision-bearing,Motion,gemini_2_5_flash_lite,budget_03,run_02,0.7142857142857143,5.0,7,0.6
MTG2,02_KingCountyCC_10012018,KingCountyCC_10012018,KingCountyCC_10012018_2018-0398,decision-bearing,Motion,gemini_2_5_flash_lite,budget_03,run_03,0.42857142857142855,3.0,7,1.0
MTG2,02_KingCountyCC_10012018,KingCountyCC_10012018,KingCountyCC_10012018_2018-0398,decision-bearing,Motion,gemini_2_5_flash_lite,budget_03,run_04,0.7857142857142857,5.5,7,0.6666666666666666
MTG2,02_KingCountyCC_10012018,KingCountyCC_10012018,KingCountyCC_10012018_2018-0398,decision-bearing,Motion,gemini_2_5_flash_lite,budget_03,run_05,0.5,3.5,7,0.75
MTG2,02_KingCountyCC_10012018,KingCountyCC_10012018,KingCountyCC_10012018_2018-0398,decision-bearing,Motion,gemini_2_5_flash_lite,budget_06,run_01,0.7142857142857143,5.0,7,0.2
MTG2,02_KingCountyCC_10012018,KingCountyCC_10012018,KingCountyCC_10012018_2018-0398,decision-bearing,Motion,gemini_2_5_flash_lite,budget_06,run_02,0.8571428571428571,6.0,7,0.6666666666666666
MTG2,02_KingCountyCC_10012018,KingCountyCC_10012018,KingCountyCC_10012018_2018-0398,decision-bearing,Motion,gemini_2_5_flash_lite,budget_06,run_03,0.8571428571428571,6.0,7,0.5
MTG2,02_KingCountyCC_10012018,KingCountyCC_10012018,KingCountyCC_10012018_2018-0398,decision-bearing,Motion,gemini_2_5_flash_lite,budget_06,run_04,0.8571428571428571,6.0,7,0.6666666666666666
MTG2,02_KingCountyCC_10012018,KingCountyCC_10012018,KingCountyCC_10012018_2018-0398,decision-bearing,Motion,gemini_2_5_flash_lite,budget_06,run_05,0.8571428571428571,6.0,7,0.5
MTG20,20_SeattleCityCouncil_08092021,SeattleCityCouncil_08092021,SeattleCityCouncil_08092021_Res 32015,decision-bearing,Resolution,deepseek_reasoning,budget_02,run_01,1.0,7.0,7,0.0
MTG20,20_SeattleCityCouncil_08092021,SeattleCityCouncil_08092021,SeattleCityCouncil_08092021_Res 32015,decision-bearing,Resolution,deepseek_reasoning,budget_02,run_02,0.8571428571428571,6.0,7,0.0
MTG20,20_SeattleCityCouncil_08092021,SeattleCityCouncil_08092021,SeattleCityCouncil_08092021_Res 32015,decision-bearing,Resolution,deepseek_reasoning,budget_02,run_03,1.0,7.0,7,0.0
MTG20,20_SeattleCityCouncil_08092021,SeattleCityCouncil_08092021,SeattleCityCouncil_08092021_Res 32015,decision-bearing,Resolution,deepseek_reasoning,budget_02,run_04,1.0,7.0,7,0.0
MTG20,20_SeattleCityCouncil_08092021,SeattleCityCouncil_08092021,SeattleCityCouncil_08092021_Res 32015,decision-bearing,Resolution,deepseek_reasoning,budget_02,run_05,1.0,7.0,7,0.0
MTG20,20_SeattleCityCouncil_08092021,SeattleCityCouncil_08092021,SeattleCityCouncil_08092021_Res 32015,decision-bearing,Resolution,deepseek_reasoning,budget_03,run_01,1.0,7.0,7,0.0
MTG20,20_SeattleCityCouncil_08092021,SeattleCityCouncil_08092021,SeattleCityCouncil_08092021_Res 32015,decision-bearing,Resolution,deepseek_reasoning,budget_03,run_02,1.0,7.0,7,0.0
MTG20,20_SeattleCityCouncil_08092021,SeattleCityCouncil_08092021,SeattleCityCouncil_08092021_Res 32015,decision-bearing,Resolution,deepseek_reasoning,budget_03,run_03,0.9285714285714286,6.5,7,0.0
MTG20,20_SeattleCityCouncil_08092021,SeattleCityCouncil_08092021,SeattleCityCouncil_08092021_Res 32015,decision-bearing,Resolution,deepseek_reasoning,budget_03,run_04,1.0,7.0,7,0.0
MTG20,20_SeattleCityCouncil_08092021,SeattleCityCouncil_08092021,SeattleCityCouncil_08092021_Res 32015,decision-bearing,Resolution,deepseek_reasoning,budget_03,run_05,1.0,7.0,7,0.0
MTG20,20_SeattleCityCouncil_08092021,SeattleCityCouncil_08092021,SeattleCityCouncil_08092021_Res 32015,decision-bearing,Resolution,deepseek_reasoning,budget_06,run_01,1.0,7.0,7,0.0
MTG20,20_SeattleCityCouncil_08092021,SeattleCityCouncil_08092021,SeattleCityCouncil_08092021_Res 32015,decision-bearing,Resolution,deepseek_reasoning,budget_06,run_02,1.0,7.0,7,0.0
MTG20,20_SeattleCityCouncil_08092021,SeattleCityCouncil_08092021,SeattleCityCouncil_08092021_Res 32015,decision-bearing,Resolution,deepseek_reasoning,budget_06,run_03,1.0,7.0,7,0.0
MTG20,20_SeattleCityCouncil_08092021,SeattleCityCouncil_08092021,SeattleCityCouncil_08092021_Res 32015,decision-bearing,Resolution,deepseek_reasoning,budget_06,run_04,1.0,7.0,7,0.0
MTG20,20_SeattleCityCouncil_08092021,SeattleCityCouncil_08092021,SeattleCityCouncil_08092021_Res 32015,decision-bearing,Resolution,deepseek_reasoning,budget_06,run_05,1.0,7.0,7,0.0
MTG20,20_SeattleCityCouncil_08092021,SeattleCityCouncil_08092021,SeattleCityCouncil_08092021_Res 32015,decision-bearing,Resolution,deepseek_temp1_chat,budget_02,run_01,1.0,7.0,7,0.0
MTG20,20_SeattleCityCouncil_08092021,SeattleCityCouncil_08092021,SeattleCityCouncil_08092021_Res 32015,decision-bearing,Resolution,deepseek_temp1_chat,budget_02,run_02,1.0,7.0,7,0.0
MTG20,20_SeattleCityCouncil_08092021,SeattleCityCouncil_08092021,SeattleCityCouncil_08092021_Res 32015,decision-bearing,Resolution,deepseek_temp1_chat,budget_02,run_03,1.0,7.0,7,0.0
MTG20,20_SeattleCityCouncil_08092021,SeattleCityCouncil_08092021,SeattleCityCouncil_08092021_Res 32015,decision-bearing,Resolution,deepseek_temp1_chat,budget_02,run_04,1.0,7.0,7,0.0
MTG20,20_SeattleCityCouncil_08092021,SeattleCityCouncil_08092021,SeattleCityCouncil_08092021_Res 32015,decision-bearing,Resolution,deepseek_temp1_chat,budget_02,run_05,1.0,7.0,7,0.0
MTG20,20_SeattleCityCouncil_08092021,SeattleCityCouncil_08092021,SeattleCityCouncil_08092021_Res 32015,decision-bearing,Resolution,deepseek_temp1_chat,budget_03,run_01,0.8571428571428571,6.0,7,0.0
MTG20,20_SeattleCityCouncil_08092021,SeattleCityCouncil_08092021,SeattleCityCouncil_08092021_Res 32015,decision-bearing,Resolution,deepseek_temp1_chat,budget_03,run_02,1.0,7.0,7,0.0
MTG20,20_SeattleCityCouncil_08092021,SeattleCityCouncil_08092021,SeattleCityCouncil_08092021_Res 32015,decision-bearing,Resolution,deepseek_temp1_chat,budget_03,run_03,1.0,7.0,7,0.0
MTG20,20_SeattleCityCouncil_08092021,SeattleCityCouncil_08092021,SeattleCityCouncil_08092021_Res 32015,decision-bearing,Resolution,deepseek_temp1_chat,budget_03,run_04,0.9285714285714286,6.5,7,0.0
MTG20,20_SeattleCityCouncil_08092021,SeattleCityCouncil_08092021,SeattleCityCouncil_08092021_Res 32015,decision-bearing,Resolution,deepseek_temp1_chat,budget_03,run_05,1.0,7.0,7,0.0
MTG20,20_SeattleCityCouncil_08092021,SeattleCityCouncil_08092021,SeattleCityCouncil_08092021_Res 32015,decision-bearing,Resolution,deepseek_temp1_chat,budget_06,run_01,1.0,7.0,7,0.0
MTG20,20_SeattleCityCouncil_08092021,SeattleCityCouncil_08092021,SeattleCityCouncil_08092021_Res 32015,decision-bearing,Resolution,deepseek_temp1_chat,budget_06,run_02,1.0,7.0,7,0.0
MTG20,20_SeattleCityCouncil_08092021,SeattleCityCouncil_08092021,SeattleCityCouncil_08092021_Res 32015,decision-bearing,Resolution,deepseek_temp1_chat,budget_06,run_03,1.0,7.0,7,0.0
MTG20,20_SeattleCityCouncil_08092021,SeattleCityCouncil_08092021,SeattleCityCouncil_08092021_Res 32015,decision-bearing,Resolution,deepseek_temp1_chat,budget_06,run_04,1.0,7.0,7,0.0
MTG20,20_SeattleCityCouncil_08092021,SeattleCityCouncil_08092021,SeattleCityCouncil_08092021_Res 32015,decision-bearing,Resolution,deepseek_temp1_chat,budget_06,run_05,1.0,7.0,7,0.0
MTG20,20_SeattleCityCouncil_08092021,SeattleCityCouncil_08092021,SeattleCityCouncil_08092021_Res 32015,decision-bearing,Resolution,gemini_2_5_flash_lite,budget_02,run_01,0.7857142857142857,5.5,7,0.0
MTG20,20_SeattleCityCouncil_08092021,SeattleCityCouncil_08092021,SeattleCityCouncil_08092021_Res 32015,decision-bearing,Resolution,gemini_2_5_flash_lite,budget_02,run_02,0.7857142857142857,5.5,7,0.0
MTG20,20_SeattleCityCouncil_08092021,SeattleCityCouncil_08092021,SeattleCityCouncil_08092021_Res 32015,decision-bearing,Resolution,gemini_2_5_flash_lite,budget_02,run_03,0.8571428571428571,6.0,7,0.0
MTG20,20_SeattleCityCouncil_08092021,SeattleCityCouncil_08092021,SeattleCityCouncil_08092021_Res 32015,decision-bearing,Resolution,gemini_2_5_flash_lite,budget_02,run_04,0.8571428571428571,6.0,7,0.0
MTG20,20_SeattleCityCouncil_08092021,SeattleCityCouncil_08092021,SeattleCityCouncil_08092021_Res 32015,decision-bearing,Resolution,gemini_2_5_flash_lite,budget_02,run_05,0.8571428571428571,6.0,7,0.0
MTG20,20_SeattleCityCouncil_08092021,SeattleCityCouncil_08092021,SeattleCityCouncil_08092021_Res 32015,decision-bearing,Resolution,gemini_2_5_flash_lite,budget_03,run_01,0.9285714285714286,6.5,7,0.0
MTG20,20_SeattleCityCouncil_08092021,SeattleCityCouncil_08092021,SeattleCityCouncil_08092021_Res 32015,decision-bearing,Resolution,gemini_2_5_flash_lite,budget_03,run_02,0.8571428571428571,6.0,7,0.0
MTG20,20_SeattleCityCouncil_08092021,SeattleCityCouncil_08092021,SeattleCityCouncil_08092021_Res 32015,decision-bearing,Resolution,gemini_2_5_flash_lite,budget_03,run_03,1.0,7.0,7,0.0
MTG20,20_SeattleCityCouncil_08092021,SeattleCityCouncil_08092021,SeattleCityCouncil_08092021_Res 32015,decision-bearing,Resolution,gemini_2_5_flash_lite,budget_03,run_04,0.8571428571428571,6.0,7,0.0
MTG20,20_SeattleCityCouncil_08092021,SeattleCityCouncil_08092021,SeattleCityCouncil_08092021_Res 32015,decision-bearing,Resolution,gemini_2_5_flash_lite,budget_03,run_05,1.0,7.0,7,0.0
MTG20,20_SeattleCityCouncil_08092021,SeattleCityCouncil_08092021,SeattleCityCouncil_08092021_Res 32015,decision-bearing,Resolution,gemini_2_5_flash_lite,budget_06,run_01,0.7857142857142857,5.5,7,0.0
MTG20,20_SeattleCityCouncil_08092021,SeattleCityCouncil_08092021,SeattleCityCouncil_08092021_Res 32015,decision-bearing,Resolution,gemini_2_5_flash_lite,budget_06,run_02,0.9285714285714286,6.5,7,0.0
MTG20,20_SeattleCityCouncil_08092021,SeattleCityCouncil_08092021,SeattleCityCouncil_08092021_Res 32015,decision-bearing,Resolution,gemini_2_5_flash_lite,budget_06,run_03,1.0,7.0,7,0.0
MTG20,20_SeattleCityCouncil_08092021,SeattleCityCouncil_08092021,SeattleCityCouncil_08092021_Res 32015,decision-bearing,Resolution,gemini_2_5_flash_lite,budget_06,run_04,1.0,7.0,7,0.0
MTG20,20_SeattleCityCouncil_08092021,SeattleCityCouncil_08092021,SeattleCityCouncil_08092021_Res 32015,decision-bearing,Resolution,gemini_2_5_flash_lite,budget_06,run_05,0.8571428571428571,6.0,7,0.0
MTG21,21_SeattleCityCouncil_03192020,SeattleCityCouncil_03192020,SeattleCityCouncil_03192020_CB 119758,decision-bearing,Ordinance,deepseek_reasoning,budget_02,run_01,0.6428571428571429,4.5,7,0.0
MTG21,21_SeattleCityCouncil_03192020,SeattleCityCouncil_03192020,SeattleCityCouncil_03192020_CB 119758,decision-bearing,Ordinance,deepseek_reasoning,budget_02,run_02,0.7857142857142857,5.5,7,0.0
MTG21,21_SeattleCityCouncil_03192020,SeattleCityCouncil_03192020,SeattleCityCouncil_03192020_CB 119758,decision-bearing,Ordinance,deepseek_reasoning,budget_02,run_03,0.7857142857142857,5.5,7,0.0
MTG21,21_SeattleCityCouncil_03192020,SeattleCityCouncil_03192020,SeattleCityCouncil_03192020_CB 119758,decision-bearing,Ordinance,deepseek_reasoning,budget_02,run_04,0.7857142857142857,5.5,7,0.0
MTG21,21_SeattleCityCouncil_03192020,SeattleCityCouncil_03192020,SeattleCityCouncil_03192020_CB 119758,decision-bearing,Ordinance,deepseek_reasoning,budget_02,run_05,0.9285714285714286,6.5,7,0.0
MTG21,21_SeattleCityCouncil_03192020,SeattleCityCouncil_03192020,SeattleCityCouncil_03192020_CB 119758,decision-bearing,Ordinance,deepseek_reasoning,budget_03,run_01,0.7857142857142857,5.5,7,0.0
MTG21,21_SeattleCityCouncil_03192020,SeattleCityCouncil_03192020,SeattleCityCouncil_03192020_CB 119758,decision-bearing,Ordinance,deepseek_reasoning,budget_03,run_02,0.9285714285714286,6.5,7,0.0
MTG21,21_SeattleCityCouncil_03192020,SeattleCityCouncil_03192020,SeattleCityCouncil_03192020_CB 119758,decision-bearing,Ordinance,deepseek_reasoning,budget_03,run_03,0.8571428571428571,6.0,7,0.0
MTG21,21_SeattleCityCouncil_03192020,SeattleCityCouncil_03192020,SeattleCityCouncil_03192020_CB 119758,decision-bearing,Ordinance,deepseek_reasoning,budget_03,run_04,0.5714285714285714,4.0,7,0.0
MTG21,21_SeattleCityCouncil_03192020,SeattleCityCouncil_03192020,SeattleCityCouncil_03192020_CB 119758,decision-bearing,Ordinance,deepseek_reasoning,budget_03,run_05,0.7857142857142857,5.5,7,0.0
MTG21,21_SeattleCityCouncil_03192020,SeattleCityCouncil_03192020,SeattleCityCouncil_03192020_CB 119758,decision-bearing,Ordinance,deepseek_reasoning,budget_06,run_01,0.8571428571428571,6.0,7,0.16666666666666666
MTG21,21_SeattleCityCouncil_03192020,SeattleCityCouncil_03192020,SeattleCityCouncil_03192020_CB 119758,decision-bearing,Ordinance,deepseek_reasoning,budget_06,run_02,0.8571428571428571,6.0,7,0.0
MTG21,21_SeattleCityCouncil_03192020,SeattleCityCouncil_03192020,SeattleCityCouncil_03192020_CB 119758,decision-bearing,Ordinance,deepseek_reasoning,budget_06,run_03,0.9285714285714286,6.5,7,0.0
MTG21,21_SeattleCityCouncil_03192020,SeattleCityCouncil_03192020,SeattleCityCouncil_03192020_CB 119758,decision-bearing,Ordinance,deepseek_reasoning,budget_06,run_04,0.9285714285714286,6.5,7,0.0
MTG21,21_SeattleCityCouncil_03192020,SeattleCityCouncil_03192020,SeattleCityCouncil_03192020_CB 119758,decision-bearing,Ordinance,deepseek_reasoning,budget_06,run_05,0.7857142857142857,5.5,7,0.16666666666666666
MTG21,21_SeattleCityCouncil_03192020,SeattleCityCouncil_03192020,SeattleCityCouncil_03192020_CB 119758,decision-bearing,Ordinance,deepseek_temp1_chat,budget_02,run_01,0.8571428571428571,6.0,7,0.0
MTG21,21_SeattleCityCouncil_03192020,SeattleCityCouncil_03192020,SeattleCityCouncil_03192020_CB 119758,decision-bearing,Ordinance,deepseek_temp1_chat,budget_02,run_02,0.42857142857142855,3.0,7,0.0
MTG21,21_SeattleCityCouncil_03192020,SeattleCityCouncil_03192020,SeattleCityCouncil_03192020_CB 119758,decision-bearing,Ordinance,deepseek_temp1_chat,budget_02,run_03,0.9285714285714286,6.5,7,0.0
MTG21,21_SeattleCityCouncil_03192020,SeattleCityCouncil_03192020,SeattleCityCouncil_03192020_CB 119758,decision-bearing,Ordinance,deepseek_temp1_chat,budget_02,run_04,0.7857142857142857,5.5,7,0.0
MTG21,21_SeattleCityCouncil_03192020,SeattleCityCouncil_03192020,SeattleCityCouncil_03192020_CB 119758,decision-bearing,Ordinance,deepseek_temp1_chat,budget_02,run_05,0.42857142857142855,3.0,7,0.0
MTG21,21_SeattleCityCouncil_03192020,SeattleCityCouncil_03192020,SeattleCityCouncil_03192020_CB 119758,decision-bearing,Ordinance,deepseek_temp1_chat,budget_03,run_01,0.9285714285714286,6.5,7,0.0
MTG21,21_SeattleCityCouncil_03192020,SeattleCityCouncil_03192020,SeattleCityCouncil_03192020_CB 119758,decision-bearing,Ordinance,deepseek_temp1_chat,budget_03,run_02,0.7857142857142857,5.5,7,0.0
MTG21,21_SeattleCityCouncil_03192020,SeattleCityCouncil_03192020,SeattleCityCouncil_03192020_CB 119758,decision-bearing,Ordinance,deepseek_temp1_chat,budget_03,run_03,1.0,7.0,7,0.0
MTG21,21_SeattleCityCouncil_03192020,SeattleCityCouncil_03192020,SeattleCityCouncil_03192020_CB 119758,decision-bearing,Ordinance,deepseek_temp1_chat,budget_03,run_04,0.8571428571428571,6.0,7,0.0
MTG21,21_SeattleCityCouncil_03192020,SeattleCityCouncil_03192020,SeattleCityCouncil_03192020_CB 119758,decision-bearing,Ordinance,deepseek_temp1_chat,budget_03,run_05,0.42857142857142855,3.0,7,0.0
MTG21,21_SeattleCityCouncil_03192020,SeattleCityCouncil_03192020,SeattleCityCouncil_03192020_CB 119758,decision-bearing,Ordinance,deepseek_temp1_chat,budget_06,run_01,0.7142857142857143,5.0,7,0.0
MTG21,21_SeattleCityCouncil_03192020,SeattleCityCouncil_03192020,SeattleCityCouncil_03192020_CB 119758,decision-bearing,Ordinance,deepseek_temp1_chat,budget_06,run_02,0.42857142857142855,3.0,7,0.0
MTG21,21_SeattleCityCouncil_03192020,SeattleCityCouncil_03192020,SeattleCityCouncil_03192020_CB 119758,decision-bearing,Ordinance,deepseek_temp1_chat,budget_06,run_03,0.5714285714285714,4.0,7,0.0
MTG21,21_SeattleCityCouncil_03192020,SeattleCityCouncil_03192020,SeattleCityCouncil_03192020_CB 119758,decision-bearing,Ordinance,deepseek_temp1_chat,budget_06,run_04,1.0,7.0,7,0.0
MTG21,21_SeattleCityCouncil_03192020,SeattleCityCouncil_03192020,SeattleCityCouncil_03192020_CB 119758,decision-bearing,Ordinance,deepseek_temp1_chat,budget_06,run_05,1.0,7.0,7,0.0
MTG21,21_SeattleCityCouncil_03192020,SeattleCityCouncil_03192020,SeattleCityCouncil_03192020_CB 119758,decision-bearing,Ordinance,gemini_2_5_flash_lite,budget_02,run_01,0.42857142857142855,3.0,7,0.0
MTG21,21_SeattleCityCouncil_03192020,SeattleCityCouncil_03192020,SeattleCityCouncil_03192020_CB 119758,decision-bearing,Ordinance,gemini_2_5_flash_lite,budget_02,run_02,0.5714285714285714,4.0,7,0.0
MTG21,21_SeattleCityCouncil_03192020,SeattleCityCouncil_03192020,SeattleCityCouncil_03192020_CB 119758,decision-bearing,Ordinance,gemini_2_5_flash_lite,budget_02,run_03,0.42857142857142855,3.0,7,0.0
MTG21,21_SeattleCityCouncil_03192020,SeattleCityCouncil_03192020,SeattleCityCouncil_03192020_CB 119758,decision-bearing,Ordinance,gemini_2_5_flash_lite,budget_02,run_04,0.6428571428571429,4.5,7,0.0
MTG21,21_SeattleCityCouncil_03192020,SeattleCityCouncil_03192020,SeattleCityCouncil_03192020_CB 119758,decision-bearing,Ordinance,gemini_2_5_flash_lite,budget_02,run_05,0.42857142857142855,3.0,7,0.0
MTG21,21_SeattleCityCouncil_03192020,SeattleCityCouncil_03192020,SeattleCityCouncil_03192020_CB 119758,decision-bearing,Ordinance,gemini_2_5_flash_lite,budget_03,run_01,0.7857142857142857,5.5,7,0.0
MTG21,21_SeattleCityCouncil_03192020,SeattleCityCouncil_03192020,SeattleCityCouncil_03192020_CB 119758,decision-bearing,Ordinance,gemini_2_5_flash_lite,budget_03,run_02,0.7857142857142857,5.5,7,0.0
MTG21,21_SeattleCityCouncil_03192020,SeattleCityCouncil_03192020,SeattleCityCouncil_03192020_CB 119758,decision-bearing,Ordinance,gemini_2_5_flash_lite,budget_03,run_03,0.7857142857142857,5.5,7,0.0
MTG21,21_SeattleCityCouncil_03192020,SeattleCityCouncil_03192020,SeattleCityCouncil_03192020_CB 119758,decision-bearing,Ordinance,gemini_2_5_flash_lite,budget_03,run_04,0.7857142857142857,5.5,7,0.0
MTG21,21_SeattleCityCouncil_03192020,SeattleCityCouncil_03192020,SeattleCityCouncil_03192020_CB 119758,decision-bearing,Ordinance,gemini_2_5_flash_lite,budget_03,run_05,0.7857142857142857,5.5,7,0.0
MTG21,21_SeattleCityCouncil_03192020,SeattleCityCouncil_03192020,SeattleCityCouncil_03192020_CB 119758,decision-bearing,Ordinance,gemini_2_5_flash_lite,budget_06,run_01,0.7142857142857143,5.0,7,0.0
MTG21,21_SeattleCityCouncil_03192020,SeattleCityCouncil_03192020,SeattleCityCouncil_03192020_CB 119758,decision-bearing,Ordinance,gemini_2_5_flash_lite,budget_06,run_02,0.9285714285714286,6.5,7,0.0
MTG21,21_SeattleCityCouncil_03192020,SeattleCityCouncil_03192020,SeattleCityCouncil_03192020_CB 119758,decision-bearing,Ordinance,gemini_2_5_flash_lite,budget_06,run_03,0.9285714285714286,6.5,7,0.0
MTG21,21_SeattleCityCouncil_03192020,SeattleCityCouncil_03192020,SeattleCityCouncil_03192020_CB 119758,decision-bearing,Ordinance,gemini_2_5_flash_lite,budget_06,run_04,0.42857142857142855,3.0,7,0.0
MTG21,21_SeattleCityCouncil_03192020,SeattleCityCouncil_03192020,SeattleCityCouncil_03192020_CB 119758,decision-bearing,Ordinance,gemini_2_5_flash_lite,budget_06,run_05,0.7142857142857143,5.0,7,0.0
MTG22,22_KingCountyCC_07292019,KingCountyCC_07292019,KingCountyCC_07292019_2019-0245,decision-bearing,Motion,deepseek_reasoning,budget_02,run_01,0.5714285714285714,4.0,7,0.0
MTG22,22_KingCountyCC_07292019,KingCountyCC_07292019,KingCountyCC_07292019_2019-0245,decision-bearing,Motion,deepseek_reasoning,budget_02,run_02,0.5,3.5,7,0.0
MTG22,22_KingCountyCC_07292019,KingCountyCC_07292019,KingCountyCC_07292019_2019-0245,decision-bearing,Motion,deepseek_reasoning,budget_02,run_03,0.7142857142857143,5.0,7,0.2
MTG22,22_KingCountyCC_07292019,KingCountyCC_07292019,KingCountyCC_07292019_2019-0245,decision-bearing,Motion,deepseek_reasoning,budget_02,run_04,0.6428571428571429,4.5,7,0.0
MTG22,22_KingCountyCC_07292019,KingCountyCC_07292019,KingCountyCC_07292019_2019-0245,decision-bearing,Motion,deepseek_reasoning,budget_02,run_05,0.5714285714285714,4.0,7,0.0
MTG22,22_KingCountyCC_07292019,KingCountyCC_07292019,KingCountyCC_07292019_2019-0245,decision-bearing,Motion,deepseek_reasoning,budget_03,run_01,0.5714285714285714,4.0,7,0.0
MTG22,22_KingCountyCC_07292019,KingCountyCC_07292019,KingCountyCC_07292019_2019-0245,decision-bearing,Motion,deepseek_reasoning,budget_03,run_02,0.5714285714285714,4.0,7,0.25
MTG22,22_KingCountyCC_07292019,KingCountyCC_07292019,KingCountyCC_07292019_2019-0245,decision-bearing,Motion,deepseek_reasoning,budget_03,run_03,0.35714285714285715,2.5,7,0.0
MTG22,22_KingCountyCC_07292019,KingCountyCC_07292019,KingCountyCC_07292019_2019-0245,decision-bearing,Motion,deepseek_reasoning,budget_03,run_04,0.5714285714285714,4.0,7,0.0
MTG22,22_KingCountyCC_07292019,KingCountyCC_07292019,KingCountyCC_07292019_2019-0245,decision-bearing,Motion,deepseek_reasoning,budget_03,run_05,0.5714285714285714,4.0,7,0.0
MTG22,22_KingCountyCC_07292019,KingCountyCC_07292019,KingCountyCC_07292019_2019-0245,decision-bearing,Motion,deepseek_reasoning,budget_06,run_01,0.7142857142857143,5.0,7,0.0
MTG22,22_KingCountyCC_07292019,KingCountyCC_07292019,KingCountyCC_07292019_2019-0245,decision-bearing,Motion,deepseek_reasoning,budget_06,run_02,0.5714285714285714,4.0,7,0.25
MTG22,22_KingCountyCC_07292019,KingCountyCC_07292019,KingCountyCC_07292019_2019-0245,decision-bearing,Motion,deepseek_reasoning,budget_06,run_03,0.5714285714285714,4.0,7,0.0
MTG22,22_KingCountyCC_07292019,KingCountyCC_07292019,KingCountyCC_07292019_2019-0245,decision-bearing,Motion,deepseek_reasoning,budget_06,run_04,0.5714285714285714,4.0,7,0.25
MTG22,22_KingCountyCC_07292019,KingCountyCC_07292019,KingCountyCC_07292019_2019-0245,decision-bearing,Motion,deepseek_reasoning,budget_06,run_05,0.5714285714285714,4.0,7,0.0
MTG22,22_KingCountyCC_07292019,KingCountyCC_07292019,KingCountyCC_07292019_2019-0245,decision-bearing,Motion,deepseek_temp1_chat,budget_02,run_01,0.42857142857142855,3.0,7,0.25
MTG22,22_KingCountyCC_07292019,KingCountyCC_07292019,KingCountyCC_07292019_2019-0245,decision-bearing,Motion,deepseek_temp1_chat,budget_02,run_02,0.5,3.5,7,0.0
MTG22,22_KingCountyCC_07292019,KingCountyCC_07292019,KingCountyCC_07292019_2019-0245,decision-bearing,Motion,deepseek_temp1_chat,budget_02,run_03,0.5714285714285714,4.0,7,0.0
MTG22,22_KingCountyCC_07292019,KingCountyCC_07292019,KingCountyCC_07292019_2019-0245,decision-bearing,Motion,deepseek_temp1_chat,budget_02,run_04,0.35714285714285715,2.5,7,0.0
MTG22,22_KingCountyCC_07292019,KingCountyCC_07292019,KingCountyCC_07292019_2019-0245,decision-bearing,Motion,deepseek_temp1_chat,budget_02,run_05,0.5714285714285714,4.0,7,0.0
MTG22,22_KingCountyCC_07292019,KingCountyCC_07292019,KingCountyCC_07292019_2019-0245,decision-bearing,Motion,deepseek_temp1_chat,budget_03,run_01,0.5,3.5,7,0.5
MTG22,22_KingCountyCC_07292019,KingCountyCC_07292019,KingCountyCC_07292019_2019-0245,decision-bearing,Motion,deepseek_temp1_chat,budget_03,run_02,0.6428571428571429,4.5,7,0.0
MTG22,22_KingCountyCC_07292019,KingCountyCC_07292019,KingCountyCC_07292019_2019-0245,decision-bearing,Motion,deepseek_temp1_chat,budget_03,run_03,0.5,3.5,7,0.25
MTG22,22_KingCountyCC_07292019,KingCountyCC_07292019,KingCountyCC_07292019_2019-0245,decision-bearing,Motion,deepseek_temp1_chat,budget_03,run_04,0.5714285714285714,4.0,7,0.0
MTG22,22_KingCountyCC_07292019,KingCountyCC_07292019,KingCountyCC_07292019_2019-0245,decision-bearing,Motion,deepseek_temp1_chat,budget_03,run_05,0.5714285714285714,4.0,7,0.25
MTG22,22_KingCountyCC_07292019,KingCountyCC_07292019,KingCountyCC_07292019_2019-0245,decision-bearing,Motion,deepseek_temp1_chat,budget_06,run_01,0.6428571428571429,4.5,7,0.0
MTG22,22_KingCountyCC_07292019,KingCountyCC_07292019,KingCountyCC_07292019_2019-0245,decision-bearing,Motion,deepseek_temp1_chat,budget_06,run_02,0.5714285714285714,4.0,7,0.0
MTG22,22_KingCountyCC_07292019,KingCountyCC_07292019,KingCountyCC_07292019_2019-0245,decision-bearing,Motion,deepseek_temp1_chat,budget_06,run_03,0.5714285714285714,4.0,7,0.25
MTG22,22_KingCountyCC_07292019,KingCountyCC_07292019,KingCountyCC_07292019_2019-0245,decision-bearing,Motion,deepseek_temp1_chat,budget_06,run_04,0.8571428571428571,6.0,7,0.16666666666666666
MTG22,22_KingCountyCC_07292019,KingCountyCC_07292019,KingCountyCC_07292019_2019-0245,decision-bearing,Motion,deepseek_temp1_chat,budget_06,run_05,0.5714285714285714,4.0,7,0.0
MTG22,22_KingCountyCC_07292019,KingCountyCC_07292019,KingCountyCC_07292019_2019-0245,decision-bearing,Motion,gemini_2_5_flash_lite,budget_02,run_01,0.2857142857142857,2.0,7,0.0
MTG22,22_KingCountyCC_07292019,KingCountyCC_07292019,KingCountyCC_07292019_2019-0245,decision-bearing,Motion,gemini_2_5_flash_lite,budget_02,run_02,0.2857142857142857,2.0,7,0.0
MTG22,22_KingCountyCC_07292019,KingCountyCC_07292019,KingCountyCC_07292019_2019-0245,decision-bearing,Motion,gemini_2_5_flash_lite,budget_02,run_03,0.42857142857142855,3.0,7,0.0
MTG22,22_KingCountyCC_07292019,KingCountyCC_07292019,KingCountyCC_07292019_2019-0245,decision-bearing,Motion,gemini_2_5_flash_lite,budget_02,run_04,0.2857142857142857,2.0,7,0.0
MTG22,22_KingCountyCC_07292019,KingCountyCC_07292019,KingCountyCC_07292019_2019-0245,decision-bearing,Motion,gemini_2_5_flash_lite,budget_02,run_05,0.35714285714285715,2.5,7,0.0
MTG22,22_KingCountyCC_07292019,KingCountyCC_07292019,KingCountyCC_07292019_2019-0245,decision-bearing,Motion,gemini_2_5_flash_lite,budget_03,run_01,0.35714285714285715,2.5,7,0.0
MTG22,22_KingCountyCC_07292019,KingCountyCC_07292019,KingCountyCC_07292019_2019-0245,decision-bearing,Motion,gemini_2_5_flash_lite,budget_03,run_02,0.42857142857142855,3.0,7,0.0
MTG22,22_KingCountyCC_07292019,KingCountyCC_07292019,KingCountyCC_07292019_2019-0245,decision-bearing,Motion,gemini_2_5_flash_lite,budget_03,run_03,0.5,3.5,7,0.0
MTG22,22_KingCountyCC_07292019,KingCountyCC_07292019,KingCountyCC_07292019_2019-0245,decision-bearing,Motion,gemini_2_5_flash_lite,budget_03,run_04,0.5,3.5,7,0.0
MTG22,22_KingCountyCC_07292019,KingCountyCC_07292019,KingCountyCC_07292019_2019-0245,decision-bearing,Motion,gemini_2_5_flash_lite,budget_03,run_05,0.42857142857142855,3.0,7,0.0
MTG22,22_KingCountyCC_07292019,KingCountyCC_07292019,KingCountyCC_07292019_2019-0245,decision-bearing,Motion,gemini_2_5_flash_lite,budget_06,run_01,0.7142857142857143,5.0,7,0.0
MTG22,22_KingCountyCC_07292019,KingCountyCC_07292019,KingCountyCC_07292019_2019-0245,decision-bearing,Motion,gemini_2_5_flash_lite,budget_06,run_02,0.6428571428571429,4.5,7,0.0
MTG22,22_KingCountyCC_07292019,KingCountyCC_07292019,KingCountyCC_07292019_2019-0245,decision-bearing,Motion,gemini_2_5_flash_lite,budget_06,run_03,0.7857142857142857,5.5,7,0.0
MTG22,22_KingCountyCC_07292019,KingCountyCC_07292019,KingCountyCC_07292019_2019-0245,decision-bearing,Motion,gemini_2_5_flash_lite,budget_06,run_04,0.7142857142857143,5.0,7,0.0
MTG22,22_KingCountyCC_07292019,KingCountyCC_07292019,KingCountyCC_07292019_2019-0245,decision-bearing,Motion,gemini_2_5_flash_lite,budget_06,run_05,0.5,3.5,7,0.0
MTG23,23_AlamedaCC_11032015,AlamedaCC_11032015,AlamedaCC_11032015_2015-2060,decision-bearing,Ordinance,deepseek_reasoning,budget_02,run_01,0.5714285714285714,4.0,7,0.0
MTG23,23_AlamedaCC_11032015,AlamedaCC_11032015,AlamedaCC_11032015_2015-2060,decision-bearing,Ordinance,deepseek_reasoning,budget_02,run_02,0.42857142857142855,3.0,7,0.3333333333333333
MTG23,23_AlamedaCC_11032015,AlamedaCC_11032015,AlamedaCC_11032015_2015-2060,decision-bearing,Ordinance,deepseek_reasoning,budget_02,run_03,0.5714285714285714,4.0,7,0.5
MTG23,23_AlamedaCC_11032015,AlamedaCC_11032015,AlamedaCC_11032015_2015-2060,decision-bearing,Ordinance,deepseek_reasoning,budget_02,run_04,0.5714285714285714,4.0,7,0.5
MTG23,23_AlamedaCC_11032015,AlamedaCC_11032015,AlamedaCC_11032015_2015-2060,decision-bearing,Ordinance,deepseek_reasoning,budget_02,run_05,0.42857142857142855,3.0,7,0.6666666666666666
MTG23,23_AlamedaCC_11032015,AlamedaCC_11032015,AlamedaCC_11032015_2015-2060,decision-bearing,Ordinance,deepseek_reasoning,budget_03,run_01,0.5714285714285714,4.0,7,0.25
MTG23,23_AlamedaCC_11032015,AlamedaCC_11032015,AlamedaCC_11032015_2015-2060,decision-bearing,Ordinance,deepseek_reasoning,budget_03,run_02,0.5714285714285714,4.0,7,0.5
MTG23,23_AlamedaCC_11032015,AlamedaCC_11032015,AlamedaCC_11032015_2015-2060,decision-bearing,Ordinance,deepseek_reasoning,budget_03,run_03,0.7142857142857143,5.0,7,0.0
MTG23,23_AlamedaCC_11032015,AlamedaCC_11032015,AlamedaCC_11032015_2015-2060,decision-bearing,Ordinance,deepseek_reasoning,budget_03,run_04,0.42857142857142855,3.0,7,0.6666666666666666
MTG23,23_AlamedaCC_11032015,AlamedaCC_11032015,AlamedaCC_11032015_2015-2060,decision-bearing,Ordinance,deepseek_reasoning,budget_03,run_05,0.7142857142857143,5.0,7,0.0
MTG23,23_AlamedaCC_11032015,AlamedaCC_11032015,AlamedaCC_11032015_2015-2060,decision-bearing,Ordinance,deepseek_reasoning,budget_06,run_01,0.5714285714285714,4.0,7,0.25
MTG23,23_AlamedaCC_11032015,AlamedaCC_11032015,AlamedaCC_11032015_2015-2060,decision-bearing,Ordinance,deepseek_reasoning,budget_06,run_02,0.7142857142857143,5.0,7,0.2
MTG23,23_AlamedaCC_11032015,AlamedaCC_11032015,AlamedaCC_11032015_2015-2060,decision-bearing,Ordinance,deepseek_reasoning,budget_06,run_03,0.7142857142857143,5.0,7,0.2
MTG23,23_AlamedaCC_11032015,AlamedaCC_11032015,AlamedaCC_11032015_2015-2060,decision-bearing,Ordinance,deepseek_reasoning,budget_06,run_04,0.7142857142857143,5.0,7,0.0
MTG23,23_AlamedaCC_11032015,AlamedaCC_11032015,AlamedaCC_11032015_2015-2060,decision-bearing,Ordinance,deepseek_reasoning,budget_06,run_05,1.0,7.0,7,0.0
MTG23,23_AlamedaCC_11032015,AlamedaCC_11032015,AlamedaCC_11032015_2015-2060,decision-bearing,Ordinance,deepseek_temp1_chat,budget_02,run_01,0.42857142857142855,3.0,7,0.0
MTG23,23_AlamedaCC_11032015,AlamedaCC_11032015,AlamedaCC_11032015_2015-2060,decision-bearing,Ordinance,deepseek_temp1_chat,budget_02,run_02,0.42857142857142855,3.0,7,0.3333333333333333
MTG23,23_AlamedaCC_11032015,AlamedaCC_11032015,AlamedaCC_11032015_2015-2060,decision-bearing,Ordinance,deepseek_temp1_chat,budget_02,run_03,0.5714285714285714,4.0,7,0.0
MTG23,23_AlamedaCC_11032015,AlamedaCC_11032015,AlamedaCC_11032015_2015-2060,decision-bearing,Ordinance,deepseek_temp1_chat,budget_02,run_04,0.5714285714285714,4.0,7,0.0
MTG23,23_AlamedaCC_11032015,AlamedaCC_11032015,AlamedaCC_11032015_2015-2060,decision-bearing,Ordinance,deepseek_temp1_chat,budget_02,run_05,0.42857142857142855,3.0,7,0.6666666666666666
MTG23,23_AlamedaCC_11032015,AlamedaCC_11032015,AlamedaCC_11032015_2015-2060,decision-bearing,Ordinance,deepseek_temp1_chat,budget_03,run_01,0.8571428571428571,6.0,7,0.16666666666666666
MTG23,23_AlamedaCC_11032015,AlamedaCC_11032015,AlamedaCC_11032015_2015-2060,decision-bearing,Ordinance,deepseek_temp1_chat,budget_03,run_02,0.8571428571428571,6.0,7,0.0
MTG23,23_AlamedaCC_11032015,AlamedaCC_11032015,AlamedaCC_11032015_2015-2060,decision-bearing,Ordinance,deepseek_temp1_chat,budget_03,run_03,0.7142857142857143,5.0,7,0.4
MTG23,23_AlamedaCC_11032015,AlamedaCC_11032015,AlamedaCC_11032015_2015-2060,decision-bearing,Ordinance,deepseek_temp1_chat,budget_03,run_04,0.5714285714285714,4.0,7,0.5
MTG23,23_AlamedaCC_11032015,AlamedaCC_11032015,AlamedaCC_11032015_2015-2060,decision-bearing,Ordinance,deepseek_temp1_chat,budget_03,run_05,0.8571428571428571,6.0,7,0.0
MTG23,23_AlamedaCC_11032015,AlamedaCC_11032015,AlamedaCC_11032015_2015-2060,decision-bearing,Ordinance,deepseek_temp1_chat,budget_06,run_01,0.5714285714285714,4.0,7,0.0
MTG23,23_AlamedaCC_11032015,AlamedaCC_11032015,AlamedaCC_11032015_2015-2060,decision-bearing,Ordinance,deepseek_temp1_chat,budget_06,run_02,0.7142857142857143,5.0,7,0.2
MTG23,23_AlamedaCC_11032015,AlamedaCC_11032015,AlamedaCC_11032015_2015-2060,decision-bearing,Ordinance,deepseek_temp1_chat,budget_06,run_03,0.42857142857142855,3.0,7,0.3333333333333333
MTG23,23_AlamedaCC_11032015,AlamedaCC_11032015,AlamedaCC_11032015_2015-2060,decision-bearing,Ordinance,deepseek_temp1_chat,budget_06,run_04,0.7857142857142857,5.5,7,0.3333333333333333
MTG23,23_AlamedaCC_11032015,AlamedaCC_11032015,AlamedaCC_11032015_2015-2060,decision-bearing,Ordinance,deepseek_temp1_chat,budget_06,run_05,0.7142857142857143,5.0,7,0.0
MTG23,23_AlamedaCC_11032015,AlamedaCC_11032015,AlamedaCC_11032015_2015-2060,decision-bearing,Ordinance,gemini_2_5_flash_lite,budget_02,run_01,0.5714285714285714,4.0,7,0.5
MTG23,23_AlamedaCC_11032015,AlamedaCC_11032015,AlamedaCC_11032015_2015-2060,decision-bearing,Ordinance,gemini_2_5_flash_lite,budget_02,run_02,0.42857142857142855,3.0,7,0.6666666666666666
MTG23,23_AlamedaCC_11032015,AlamedaCC_11032015,AlamedaCC_11032015_2015-2060,decision-bearing,Ordinance,gemini_2_5_flash_lite,budget_02,run_03,0.42857142857142855,3.0,7,0.3333333333333333
MTG23,23_AlamedaCC_11032015,AlamedaCC_11032015,AlamedaCC_11032015_2015-2060,decision-bearing,Ordinance,gemini_2_5_flash_lite,budget_02,run_04,0.7142857142857143,5.0,7,0.2
MTG23,23_AlamedaCC_11032015,AlamedaCC_11032015,AlamedaCC_11032015_2015-2060,decision-bearing,Ordinance,gemini_2_5_flash_lite,budget_02,run_05,0.42857142857142855,3.0,7,0.3333333333333333
MTG23,23_AlamedaCC_11032015,AlamedaCC_11032015,AlamedaCC_11032015_2015-2060,decision-bearing,Ordinance,gemini_2_5_flash_lite,budget_03,run_01,0.6428571428571429,4.5,7,0.4
MTG23,23_AlamedaCC_11032015,AlamedaCC_11032015,AlamedaCC_11032015_2015-2060,decision-bearing,Ordinance,gemini_2_5_flash_lite,budget_03,run_02,0.5714285714285714,4.0,7,0.5
MTG23,23_AlamedaCC_11032015,AlamedaCC_11032015,AlamedaCC_11032015_2015-2060,decision-bearing,Ordinance,gemini_2_5_flash_lite,budget_03,run_03,0.7857142857142857,5.5,7,0.3333333333333333
MTG23,23_AlamedaCC_11032015,AlamedaCC_11032015,AlamedaCC_11032015_2015-2060,decision-bearing,Ordinance,gemini_2_5_flash_lite,budget_03,run_04,0.5714285714285714,4.0,7,0.5
MTG23,23_AlamedaCC_11032015,AlamedaCC_11032015,AlamedaCC_11032015_2015-2060,decision-bearing,Ordinance,gemini_2_5_flash_lite,budget_03,run_05,0.42857142857142855,3.0,7,0.6666666666666666
MTG23,23_AlamedaCC_11032015,AlamedaCC_11032015,AlamedaCC_11032015_2015-2060,decision-bearing,Ordinance,gemini_2_5_flash_lite,budget_06,run_01,0.21428571428571427,1.5,7,0.0
MTG23,23_AlamedaCC_11032015,AlamedaCC_11032015,AlamedaCC_11032015_2015-2060,decision-bearing,Ordinance,gemini_2_5_flash_lite,budget_06,run_02,0.8571428571428571,6.0,7,0.16666666666666666
MTG23,23_AlamedaCC_11032015,AlamedaCC_11032015,AlamedaCC_11032015_2015-2060,decision-bearing,Ordinance,gemini_2_5_flash_lite,budget_06,run_03,0.42857142857142855,3.0,7,0.3333333333333333
MTG23,23_AlamedaCC_11032015,AlamedaCC_11032015,AlamedaCC_11032015_2015-2060,decision-bearing,Ordinance,gemini_2_5_flash_lite,budget_06,run_04,0.7142857142857143,5.0,7,0.0
MTG23,23_AlamedaCC_11032015,AlamedaCC_11032015,AlamedaCC_11032015_2015-2060,decision-bearing,Ordinance,gemini_2_5_flash_lite,budget_06,run_05,0.7142857142857143,5.0,7,0.0
MTG24,24_BostonCC_06152022,BostonCC_06152022,BostonCC_06152022_2022-0770,decision-bearing,Motion,deepseek_reasoning,budget_02,run_01,0.7857142857142857,5.5,7,0.3333333333333333
MTG24,24_BostonCC_06152022,BostonCC_06152022,BostonCC_06152022_2022-0770,decision-bearing,Motion,deepseek_reasoning,budget_02,run_02,0.5714285714285714,4.0,7,0.0
MTG24,24_BostonCC_06152022,BostonCC_06152022,BostonCC_06152022_2022-0770,decision-bearing,Motion,deepseek_reasoning,budget_02,run_03,0.9285714285714286,6.5,7,0.0
MTG24,24_BostonCC_06152022,BostonCC_06152022,BostonCC_06152022_2022-0770,decision-bearing,Motion,deepseek_reasoning,budget_02,run_04,0.5714285714285714,4.0,7,0.0
MTG24,24_BostonCC_06152022,BostonCC_06152022,BostonCC_06152022_2022-0770,decision-bearing,Motion,deepseek_reasoning,budget_02,run_05,0.6428571428571429,4.5,7,0.0
MTG24,24_BostonCC_06152022,BostonCC_06152022,BostonCC_06152022_2022-0770,decision-bearing,Motion,deepseek_reasoning,budget_03,run_01,0.5714285714285714,4.0,7,0.0
MTG24,24_BostonCC_06152022,BostonCC_06152022,BostonCC_06152022_2022-0770,decision-bearing,Motion,deepseek_reasoning,budget_03,run_02,0.5714285714285714,4.0,7,0.25
MTG24,24_BostonCC_06152022,BostonCC_06152022,BostonCC_06152022_2022-0770,decision-bearing,Motion,deepseek_reasoning,budget_03,run_03,1.0,7.0,7,0.0
MTG24,24_BostonCC_06152022,BostonCC_06152022,BostonCC_06152022_2022-0770,decision-bearing,Motion,deepseek_reasoning,budget_03,run_04,1.0,7.0,7,0.0
MTG24,24_BostonCC_06152022,BostonCC_06152022,BostonCC_06152022_2022-0770,decision-bearing,Motion,deepseek_reasoning,budget_03,run_05,0.7142857142857143,5.0,7,0.0
MTG24,24_BostonCC_06152022,BostonCC_06152022,BostonCC_06152022_2022-0770,decision-bearing,Motion,deepseek_reasoning,budget_06,run_01,1.0,7.0,7,0.14285714285714285
MTG24,24_BostonCC_06152022,BostonCC_06152022,BostonCC_06152022_2022-0770,decision-bearing,Motion,deepseek_reasoning,budget_06,run_02,1.0,7.0,7,0.0
MTG24,24_BostonCC_06152022,BostonCC_06152022,BostonCC_06152022_2022-0770,decision-bearing,Motion,deepseek_reasoning,budget_06,run_03,0.8571428571428571,6.0,7,0.16666666666666666
MTG24,24_BostonCC_06152022,BostonCC_06152022,BostonCC_06152022_2022-0770,decision-bearing,Motion,deepseek_reasoning,budget_06,run_04,1.0,7.0,7,0.14285714285714285
MTG24,24_BostonCC_06152022,BostonCC_06152022,BostonCC_06152022_2022-0770,decision-bearing,Motion,deepseek_reasoning,budget_06,run_05,1.0,7.0,7,0.14285714285714285
MTG24,24_BostonCC_06152022,BostonCC_06152022,BostonCC_06152022_2022-0770,decision-bearing,Motion,deepseek_temp1_chat,budget_02,run_01,0.7142857142857143,5.0,7,0.0
MTG24,24_BostonCC_06152022,BostonCC_06152022,BostonCC_06152022_2022-0770,decision-bearing,Motion,deepseek_temp1_chat,budget_02,run_02,0.8571428571428571,6.0,7,0.0
MTG24,24_BostonCC_06152022,BostonCC_06152022,BostonCC_06152022_2022-0770,decision-bearing,Motion,deepseek_temp1_chat,budget_02,run_03,0.8571428571428571,6.0,7,0.0
MTG24,24_BostonCC_06152022,BostonCC_06152022,BostonCC_06152022_2022-0770,decision-bearing,Motion,deepseek_temp1_chat,budget_02,run_04,0.5714285714285714,4.0,7,0.0
MTG24,24_BostonCC_06152022,BostonCC_06152022,BostonCC_06152022_2022-0770,decision-bearing,Motion,deepseek_temp1_chat,budget_02,run_05,0.6428571428571429,4.5,7,0.2
MTG24,24_BostonCC_06152022,BostonCC_06152022,BostonCC_06152022_2022-0770,decision-bearing,Motion,deepseek_temp1_chat,budget_03,run_01,1.0,7.0,7,0.0
MTG24,24_BostonCC_06152022,BostonCC_06152022,BostonCC_06152022_2022-0770,decision-bearing,Motion,deepseek_temp1_chat,budget_03,run_02,0.5714285714285714,4.0,7,0.0
MTG24,24_BostonCC_06152022,BostonCC_06152022,BostonCC_06152022_2022-0770,decision-bearing,Motion,deepseek_temp1_chat,budget_03,run_03,0.42857142857142855,3.0,7,0.0
MTG24,24_BostonCC_06152022,BostonCC_06152022,BostonCC_06152022_2022-0770,decision-bearing,Motion,deepseek_temp1_chat,budget_03,run_04,0.7142857142857143,5.0,7,0.0
MTG24,24_BostonCC_06152022,BostonCC_06152022,BostonCC_06152022_2022-0770,decision-bearing,Motion,deepseek_temp1_chat,budget_03,run_05,0.7142857142857143,5.0,7,0.0
MTG24,24_BostonCC_06152022,BostonCC_06152022,BostonCC_06152022_2022-0770,decision-bearing,Motion,deepseek_temp1_chat,budget_06,run_01,0.9285714285714286,6.5,7,0.2857142857142857
MTG24,24_BostonCC_06152022,BostonCC_06152022,BostonCC_06152022_2022-0770,decision-bearing,Motion,deepseek_temp1_chat,budget_06,run_02,0.9285714285714286,6.5,7,0.2857142857142857
MTG24,24_BostonCC_06152022,BostonCC_06152022,BostonCC_06152022_2022-0770,decision-bearing,Motion,deepseek_temp1_chat,budget_06,run_03,1.0,7.0,7,0.0
MTG24,24_BostonCC_06152022,BostonCC_06152022,BostonCC_06152022_2022-0770,decision-bearing,Motion,deepseek_temp1_chat,budget_06,run_04,1.0,7.0,7,0.0
MTG24,24_BostonCC_06152022,BostonCC_06152022,BostonCC_06152022_2022-0770,decision-bearing,Motion,deepseek_temp1_chat,budget_06,run_05,0.8571428571428571,6.0,7,0.0
MTG24,24_BostonCC_06152022,BostonCC_06152022,BostonCC_06152022_2022-0770,decision-bearing,Motion,gemini_2_5_flash_lite,budget_02,run_01,0.8571428571428571,6.0,7,0.0
MTG24,24_BostonCC_06152022,BostonCC_06152022,BostonCC_06152022_2022-0770,decision-bearing,Motion,gemini_2_5_flash_lite,budget_02,run_02,0.7142857142857143,5.0,7,0.0
MTG24,24_BostonCC_06152022,BostonCC_06152022,BostonCC_06152022_2022-0770,decision-bearing,Motion,gemini_2_5_flash_lite,budget_02,run_03,0.6428571428571429,4.5,7,0.0
MTG24,24_BostonCC_06152022,BostonCC_06152022,BostonCC_06152022_2022-0770,decision-bearing,Motion,gemini_2_5_flash_lite,budget_02,run_04,0.8571428571428571,6.0,7,0.0
MTG24,24_BostonCC_06152022,BostonCC_06152022,BostonCC_06152022_2022-0770,decision-bearing,Motion,gemini_2_5_flash_lite,budget_02,run_05,0.8571428571428571,6.0,7,0.0
MTG24,24_BostonCC_06152022,BostonCC_06152022,BostonCC_06152022_2022-0770,decision-bearing,Motion,gemini_2_5_flash_lite,budget_03,run_01,0.8571428571428571,6.0,7,0.0
MTG24,24_BostonCC_06152022,BostonCC_06152022,BostonCC_06152022_2022-0770,decision-bearing,Motion,gemini_2_5_flash_lite,budget_03,run_02,0.7142857142857143,5.0,7,0.0
MTG24,24_BostonCC_06152022,BostonCC_06152022,BostonCC_06152022_2022-0770,decision-bearing,Motion,gemini_2_5_flash_lite,budget_03,run_03,0.7857142857142857,5.5,7,0.0
MTG24,24_BostonCC_06152022,BostonCC_06152022,BostonCC_06152022_2022-0770,decision-bearing,Motion,gemini_2_5_flash_lite,budget_03,run_04,0.7857142857142857,5.5,7,0.0
MTG24,24_BostonCC_06152022,BostonCC_06152022,BostonCC_06152022_2022-0770,decision-bearing,Motion,gemini_2_5_flash_lite,budget_03,run_05,1.0,7.0,7,0.0
MTG24,24_BostonCC_06152022,BostonCC_06152022,BostonCC_06152022_2022-0770,decision-bearing,Motion,gemini_2_5_flash_lite,budget_06,run_01,0.8571428571428571,6.0,7,0.16666666666666666
MTG24,24_BostonCC_06152022,BostonCC_06152022,BostonCC_06152022_2022-0770,decision-bearing,Motion,gemini_2_5_flash_lite,budget_06,run_02,1.0,7.0,7,0.0
MTG24,24_BostonCC_06152022,BostonCC_06152022,BostonCC_06152022_2022-0770,decision-bearing,Motion,gemini_2_5_flash_lite,budget_06,run_03,1.0,7.0,7,0.0
MTG24,24_BostonCC_06152022,BostonCC_06152022,BostonCC_06152022_2022-0770,decision-bearing,Motion,gemini_2_5_flash_lite,budget_06,run_04,1.0,7.0,7,0.0
MTG24,24_BostonCC_06152022,BostonCC_06152022,BostonCC_06152022_2022-0770,decision-bearing,Motion,gemini_2_5_flash_lite,budget_06,run_05,0.8571428571428571,6.0,7,0.0
MTG25,25_AlamedaCC_12172019,AlamedaCC_12172019,AlamedaCC_12172019_2019-7533,decision-bearing,Resolution,deepseek_reasoning,budget_02,run_01,0.8571428571428571,6.0,7,0.0
MTG25,25_AlamedaCC_12172019,AlamedaCC_12172019,AlamedaCC_12172019_2019-7533,decision-bearing,Resolution,deepseek_reasoning,budget_02,run_02,0.9285714285714286,6.5,7,0.0
MTG25,25_AlamedaCC_12172019,AlamedaCC_12172019,AlamedaCC_12172019_2019-7533,decision-bearing,Resolution,deepseek_reasoning,budget_02,run_03,0.7142857142857143,5.0,7,0.0
MTG25,25_AlamedaCC_12172019,AlamedaCC_12172019,AlamedaCC_12172019_2019-7533,decision-bearing,Resolution,deepseek_reasoning,budget_02,run_04,0.5714285714285714,4.0,7,0.0
MTG25,25_AlamedaCC_12172019,AlamedaCC_12172019,AlamedaCC_12172019_2019-7533,decision-bearing,Resolution,deepseek_reasoning,budget_02,run_05,0.5714285714285714,4.0,7,0.0
MTG25,25_AlamedaCC_12172019,AlamedaCC_12172019,AlamedaCC_12172019_2019-7533,decision-bearing,Resolution,deepseek_reasoning,budget_03,run_01,0.7142857142857143,5.0,7,0.0
MTG25,25_AlamedaCC_12172019,AlamedaCC_12172019,AlamedaCC_12172019_2019-7533,decision-bearing,Resolution,deepseek_reasoning,budget_03,run_02,1.0,7.0,7,0.0
MTG25,25_AlamedaCC_12172019,AlamedaCC_12172019,AlamedaCC_12172019_2019-7533,decision-bearing,Resolution,deepseek_reasoning,budget_03,run_03,1.0,7.0,7,0.0
MTG25,25_AlamedaCC_12172019,AlamedaCC_12172019,AlamedaCC_12172019_2019-7533,decision-bearing,Resolution,deepseek_reasoning,budget_03,run_04,1.0,7.0,7,0.0
MTG25,25_AlamedaCC_12172019,AlamedaCC_12172019,AlamedaCC_12172019_2019-7533,decision-bearing,Resolution,deepseek_reasoning,budget_03,run_05,1.0,7.0,7,0.0
MTG25,25_AlamedaCC_12172019,AlamedaCC_12172019,AlamedaCC_12172019_2019-7533,decision-bearing,Resolution,deepseek_reasoning,budget_06,run_01,1.0,7.0,7,0.0
MTG25,25_AlamedaCC_12172019,AlamedaCC_12172019,AlamedaCC_12172019_2019-7533,decision-bearing,Resolution,deepseek_reasoning,budget_06,run_02,0.8571428571428571,6.0,7,0.16666666666666666
MTG25,25_AlamedaCC_12172019,AlamedaCC_12172019,AlamedaCC_12172019_2019-7533,decision-bearing,Resolution,deepseek_reasoning,budget_06,run_03,0.8571428571428571,6.0,7,0.0
MTG25,25_AlamedaCC_12172019,AlamedaCC_12172019,AlamedaCC_12172019_2019-7533,decision-bearing,Resolution,deepseek_reasoning,budget_06,run_04,1.0,7.0,7,0.0
MTG25,25_AlamedaCC_12172019,AlamedaCC_12172019,AlamedaCC_12172019_2019-7533,decision-bearing,Resolution,deepseek_reasoning,budget_06,run_05,1.0,7.0,7,0.0
MTG25,25_AlamedaCC_12172019,AlamedaCC_12172019,AlamedaCC_12172019_2019-7533,decision-bearing,Resolution,deepseek_temp1_chat,budget_02,run_01,0.8571428571428571,6.0,7,0.0
MTG25,25_AlamedaCC_12172019,AlamedaCC_12172019,AlamedaCC_12172019_2019-7533,decision-bearing,Resolution,deepseek_temp1_chat,budget_02,run_02,0.7857142857142857,5.5,7,0.0
MTG25,25_AlamedaCC_12172019,AlamedaCC_12172019,AlamedaCC_12172019_2019-7533,decision-bearing,Resolution,deepseek_temp1_chat,budget_02,run_03,1.0,7.0,7,0.0
MTG25,25_AlamedaCC_12172019,AlamedaCC_12172019,AlamedaCC_12172019_2019-7533,decision-bearing,Resolution,deepseek_temp1_chat,budget_02,run_04,0.42857142857142855,3.0,7,0.0
MTG25,25_AlamedaCC_12172019,AlamedaCC_12172019,AlamedaCC_12172019_2019-7533,decision-bearing,Resolution,deepseek_temp1_chat,budget_02,run_05,1.0,7.0,7,0.0
MTG25,25_AlamedaCC_12172019,AlamedaCC_12172019,AlamedaCC_12172019_2019-7533,decision-bearing,Resolution,deepseek_temp1_chat,budget_03,run_01,0.7142857142857143,5.0,7,0.0
MTG25,25_AlamedaCC_12172019,AlamedaCC_12172019,AlamedaCC_12172019_2019-7533,decision-bearing,Resolution,deepseek_temp1_chat,budget_03,run_02,0.42857142857142855,3.0,7,0.0
MTG25,25_AlamedaCC_12172019,AlamedaCC_12172019,AlamedaCC_12172019_2019-7533,decision-bearing,Resolution,deepseek_temp1_chat,budget_03,run_03,1.0,7.0,7,0.0
MTG25,25_AlamedaCC_12172019,AlamedaCC_12172019,AlamedaCC_12172019_2019-7533,decision-bearing,Resolution,deepseek_temp1_chat,budget_03,run_04,1.0,7.0,7,0.0
MTG25,25_AlamedaCC_12172019,AlamedaCC_12172019,AlamedaCC_12172019_2019-7533,decision-bearing,Resolution,deepseek_temp1_chat,budget_03,run_05,0.5714285714285714,4.0,7,0.0
MTG25,25_AlamedaCC_12172019,AlamedaCC_12172019,AlamedaCC_12172019_2019-7533,decision-bearing,Resolution,deepseek_temp1_chat,budget_06,run_01,1.0,7.0,7,0.0
MTG25,25_AlamedaCC_12172019,AlamedaCC_12172019,AlamedaCC_12172019_2019-7533,decision-bearing,Resolution,deepseek_temp1_chat,budget_06,run_02,1.0,7.0,7,0.0
MTG25,25_AlamedaCC_12172019,AlamedaCC_12172019,AlamedaCC_12172019_2019-7533,decision-bearing,Resolution,deepseek_temp1_chat,budget_06,run_03,1.0,7.0,7,0.0
MTG25,25_AlamedaCC_12172019,AlamedaCC_12172019,AlamedaCC_12172019_2019-7533,decision-bearing,Resolution,deepseek_temp1_chat,budget_06,run_04,0.8571428571428571,6.0,7,0.0
MTG25,25_AlamedaCC_12172019,AlamedaCC_12172019,AlamedaCC_12172019_2019-7533,decision-bearing,Resolution,deepseek_temp1_chat,budget_06,run_05,1.0,7.0,7,0.0
MTG25,25_AlamedaCC_12172019,AlamedaCC_12172019,AlamedaCC_12172019_2019-7533,decision-bearing,Resolution,gemini_2_5_flash_lite,budget_02,run_01,0.6428571428571429,4.5,7,0.0
MTG25,25_AlamedaCC_12172019,AlamedaCC_12172019,AlamedaCC_12172019_2019-7533,decision-bearing,Resolution,gemini_2_5_flash_lite,budget_02,run_02,0.5714285714285714,4.0,7,0.0
MTG25,25_AlamedaCC_12172019,AlamedaCC_12172019,AlamedaCC_12172019_2019-7533,decision-bearing,Resolution,gemini_2_5_flash_lite,budget_02,run_03,0.5714285714285714,4.0,7,0.0
MTG25,25_AlamedaCC_12172019,AlamedaCC_12172019,AlamedaCC_12172019_2019-7533,decision-bearing,Resolution,gemini_2_5_flash_lite,budget_02,run_04,0.8571428571428571,6.0,7,0.0
MTG25,25_AlamedaCC_12172019,AlamedaCC_12172019,AlamedaCC_12172019_2019-7533,decision-bearing,Resolution,gemini_2_5_flash_lite,budget_02,run_05,0.14285714285714285,1.0,7,0.0
MTG25,25_AlamedaCC_12172019,AlamedaCC_12172019,AlamedaCC_12172019_2019-7533,decision-bearing,Resolution,gemini_2_5_flash_lite,budget_03,run_01,0.5714285714285714,4.0,7,0.0
MTG25,25_AlamedaCC_12172019,AlamedaCC_12172019,AlamedaCC_12172019_2019-7533,decision-bearing,Resolution,gemini_2_5_flash_lite,budget_03,run_02,1.0,7.0,7,0.0
MTG25,25_AlamedaCC_12172019,AlamedaCC_12172019,AlamedaCC_12172019_2019-7533,decision-bearing,Resolution,gemini_2_5_flash_lite,budget_03,run_03,0.5714285714285714,4.0,7,0.0
MTG25,25_AlamedaCC_12172019,AlamedaCC_12172019,AlamedaCC_12172019_2019-7533,decision-bearing,Resolution,gemini_2_5_flash_lite,budget_03,run_04,0.42857142857142855,3.0,7,0.0
MTG25,25_AlamedaCC_12172019,AlamedaCC_12172019,AlamedaCC_12172019_2019-7533,decision-bearing,Resolution,gemini_2_5_flash_lite,budget_03,run_05,0.42857142857142855,3.0,7,0.0
MTG25,25_AlamedaCC_12172019,AlamedaCC_12172019,AlamedaCC_12172019_2019-7533,decision-bearing,Resolution,gemini_2_5_flash_lite,budget_06,run_01,0.7142857142857143,5.0,7,0.0
MTG25,25_AlamedaCC_12172019,AlamedaCC_12172019,AlamedaCC_12172019_2019-7533,decision-bearing,Resolution,gemini_2_5_flash_lite,budget_06,run_02,0.42857142857142855,3.0,7,0.0
MTG25,25_AlamedaCC_12172019,AlamedaCC_12172019,AlamedaCC_12172019_2019-7533,decision-bearing,Resolution,gemini_2_5_flash_lite,budget_06,run_03,0.8571428571428571,6.0,7,0.0
MTG25,25_AlamedaCC_12172019,AlamedaCC_12172019,AlamedaCC_12172019_2019-7533,decision-bearing,Resolution,gemini_2_5_flash_lite,budget_06,run_04,0.7142857142857143,5.0,7,0.0
MTG25,25_AlamedaCC_12172019,AlamedaCC_12172019,AlamedaCC_12172019_2019-7533,decision-bearing,Resolution,gemini_2_5_flash_lite,budget_06,run_05,0.8571428571428571,6.0,7,0.0
MTG26,26_SeattleCityCouncil_07252016,SeattleCityCouncil_07252016,SeattleCityCouncil_07252016_Res 31683,decision-bearing,Resolution,deepseek_reasoning,budget_02,run_01,0.6428571428571429,4.5,7,0.0
MTG26,26_SeattleCityCouncil_07252016,SeattleCityCouncil_07252016,SeattleCityCouncil_07252016_Res 31683,decision-bearing,Resolution,deepseek_reasoning,budget_02,run_02,0.7142857142857143,5.0,7,0.0
MTG26,26_SeattleCityCouncil_07252016,SeattleCityCouncil_07252016,SeattleCityCouncil_07252016_Res 31683,decision-bearing,Resolution,deepseek_reasoning,budget_02,run_03,0.6428571428571429,4.5,7,0.0
MTG26,26_SeattleCityCouncil_07252016,SeattleCityCouncil_07252016,SeattleCityCouncil_07252016_Res 31683,decision-bearing,Resolution,deepseek_reasoning,budget_02,run_04,0.6428571428571429,4.5,7,0.0
MTG26,26_SeattleCityCouncil_07252016,SeattleCityCouncil_07252016,SeattleCityCouncil_07252016_Res 31683,decision-bearing,Resolution,deepseek_reasoning,budget_02,run_05,0.6428571428571429,4.5,7,0.0
MTG26,26_SeattleCityCouncil_07252016,SeattleCityCouncil_07252016,SeattleCityCouncil_07252016_Res 31683,decision-bearing,Resolution,deepseek_reasoning,budget_03,run_01,0.6428571428571429,4.5,7,0.0
MTG26,26_SeattleCityCouncil_07252016,SeattleCityCouncil_07252016,SeattleCityCouncil_07252016_Res 31683,decision-bearing,Resolution,deepseek_reasoning,budget_03,run_02,0.7142857142857143,5.0,7,0.0
MTG26,26_SeattleCityCouncil_07252016,SeattleCityCouncil_07252016,SeattleCityCouncil_07252016_Res 31683,decision-bearing,Resolution,deepseek_reasoning,budget_03,run_03,1.0,7.0,7,0.0
MTG26,26_SeattleCityCouncil_07252016,SeattleCityCouncil_07252016,SeattleCityCouncil_07252016_Res 31683,decision-bearing,Resolution,deepseek_reasoning,budget_03,run_04,0.7142857142857143,5.0,7,0.0
MTG26,26_SeattleCityCouncil_07252016,SeattleCityCouncil_07252016,SeattleCityCouncil_07252016_Res 31683,decision-bearing,Resolution,deepseek_reasoning,budget_03,run_05,0.8571428571428571,6.0,7,0.0
MTG26,26_SeattleCityCouncil_07252016,SeattleCityCouncil_07252016,SeattleCityCouncil_07252016_Res 31683,decision-bearing,Resolution,deepseek_reasoning,budget_06,run_01,1.0,7.0,7,0.0
MTG26,26_SeattleCityCouncil_07252016,SeattleCityCouncil_07252016,SeattleCityCouncil_07252016_Res 31683,decision-bearing,Resolution,deepseek_reasoning,budget_06,run_02,0.7142857142857143,5.0,7,0.0
MTG26,26_SeattleCityCouncil_07252016,SeattleCityCouncil_07252016,SeattleCityCouncil_07252016_Res 31683,decision-bearing,Resolution,deepseek_reasoning,budget_06,run_03,1.0,7.0,7,0.0
MTG26,26_SeattleCityCouncil_07252016,SeattleCityCouncil_07252016,SeattleCityCouncil_07252016_Res 31683,decision-bearing,Resolution,deepseek_reasoning,budget_06,run_04,1.0,7.0,7,0.0
MTG26,26_SeattleCityCouncil_07252016,SeattleCityCouncil_07252016,SeattleCityCouncil_07252016_Res 31683,decision-bearing,Resolution,deepseek_reasoning,budget_06,run_05,1.0,7.0,7,0.0
MTG26,26_SeattleCityCouncil_07252016,SeattleCityCouncil_07252016,SeattleCityCouncil_07252016_Res 31683,decision-bearing,Resolution,deepseek_temp1_chat,budget_02,run_01,0.7857142857142857,5.5,7,0.0
MTG26,26_SeattleCityCouncil_07252016,SeattleCityCouncil_07252016,SeattleCityCouncil_07252016_Res 31683,decision-bearing,Resolution,deepseek_temp1_chat,budget_02,run_02,0.7857142857142857,5.5,7,0.0
MTG26,26_SeattleCityCouncil_07252016,SeattleCityCouncil_07252016,SeattleCityCouncil_07252016_Res 31683,decision-bearing,Resolution,deepseek_temp1_chat,budget_02,run_03,0.7142857142857143,5.0,7,0.0
MTG26,26_SeattleCityCouncil_07252016,SeattleCityCouncil_07252016,SeattleCityCouncil_07252016_Res 31683,decision-bearing,Resolution,deepseek_temp1_chat,budget_02,run_04,0.7142857142857143,5.0,7,0.0
MTG26,26_SeattleCityCouncil_07252016,SeattleCityCouncil_07252016,SeattleCityCouncil_07252016_Res 31683,decision-bearing,Resolution,deepseek_temp1_chat,budget_02,run_05,0.6428571428571429,4.5,7,0.0
MTG26,26_SeattleCityCouncil_07252016,SeattleCityCouncil_07252016,SeattleCityCouncil_07252016_Res 31683,decision-bearing,Resolution,deepseek_temp1_chat,budget_03,run_01,1.0,7.0,7,0.0
MTG26,26_SeattleCityCouncil_07252016,SeattleCityCouncil_07252016,SeattleCityCouncil_07252016_Res 31683,decision-bearing,Resolution,deepseek_temp1_chat,budget_03,run_02,0.9285714285714286,6.5,7,0.0
MTG26,26_SeattleCityCouncil_07252016,SeattleCityCouncil_07252016,SeattleCityCouncil_07252016_Res 31683,decision-bearing,Resolution,deepseek_temp1_chat,budget_03,run_03,0.7142857142857143,5.0,7,0.0
MTG26,26_SeattleCityCouncil_07252016,SeattleCityCouncil_07252016,SeattleCityCouncil_07252016_Res 31683,decision-bearing,Resolution,deepseek_temp1_chat,budget_03,run_04,0.6428571428571429,4.5,7,0.0
MTG26,26_SeattleCityCouncil_07252016,SeattleCityCouncil_07252016,SeattleCityCouncil_07252016_Res 31683,decision-bearing,Resolution,deepseek_temp1_chat,budget_03,run_05,1.0,7.0,7,0.0
MTG26,26_SeattleCityCouncil_07252016,SeattleCityCouncil_07252016,SeattleCityCouncil_07252016_Res 31683,decision-bearing,Resolution,deepseek_temp1_chat,budget_06,run_01,1.0,7.0,7,0.0
MTG26,26_SeattleCityCouncil_07252016,SeattleCityCouncil_07252016,SeattleCityCouncil_07252016_Res 31683,decision-bearing,Resolution,deepseek_temp1_chat,budget_06,run_02,1.0,7.0,7,0.0
MTG26,26_SeattleCityCouncil_07252016,SeattleCityCouncil_07252016,SeattleCityCouncil_07252016_Res 31683,decision-bearing,Resolution,deepseek_temp1_chat,budget_06,run_03,1.0,7.0,7,0.0
MTG26,26_SeattleCityCouncil_07252016,SeattleCityCouncil_07252016,SeattleCityCouncil_07252016_Res 31683,decision-bearing,Resolution,deepseek_temp1_chat,budget_06,run_04,0.7142857142857143,5.0,7,0.0
MTG26,26_SeattleCityCouncil_07252016,SeattleCityCouncil_07252016,SeattleCityCouncil_07252016_Res 31683,decision-bearing,Resolution,deepseek_temp1_chat,budget_06,run_05,1.0,7.0,7,0.0
MTG26,26_SeattleCityCouncil_07252016,SeattleCityCouncil_07252016,SeattleCityCouncil_07252016_Res 31683,decision-bearing,Resolution,gemini_2_5_flash_lite,budget_02,run_01,0.7142857142857143,5.0,7,0.0
MTG26,26_SeattleCityCouncil_07252016,SeattleCityCouncil_07252016,SeattleCityCouncil_07252016_Res 31683,decision-bearing,Resolution,gemini_2_5_flash_lite,budget_02,run_02,0.42857142857142855,3.0,7,0.0
MTG26,26_SeattleCityCouncil_07252016,SeattleCityCouncil_07252016,SeattleCityCouncil_07252016_Res 31683,decision-bearing,Resolution,gemini_2_5_flash_lite,budget_02,run_03,0.7857142857142857,5.5,7,0.0
MTG26,26_SeattleCityCouncil_07252016,SeattleCityCouncil_07252016,SeattleCityCouncil_07252016_Res 31683,decision-bearing,Resolution,gemini_2_5_flash_lite,budget_02,run_04,0.5,3.5,7,0.0
MTG26,26_SeattleCityCouncil_07252016,SeattleCityCouncil_07252016,SeattleCityCouncil_07252016_Res 31683,decision-bearing,Resolution,gemini_2_5_flash_lite,budget_02,run_05,0.42857142857142855,3.0,7,0.0
MTG26,26_SeattleCityCouncil_07252016,SeattleCityCouncil_07252016,SeattleCityCouncil_07252016_Res 31683,decision-bearing,Resolution,gemini_2_5_flash_lite,budget_03,run_01,0.7142857142857143,5.0,7,0.0
MTG26,26_SeattleCityCouncil_07252016,SeattleCityCouncil_07252016,SeattleCityCouncil_07252016_Res 31683,decision-bearing,Resolution,gemini_2_5_flash_lite,budget_03,run_02,0.7142857142857143,5.0,7,0.6
MTG26,26_SeattleCityCouncil_07252016,SeattleCityCouncil_07252016,SeattleCityCouncil_07252016_Res 31683,decision-bearing,Resolution,gemini_2_5_flash_lite,budget_03,run_03,0.5714285714285714,4.0,7,0.0
MTG26,26_SeattleCityCouncil_07252016,SeattleCityCouncil_07252016,SeattleCityCouncil_07252016_Res 31683,decision-bearing,Resolution,gemini_2_5_flash_lite,budget_03,run_04,0.5714285714285714,4.0,7,0.0
MTG26,26_SeattleCityCouncil_07252016,SeattleCityCouncil_07252016,SeattleCityCouncil_07252016_Res 31683,decision-bearing,Resolution,gemini_2_5_flash_lite,budget_03,run_05,0.42857142857142855,3.0,7,0.0
MTG26,26_SeattleCityCouncil_07252016,SeattleCityCouncil_07252016,SeattleCityCouncil_07252016_Res 31683,decision-bearing,Resolution,gemini_2_5_flash_lite,budget_06,run_01,0.42857142857142855,3.0,7,0.0
MTG26,26_SeattleCityCouncil_07252016,SeattleCityCouncil_07252016,SeattleCityCouncil_07252016_Res 31683,decision-bearing,Resolution,gemini_2_5_flash_lite,budget_06,run_02,0.7142857142857143,5.0,7,0.0
MTG26,26_SeattleCityCouncil_07252016,SeattleCityCouncil_07252016,SeattleCityCouncil_07252016_Res 31683,decision-bearing,Resolution,gemini_2_5_flash_lite,budget_06,run_03,0.8571428571428571,6.0,7,0.0
MTG26,26_SeattleCityCouncil_07252016,SeattleCityCouncil_07252016,SeattleCityCouncil_07252016_Res 31683,decision-bearing,Resolution,gemini_2_5_flash_lite,budget_06,run_04,0.7142857142857143,5.0,7,0.4
MTG26,26_SeattleCityCouncil_07252016,SeattleCityCouncil_07252016,SeattleCityCouncil_07252016_Res 31683,decision-bearing,Resolution,gemini_2_5_flash_lite,budget_06,run_05,0.7142857142857143,5.0,7,0.0
MTG27,27_BostonCC_04132022,BostonCC_04132022,BostonCC_04132022_2022-0265,decision-bearing,Motion,deepseek_reasoning,budget_02,run_01,0.8571428571428571,6.0,7,0.0
MTG27,27_BostonCC_04132022,BostonCC_04132022,BostonCC_04132022_2022-0265,decision-bearing,Motion,deepseek_reasoning,budget_02,run_02,0.8571428571428571,6.0,7,0.0
MTG27,27_BostonCC_04132022,BostonCC_04132022,BostonCC_04132022_2022-0265,decision-bearing,Motion,deepseek_reasoning,budget_02,run_03,0.8571428571428571,6.0,7,0.0
MTG27,27_BostonCC_04132022,BostonCC_04132022,BostonCC_04132022_2022-0265,decision-bearing,Motion,deepseek_reasoning,budget_02,run_04,0.7142857142857143,5.0,7,0.0
MTG27,27_BostonCC_04132022,BostonCC_04132022,BostonCC_04132022_2022-0265,decision-bearing,Motion,deepseek_reasoning,budget_02,run_05,0.8571428571428571,6.0,7,0.0
MTG27,27_BostonCC_04132022,BostonCC_04132022,BostonCC_04132022_2022-0265,decision-bearing,Motion,deepseek_reasoning,budget_03,run_01,0.7857142857142857,5.5,7,0.0
MTG27,27_BostonCC_04132022,BostonCC_04132022,BostonCC_04132022_2022-0265,decision-bearing,Motion,deepseek_reasoning,budget_03,run_02,0.7857142857142857,5.5,7,0.0
MTG27,27_BostonCC_04132022,BostonCC_04132022,BostonCC_04132022_2022-0265,decision-bearing,Motion,deepseek_reasoning,budget_03,run_03,0.9285714285714286,6.5,7,0.0
MTG27,27_BostonCC_04132022,BostonCC_04132022,BostonCC_04132022_2022-0265,decision-bearing,Motion,deepseek_reasoning,budget_03,run_04,0.8571428571428571,6.0,7,0.0
MTG27,27_BostonCC_04132022,BostonCC_04132022,BostonCC_04132022_2022-0265,decision-bearing,Motion,deepseek_reasoning,budget_03,run_05,0.9285714285714286,6.5,7,0.0
MTG27,27_BostonCC_04132022,BostonCC_04132022,BostonCC_04132022_2022-0265,decision-bearing,Motion,deepseek_reasoning,budget_06,run_01,0.9285714285714286,6.5,7,0.0
MTG27,27_BostonCC_04132022,BostonCC_04132022,BostonCC_04132022_2022-0265,decision-bearing,Motion,deepseek_reasoning,budget_06,run_02,0.8571428571428571,6.0,7,0.0
MTG27,27_BostonCC_04132022,BostonCC_04132022,BostonCC_04132022_2022-0265,decision-bearing,Motion,deepseek_reasoning,budget_06,run_03,1.0,7.0,7,0.0
MTG27,27_BostonCC_04132022,BostonCC_04132022,BostonCC_04132022_2022-0265,decision-bearing,Motion,deepseek_reasoning,budget_06,run_04,1.0,7.0,7,0.0
MTG27,27_BostonCC_04132022,BostonCC_04132022,BostonCC_04132022_2022-0265,decision-bearing,Motion,deepseek_reasoning,budget_06,run_05,1.0,7.0,7,0.0
MTG27,27_BostonCC_04132022,BostonCC_04132022,BostonCC_04132022_2022-0265,decision-bearing,Motion,deepseek_temp1_chat,budget_02,run_01,0.5714285714285714,4.0,7,0.0
MTG27,27_BostonCC_04132022,BostonCC_04132022,BostonCC_04132022_2022-0265,decision-bearing,Motion,deepseek_temp1_chat,budget_02,run_02,0.8571428571428571,6.0,7,0.0
MTG27,27_BostonCC_04132022,BostonCC_04132022,BostonCC_04132022_2022-0265,decision-bearing,Motion,deepseek_temp1_chat,budget_02,run_03,0.8571428571428571,6.0,7,0.0
MTG27,27_BostonCC_04132022,BostonCC_04132022,BostonCC_04132022_2022-0265,decision-bearing,Motion,deepseek_temp1_chat,budget_02,run_04,0.7142857142857143,5.0,7,0.0
MTG27,27_BostonCC_04132022,BostonCC_04132022,BostonCC_04132022_2022-0265,decision-bearing,Motion,deepseek_temp1_chat,budget_02,run_05,0.7857142857142857,5.5,7,0.0
MTG27,27_BostonCC_04132022,BostonCC_04132022,BostonCC_04132022_2022-0265,decision-bearing,Motion,deepseek_temp1_chat,budget_03,run_01,0.7857142857142857,5.5,7,0.0
MTG27,27_BostonCC_04132022,BostonCC_04132022,BostonCC_04132022_2022-0265,decision-bearing,Motion,deepseek_temp1_chat,budget_03,run_02,0.8571428571428571,6.0,7,0.0
MTG27,27_BostonCC_04132022,BostonCC_04132022,BostonCC_04132022_2022-0265,decision-bearing,Motion,deepseek_temp1_chat,budget_03,run_03,0.6428571428571429,4.5,7,0.2
MTG27,27_BostonCC_04132022,BostonCC_04132022,BostonCC_04132022_2022-0265,decision-bearing,Motion,deepseek_temp1_chat,budget_03,run_04,0.8571428571428571,6.0,7,0.0
MTG27,27_BostonCC_04132022,BostonCC_04132022,BostonCC_04132022_2022-0265,decision-bearing,Motion,deepseek_temp1_chat,budget_03,run_05,0.8571428571428571,6.0,7,0.0
MTG27,27_BostonCC_04132022,BostonCC_04132022,BostonCC_04132022_2022-0265,decision-bearing,Motion,deepseek_temp1_chat,budget_06,run_01,0.9285714285714286,6.5,7,0.0
MTG27,27_BostonCC_04132022,BostonCC_04132022,BostonCC_04132022_2022-0265,decision-bearing,Motion,deepseek_temp1_chat,budget_06,run_02,0.9285714285714286,6.5,7,0.0
MTG27,27_BostonCC_04132022,BostonCC_04132022,BostonCC_04132022_2022-0265,decision-bearing,Motion,deepseek_temp1_chat,budget_06,run_03,1.0,7.0,7,0.0
MTG27,27_BostonCC_04132022,BostonCC_04132022,BostonCC_04132022_2022-0265,decision-bearing,Motion,deepseek_temp1_chat,budget_06,run_04,0.7857142857142857,5.5,7,0.0
MTG27,27_BostonCC_04132022,BostonCC_04132022,BostonCC_04132022_2022-0265,decision-bearing,Motion,deepseek_temp1_chat,budget_06,run_05,1.0,7.0,7,0.0
MTG27,27_BostonCC_04132022,BostonCC_04132022,BostonCC_04132022_2022-0265,decision-bearing,Motion,gemini_2_5_flash_lite,budget_02,run_01,0.5714285714285714,4.0,7,0.0
MTG27,27_BostonCC_04132022,BostonCC_04132022,BostonCC_04132022_2022-0265,decision-bearing,Motion,gemini_2_5_flash_lite,budget_02,run_02,0.5714285714285714,4.0,7,0.0
MTG27,27_BostonCC_04132022,BostonCC_04132022,BostonCC_04132022_2022-0265,decision-bearing,Motion,gemini_2_5_flash_lite,budget_02,run_03,0.42857142857142855,3.0,7,0.0
MTG27,27_BostonCC_04132022,BostonCC_04132022,BostonCC_04132022_2022-0265,decision-bearing,Motion,gemini_2_5_flash_lite,budget_02,run_04,0.6428571428571429,4.5,7,0.0
MTG27,27_BostonCC_04132022,BostonCC_04132022,BostonCC_04132022_2022-0265,decision-bearing,Motion,gemini_2_5_flash_lite,budget_02,run_05,0.7142857142857143,5.0,7,0.0
MTG27,27_BostonCC_04132022,BostonCC_04132022,BostonCC_04132022_2022-0265,decision-bearing,Motion,gemini_2_5_flash_lite,budget_03,run_01,0.5,3.5,7,0.0
MTG27,27_BostonCC_04132022,BostonCC_04132022,BostonCC_04132022_2022-0265,decision-bearing,Motion,gemini_2_5_flash_lite,budget_03,run_02,0.6428571428571429,4.5,7,0.0
MTG27,27_BostonCC_04132022,BostonCC_04132022,BostonCC_04132022_2022-0265,decision-bearing,Motion,gemini_2_5_flash_lite,budget_03,run_03,0.42857142857142855,3.0,7,0.0
MTG27,27_BostonCC_04132022,BostonCC_04132022,BostonCC_04132022_2022-0265,decision-bearing,Motion,gemini_2_5_flash_lite,budget_03,run_04,0.6428571428571429,4.5,7,0.0
MTG27,27_BostonCC_04132022,BostonCC_04132022,BostonCC_04132022_2022-0265,decision-bearing,Motion,gemini_2_5_flash_lite,budget_03,run_05,0.42857142857142855,3.0,7,0.0
MTG27,27_BostonCC_04132022,BostonCC_04132022,BostonCC_04132022_2022-0265,decision-bearing,Motion,gemini_2_5_flash_lite,budget_06,run_01,0.7142857142857143,5.0,7,0.0
MTG27,27_BostonCC_04132022,BostonCC_04132022,BostonCC_04132022_2022-0265,decision-bearing,Motion,gemini_2_5_flash_lite,budget_06,run_02,0.6428571428571429,4.5,7,0.0
MTG27,27_BostonCC_04132022,BostonCC_04132022,BostonCC_04132022_2022-0265,decision-bearing,Motion,gemini_2_5_flash_lite,budget_06,run_03,0.7142857142857143,5.0,7,0.0
MTG27,27_BostonCC_04132022,BostonCC_04132022,BostonCC_04132022_2022-0265,decision-bearing,Motion,gemini_2_5_flash_lite,budget_06,run_04,0.8571428571428571,6.0,7,0.6666666666666666
MTG27,27_BostonCC_04132022,BostonCC_04132022,BostonCC_04132022_2022-0265,decision-bearing,Motion,gemini_2_5_flash_lite,budget_06,run_05,0.8571428571428571,6.0,7,0.16666666666666666
MTG28,28_BostonCC_06292022,BostonCC_06292022,BostonCC_06292022_2022-0763,decision-bearing,Motion,deepseek_reasoning,budget_02,run_01,0.42857142857142855,3.0,7,0.0
MTG28,28_BostonCC_06292022,BostonCC_06292022,BostonCC_06292022_2022-0763,decision-bearing,Motion,deepseek_reasoning,budget_02,run_02,0.5,3.5,7,0.0
MTG28,28_BostonCC_06292022,BostonCC_06292022,BostonCC_06292022_2022-0763,decision-bearing,Motion,deepseek_reasoning,budget_02,run_03,0.5714285714285714,4.0,7,0.0
MTG28,28_BostonCC_06292022,BostonCC_06292022,BostonCC_06292022_2022-0763,decision-bearing,Motion,deepseek_reasoning,budget_02,run_04,0.42857142857142855,3.0,7,0.6666666666666666
MTG28,28_BostonCC_06292022,BostonCC_06292022,BostonCC_06292022_2022-0763,decision-bearing,Motion,deepseek_reasoning,budget_02,run_05,0.5714285714285714,4.0,7,0.0
MTG28,28_BostonCC_06292022,BostonCC_06292022,BostonCC_06292022_2022-0763,decision-bearing,Motion,deepseek_reasoning,budget_03,run_01,0.42857142857142855,3.0,7,0.0
MTG28,28_BostonCC_06292022,BostonCC_06292022,BostonCC_06292022_2022-0763,decision-bearing,Motion,deepseek_reasoning,budget_03,run_02,0.7857142857142857,5.5,7,0.16666666666666666
MTG28,28_BostonCC_06292022,BostonCC_06292022,BostonCC_06292022_2022-0763,decision-bearing,Motion,deepseek_reasoning,budget_03,run_03,0.42857142857142855,3.0,7,0.0
MTG28,28_BostonCC_06292022,BostonCC_06292022,BostonCC_06292022_2022-0763,decision-bearing,Motion,deepseek_reasoning,budget_03,run_04,0.42857142857142855,3.0,7,0.3333333333333333
MTG28,28_BostonCC_06292022,BostonCC_06292022,BostonCC_06292022_2022-0763,decision-bearing,Motion,deepseek_reasoning,budget_03,run_05,0.42857142857142855,3.0,7,0.0
MTG28,28_BostonCC_06292022,BostonCC_06292022,BostonCC_06292022_2022-0763,decision-bearing,Motion,deepseek_reasoning,budget_06,run_01,0.6428571428571429,4.5,7,0.0
MTG28,28_BostonCC_06292022,BostonCC_06292022,BostonCC_06292022_2022-0763,decision-bearing,Motion,deepseek_reasoning,budget_06,run_02,0.8571428571428571,6.0,7,0.16666666666666666
MTG28,28_BostonCC_06292022,BostonCC_06292022,BostonCC_06292022_2022-0763,decision-bearing,Motion,deepseek_reasoning,budget_06,run_03,0.5714285714285714,4.0,7,0.25
MTG28,28_BostonCC_06292022,BostonCC_06292022,BostonCC_06292022_2022-0763,decision-bearing,Motion,deepseek_reasoning,budget_06,run_04,0.8571428571428571,6.0,7,0.16666666666666666
MTG28,28_BostonCC_06292022,BostonCC_06292022,BostonCC_06292022_2022-0763,decision-bearing,Motion,deepseek_reasoning,budget_06,run_05,0.7142857142857143,5.0,7,0.0
MTG28,28_BostonCC_06292022,BostonCC_06292022,BostonCC_06292022_2022-0763,decision-bearing,Motion,deepseek_temp1_chat,budget_02,run_01,0.5714285714285714,4.0,7,0.5
MTG28,28_BostonCC_06292022,BostonCC_06292022,BostonCC_06292022_2022-0763,decision-bearing,Motion,deepseek_temp1_chat,budget_02,run_02,0.9285714285714286,6.5,7,0.0
MTG28,28_BostonCC_06292022,BostonCC_06292022,BostonCC_06292022_2022-0763,decision-bearing,Motion,deepseek_temp1_chat,budget_02,run_03,0.5714285714285714,4.0,7,0.75
MTG28,28_BostonCC_06292022,BostonCC_06292022,BostonCC_06292022_2022-0763,decision-bearing,Motion,deepseek_temp1_chat,budget_02,run_04,0.6428571428571429,4.5,7,0.6
MTG28,28_BostonCC_06292022,BostonCC_06292022,BostonCC_06292022_2022-0763,decision-bearing,Motion,deepseek_temp1_chat,budget_02,run_05,0.6428571428571429,4.5,7,0.0
MTG28,28_BostonCC_06292022,BostonCC_06292022,BostonCC_06292022_2022-0763,decision-bearing,Motion,deepseek_temp1_chat,budget_03,run_01,0.5714285714285714,4.0,7,0.25
MTG28,28_BostonCC_06292022,BostonCC_06292022,BostonCC_06292022_2022-0763,decision-bearing,Motion,deepseek_temp1_chat,budget_03,run_02,0.7142857142857143,5.0,7,0.4
MTG28,28_BostonCC_06292022,BostonCC_06292022,BostonCC_06292022_2022-0763,decision-bearing,Motion,deepseek_temp1_chat,budget_03,run_03,1.0,7.0,7,0.5714285714285714
MTG28,28_BostonCC_06292022,BostonCC_06292022,BostonCC_06292022_2022-0763,decision-bearing,Motion,deepseek_temp1_chat,budget_03,run_04,0.7142857142857143,5.0,7,0.4
MTG28,28_BostonCC_06292022,BostonCC_06292022,BostonCC_06292022_2022-0763,decision-bearing,Motion,deepseek_temp1_chat,budget_03,run_05,0.8571428571428571,6.0,7,0.0
MTG28,28_BostonCC_06292022,BostonCC_06292022,BostonCC_06292022_2022-0763,decision-bearing,Motion,deepseek_temp1_chat,budget_06,run_01,1.0,7.0,7,0.0
MTG28,28_BostonCC_06292022,BostonCC_06292022,BostonCC_06292022_2022-0763,decision-bearing,Motion,deepseek_temp1_chat,budget_06,run_02,0.9285714285714286,6.5,7,0.5714285714285714
MTG28,28_BostonCC_06292022,BostonCC_06292022,BostonCC_06292022_2022-0763,decision-bearing,Motion,deepseek_temp1_chat,budget_06,run_03,0.8571428571428571,6.0,7,0.3333333333333333
MTG28,28_BostonCC_06292022,BostonCC_06292022,BostonCC_06292022_2022-0763,decision-bearing,Motion,deepseek_temp1_chat,budget_06,run_04,0.5714285714285714,4.0,7,0.75
MTG28,28_BostonCC_06292022,BostonCC_06292022,BostonCC_06292022_2022-0763,decision-bearing,Motion,deepseek_temp1_chat,budget_06,run_05,0.8571428571428571,6.0,7,0.0
MTG28,28_BostonCC_06292022,BostonCC_06292022,BostonCC_06292022_2022-0763,decision-bearing,Motion,gemini_2_5_flash_lite,budget_02,run_01,0.35714285714285715,2.5,7,0.0
MTG28,28_BostonCC_06292022,BostonCC_06292022,BostonCC_06292022_2022-0763,decision-bearing,Motion,gemini_2_5_flash_lite,budget_02,run_02,0.2857142857142857,2.0,7,0.0
MTG28,28_BostonCC_06292022,BostonCC_06292022,BostonCC_06292022_2022-0763,decision-bearing,Motion,gemini_2_5_flash_lite,budget_02,run_03,0.35714285714285715,2.5,7,0.0
MTG28,28_BostonCC_06292022,BostonCC_06292022,BostonCC_06292022_2022-0763,decision-bearing,Motion,gemini_2_5_flash_lite,budget_02,run_04,0.21428571428571427,1.5,7,1.0
MTG28,28_BostonCC_06292022,BostonCC_06292022,BostonCC_06292022_2022-0763,decision-bearing,Motion,gemini_2_5_flash_lite,budget_02,run_05,0.14285714285714285,1.0,7,1.0
MTG28,28_BostonCC_06292022,BostonCC_06292022,BostonCC_06292022_2022-0763,decision-bearing,Motion,gemini_2_5_flash_lite,budget_03,run_01,0.21428571428571427,1.5,7,0.5
MTG28,28_BostonCC_06292022,BostonCC_06292022,BostonCC_06292022_2022-0763,decision-bearing,Motion,gemini_2_5_flash_lite,budget_03,run_02,0.21428571428571427,1.5,7,0.0
MTG28,28_BostonCC_06292022,BostonCC_06292022,BostonCC_06292022_2022-0763,decision-bearing,Motion,gemini_2_5_flash_lite,budget_03,run_03,0.2857142857142857,2.0,7,0.0
MTG28,28_BostonCC_06292022,BostonCC_06292022,BostonCC_06292022_2022-0763,decision-bearing,Motion,gemini_2_5_flash_lite,budget_03,run_04,0.7142857142857143,5.0,7,0.0
MTG28,28_BostonCC_06292022,BostonCC_06292022,BostonCC_06292022_2022-0763,decision-bearing,Motion,gemini_2_5_flash_lite,budget_03,run_05,0.42857142857142855,3.0,7,0.3333333333333333
MTG28,28_BostonCC_06292022,BostonCC_06292022,BostonCC_06292022_2022-0763,decision-bearing,Motion,gemini_2_5_flash_lite,budget_06,run_01,0.5,3.5,7,0.75
MTG28,28_BostonCC_06292022,BostonCC_06292022,BostonCC_06292022_2022-0763,decision-bearing,Motion,gemini_2_5_flash_lite,budget_06,run_02,0.7142857142857143,5.0,7,0.0
MTG28,28_BostonCC_06292022,BostonCC_06292022,BostonCC_06292022_2022-0763,decision-bearing,Motion,gemini_2_5_flash_lite,budget_06,run_03,0.5714285714285714,4.0,7,0.0
MTG28,28_BostonCC_06292022,BostonCC_06292022,BostonCC_06292022_2022-0763,decision-bearing,Motion,gemini_2_5_flash_lite,budget_06,run_04,0.6428571428571429,4.5,7,0.3333333333333333
MTG28,28_BostonCC_06292022,BostonCC_06292022,BostonCC_06292022_2022-0763,decision-bearing,Motion,gemini_2_5_flash_lite,budget_06,run_05,0.5714285714285714,4.0,7,0.5
MTG29,29_BostonCC_05182022,BostonCC_05182022,BostonCC_05182022_2022-0643,decision-bearing,Motion,deepseek_reasoning,budget_02,run_01,1.0,7.0,7,0.0
MTG29,29_BostonCC_05182022,BostonCC_05182022,BostonCC_05182022_2022-0643,decision-bearing,Motion,deepseek_reasoning,budget_02,run_02,0.7857142857142857,5.5,7,0.0
MTG29,29_BostonCC_05182022,BostonCC_05182022,BostonCC_05182022_2022-0643,decision-bearing,Motion,deepseek_reasoning,budget_02,run_03,0.5714285714285714,4.0,7,0.0
MTG29,29_BostonCC_05182022,BostonCC_05182022,BostonCC_05182022_2022-0643,decision-bearing,Motion,deepseek_reasoning,budget_02,run_04,0.9285714285714286,6.5,7,0.0
MTG29,29_BostonCC_05182022,BostonCC_05182022,BostonCC_05182022_2022-0643,decision-bearing,Motion,deepseek_reasoning,budget_02,run_05,0.8571428571428571,6.0,7,0.0
MTG29,29_BostonCC_05182022,BostonCC_05182022,BostonCC_05182022_2022-0643,decision-bearing,Motion,deepseek_reasoning,budget_03,run_01,0.9285714285714286,6.5,7,0.0
MTG29,29_BostonCC_05182022,BostonCC_05182022,BostonCC_05182022_2022-0643,decision-bearing,Motion,deepseek_reasoning,budget_03,run_02,1.0,7.0,7,0.0
MTG29,29_BostonCC_05182022,BostonCC_05182022,BostonCC_05182022_2022-0643,decision-bearing,Motion,deepseek_reasoning,budget_03,run_03,0.8571428571428571,6.0,7,0.0
MTG29,29_BostonCC_05182022,BostonCC_05182022,BostonCC_05182022_2022-0643,decision-bearing,Motion,deepseek_reasoning,budget_03,run_04,1.0,7.0,7,0.0
MTG29,29_BostonCC_05182022,BostonCC_05182022,BostonCC_05182022_2022-0643,decision-bearing,Motion,deepseek_reasoning,budget_03,run_05,0.8571428571428571,6.0,7,0.0
MTG29,29_BostonCC_05182022,BostonCC_05182022,BostonCC_05182022_2022-0643,decision-bearing,Motion,deepseek_reasoning,budget_06,run_01,0.9285714285714286,6.5,7,0.14285714285714285
MTG29,29_BostonCC_05182022,BostonCC_05182022,BostonCC_05182022_2022-0643,decision-bearing,Motion,deepseek_reasoning,budget_06,run_02,1.0,7.0,7,0.2857142857142857
MTG29,29_BostonCC_05182022,BostonCC_05182022,BostonCC_05182022_2022-0643,decision-bearing,Motion,deepseek_reasoning,budget_06,run_03,1.0,7.0,7,0.0
MTG29,29_BostonCC_05182022,BostonCC_05182022,BostonCC_05182022_2022-0643,decision-bearing,Motion,deepseek_reasoning,budget_06,run_04,0.8571428571428571,6.0,7,0.0
MTG29,29_BostonCC_05182022,BostonCC_05182022,BostonCC_05182022_2022-0643,decision-bearing,Motion,deepseek_reasoning,budget_06,run_05,0.8571428571428571,6.0,7,0.0
MTG29,29_BostonCC_05182022,BostonCC_05182022,BostonCC_05182022_2022-0643,decision-bearing,Motion,deepseek_temp1_chat,budget_02,run_01,0.8571428571428571,6.0,7,0.0
MTG29,29_BostonCC_05182022,BostonCC_05182022,BostonCC_05182022_2022-0643,decision-bearing,Motion,deepseek_temp1_chat,budget_02,run_02,0.8571428571428571,6.0,7,0.0
MTG29,29_BostonCC_05182022,BostonCC_05182022,BostonCC_05182022_2022-0643,decision-bearing,Motion,deepseek_temp1_chat,budget_02,run_03,0.6428571428571429,4.5,7,0.25
MTG29,29_BostonCC_05182022,BostonCC_05182022,BostonCC_05182022_2022-0643,decision-bearing,Motion,deepseek_temp1_chat,budget_02,run_04,0.8571428571428571,6.0,7,0.0
MTG29,29_BostonCC_05182022,BostonCC_05182022,BostonCC_05182022_2022-0643,decision-bearing,Motion,deepseek_temp1_chat,budget_02,run_05,0.8571428571428571,6.0,7,0.0
MTG29,29_BostonCC_05182022,BostonCC_05182022,BostonCC_05182022_2022-0643,decision-bearing,Motion,deepseek_temp1_chat,budget_03,run_01,0.8571428571428571,6.0,7,0.0
MTG29,29_BostonCC_05182022,BostonCC_05182022,BostonCC_05182022_2022-0643,decision-bearing,Motion,deepseek_temp1_chat,budget_03,run_02,1.0,7.0,7,0.0
MTG29,29_BostonCC_05182022,BostonCC_05182022,BostonCC_05182022_2022-0643,decision-bearing,Motion,deepseek_temp1_chat,budget_03,run_03,0.8571428571428571,6.0,7,0.0
MTG29,29_BostonCC_05182022,BostonCC_05182022,BostonCC_05182022_2022-0643,decision-bearing,Motion,deepseek_temp1_chat,budget_03,run_04,0.8571428571428571,6.0,7,0.0
MTG29,29_BostonCC_05182022,BostonCC_05182022,BostonCC_05182022_2022-0643,decision-bearing,Motion,deepseek_temp1_chat,budget_03,run_05,0.8571428571428571,6.0,7,0.0
MTG29,29_BostonCC_05182022,BostonCC_05182022,BostonCC_05182022_2022-0643,decision-bearing,Motion,deepseek_temp1_chat,budget_06,run_01,0.8571428571428571,6.0,7,0.0
MTG29,29_BostonCC_05182022,BostonCC_05182022,BostonCC_05182022_2022-0643,decision-bearing,Motion,deepseek_temp1_chat,budget_06,run_02,0.8571428571428571,6.0,7,0.0
MTG29,29_BostonCC_05182022,BostonCC_05182022,BostonCC_05182022_2022-0643,decision-bearing,Motion,deepseek_temp1_chat,budget_06,run_03,0.8571428571428571,6.0,7,0.0
MTG29,29_BostonCC_05182022,BostonCC_05182022,BostonCC_05182022_2022-0643,decision-bearing,Motion,deepseek_temp1_chat,budget_06,run_04,0.8571428571428571,6.0,7,0.16666666666666666
MTG29,29_BostonCC_05182022,BostonCC_05182022,BostonCC_05182022_2022-0643,decision-bearing,Motion,deepseek_temp1_chat,budget_06,run_05,1.0,7.0,7,0.0
MTG29,29_BostonCC_05182022,BostonCC_05182022,BostonCC_05182022_2022-0643,decision-bearing,Motion,gemini_2_5_flash_lite,budget_02,run_01,0.8571428571428571,6.0,7,0.5
MTG29,29_BostonCC_05182022,BostonCC_05182022,BostonCC_05182022_2022-0643,decision-bearing,Motion,gemini_2_5_flash_lite,budget_02,run_02,0.8571428571428571,6.0,7,0.0
MTG29,29_BostonCC_05182022,BostonCC_05182022,BostonCC_05182022_2022-0643,decision-bearing,Motion,gemini_2_5_flash_lite,budget_02,run_03,0.7142857142857143,5.0,7,0.6666666666666666
MTG29,29_BostonCC_05182022,BostonCC_05182022,BostonCC_05182022_2022-0643,decision-bearing,Motion,gemini_2_5_flash_lite,budget_02,run_04,0.8571428571428571,6.0,7,0.0
MTG29,29_BostonCC_05182022,BostonCC_05182022,BostonCC_05182022_2022-0643,decision-bearing,Motion,gemini_2_5_flash_lite,budget_02,run_05,0.7142857142857143,5.0,7,0.0
MTG29,29_BostonCC_05182022,BostonCC_05182022,BostonCC_05182022_2022-0643,decision-bearing,Motion,gemini_2_5_flash_lite,budget_03,run_01,0.6428571428571429,4.5,7,0.0
MTG29,29_BostonCC_05182022,BostonCC_05182022,BostonCC_05182022_2022-0643,decision-bearing,Motion,gemini_2_5_flash_lite,budget_03,run_02,0.7142857142857143,5.0,7,0.2
MTG29,29_BostonCC_05182022,BostonCC_05182022,BostonCC_05182022_2022-0643,decision-bearing,Motion,gemini_2_5_flash_lite,budget_03,run_03,0.8571428571428571,6.0,7,0.0
MTG29,29_BostonCC_05182022,BostonCC_05182022,BostonCC_05182022_2022-0643,decision-bearing,Motion,gemini_2_5_flash_lite,budget_03,run_04,0.8571428571428571,6.0,7,0.0
MTG29,29_BostonCC_05182022,BostonCC_05182022,BostonCC_05182022_2022-0643,decision-bearing,Motion,gemini_2_5_flash_lite,budget_03,run_05,0.8571428571428571,6.0,7,0.0
MTG29,29_BostonCC_05182022,BostonCC_05182022,BostonCC_05182022_2022-0643,decision-bearing,Motion,gemini_2_5_flash_lite,budget_06,run_01,0.9285714285714286,6.5,7,0.0
MTG29,29_BostonCC_05182022,BostonCC_05182022,BostonCC_05182022_2022-0643,decision-bearing,Motion,gemini_2_5_flash_lite,budget_06,run_02,0.7857142857142857,5.5,7,0.0
MTG29,29_BostonCC_05182022,BostonCC_05182022,BostonCC_05182022_2022-0643,decision-bearing,Motion,gemini_2_5_flash_lite,budget_06,run_03,0.8571428571428571,6.0,7,0.16666666666666666
MTG29,29_BostonCC_05182022,BostonCC_05182022,BostonCC_05182022_2022-0643,decision-bearing,Motion,gemini_2_5_flash_lite,budget_06,run_04,0.8571428571428571,6.0,7,0.0
MTG29,29_BostonCC_05182022,BostonCC_05182022,BostonCC_05182022_2022-0643,decision-bearing,Motion,gemini_2_5_flash_lite,budget_06,run_05,0.7857142857142857,5.5,7,0.0
MTG3,03_DenverCityCouncil_03142022,DenverCityCouncil_03142022,DenverCityCouncil_03142022_22-0125,decision-bearing,Ordinance,deepseek_reasoning,budget_02,run_01,0.5714285714285714,4.0,7,0.0
MTG3,03_DenverCityCouncil_03142022,DenverCityCouncil_03142022,DenverCityCouncil_03142022_22-0125,decision-bearing,Ordinance,deepseek_reasoning,budget_02,run_02,0.7142857142857143,5.0,7,0.2
MTG3,03_DenverCityCouncil_03142022,DenverCityCouncil_03142022,DenverCityCouncil_03142022_22-0125,decision-bearing,Ordinance,deepseek_reasoning,budget_02,run_03,0.7857142857142857,5.5,7,0.0
MTG3,03_DenverCityCouncil_03142022,DenverCityCouncil_03142022,DenverCityCouncil_03142022_22-0125,decision-bearing,Ordinance,deepseek_reasoning,budget_02,run_04,0.7142857142857143,5.0,7,0.0
MTG3,03_DenverCityCouncil_03142022,DenverCityCouncil_03142022,DenverCityCouncil_03142022_22-0125,decision-bearing,Ordinance,deepseek_reasoning,budget_02,run_05,0.6428571428571429,4.5,7,0.0
MTG3,03_DenverCityCouncil_03142022,DenverCityCouncil_03142022,DenverCityCouncil_03142022_22-0125,decision-bearing,Ordinance,deepseek_reasoning,budget_03,run_01,0.7142857142857143,5.0,7,0.0
MTG3,03_DenverCityCouncil_03142022,DenverCityCouncil_03142022,DenverCityCouncil_03142022_22-0125,decision-bearing,Ordinance,deepseek_reasoning,budget_03,run_02,0.7857142857142857,5.5,7,0.0
MTG3,03_DenverCityCouncil_03142022,DenverCityCouncil_03142022,DenverCityCouncil_03142022_22-0125,decision-bearing,Ordinance,deepseek_reasoning,budget_03,run_03,0.35714285714285715,2.5,7,0.0
MTG3,03_DenverCityCouncil_03142022,DenverCityCouncil_03142022,DenverCityCouncil_03142022_22-0125,decision-bearing,Ordinance,deepseek_reasoning,budget_03,run_04,0.7857142857142857,5.5,7,0.0
MTG3,03_DenverCityCouncil_03142022,DenverCityCouncil_03142022,DenverCityCouncil_03142022_22-0125,decision-bearing,Ordinance,deepseek_reasoning,budget_03,run_05,0.7857142857142857,5.5,7,0.0
MTG3,03_DenverCityCouncil_03142022,DenverCityCouncil_03142022,DenverCityCouncil_03142022_22-0125,decision-bearing,Ordinance,deepseek_reasoning,budget_06,run_01,0.8571428571428571,6.0,7,0.0
MTG3,03_DenverCityCouncil_03142022,DenverCityCouncil_03142022,DenverCityCouncil_03142022_22-0125,decision-bearing,Ordinance,deepseek_reasoning,budget_06,run_02,1.0,7.0,7,0.0
MTG3,03_DenverCityCouncil_03142022,DenverCityCouncil_03142022,DenverCityCouncil_03142022_22-0125,decision-bearing,Ordinance,deepseek_reasoning,budget_06,run_03,0.8571428571428571,6.0,7,0.0
MTG3,03_DenverCityCouncil_03142022,DenverCityCouncil_03142022,DenverCityCouncil_03142022_22-0125,decision-bearing,Ordinance,deepseek_reasoning,budget_06,run_04,0.8571428571428571,6.0,7,0.0
MTG3,03_DenverCityCouncil_03142022,DenverCityCouncil_03142022,DenverCityCouncil_03142022_22-0125,decision-bearing,Ordinance,deepseek_reasoning,budget_06,run_05,1.0,7.0,7,0.0
MTG3,03_DenverCityCouncil_03142022,DenverCityCouncil_03142022,DenverCityCouncil_03142022_22-0125,decision-bearing,Ordinance,deepseek_temp1_chat,budget_02,run_01,0.42857142857142855,3.0,7,0.0
MTG3,03_DenverCityCouncil_03142022,DenverCityCouncil_03142022,DenverCityCouncil_03142022_22-0125,decision-bearing,Ordinance,deepseek_temp1_chat,budget_02,run_02,0.7142857142857143,5.0,7,0.0
MTG3,03_DenverCityCouncil_03142022,DenverCityCouncil_03142022,DenverCityCouncil_03142022_22-0125,decision-bearing,Ordinance,deepseek_temp1_chat,budget_02,run_03,0.5714285714285714,4.0,7,0.0
MTG3,03_DenverCityCouncil_03142022,DenverCityCouncil_03142022,DenverCityCouncil_03142022_22-0125,decision-bearing,Ordinance,deepseek_temp1_chat,budget_02,run_04,0.7142857142857143,5.0,7,0.0
MTG3,03_DenverCityCouncil_03142022,DenverCityCouncil_03142022,DenverCityCouncil_03142022_22-0125,decision-bearing,Ordinance,deepseek_temp1_chat,budget_02,run_05,0.7142857142857143,5.0,7,0.0
MTG3,03_DenverCityCouncil_03142022,DenverCityCouncil_03142022,DenverCityCouncil_03142022_22-0125,decision-bearing,Ordinance,deepseek_temp1_chat,budget_03,run_01,0.7142857142857143,5.0,7,0.0
MTG3,03_DenverCityCouncil_03142022,DenverCityCouncil_03142022,DenverCityCouncil_03142022_22-0125,decision-bearing,Ordinance,deepseek_temp1_chat,budget_03,run_02,0.7142857142857143,5.0,7,0.0
MTG3,03_DenverCityCouncil_03142022,DenverCityCouncil_03142022,DenverCityCouncil_03142022_22-0125,decision-bearing,Ordinance,deepseek_temp1_chat,budget_03,run_03,0.9285714285714286,6.5,7,0.14285714285714285
MTG3,03_DenverCityCouncil_03142022,DenverCityCouncil_03142022,DenverCityCouncil_03142022_22-0125,decision-bearing,Ordinance,deepseek_temp1_chat,budget_03,run_04,0.7857142857142857,5.5,7,0.0
MTG3,03_DenverCityCouncil_03142022,DenverCityCouncil_03142022,DenverCityCouncil_03142022_22-0125,decision-bearing,Ordinance,deepseek_temp1_chat,budget_03,run_05,0.7142857142857143,5.0,7,0.0
MTG3,03_DenverCityCouncil_03142022,DenverCityCouncil_03142022,DenverCityCouncil_03142022_22-0125,decision-bearing,Ordinance,deepseek_temp1_chat,budget_06,run_01,0.7142857142857143,5.0,7,0.0
MTG3,03_DenverCityCouncil_03142022,DenverCityCouncil_03142022,DenverCityCouncil_03142022_22-0125,decision-bearing,Ordinance,deepseek_temp1_chat,budget_06,run_02,0.8571428571428571,6.0,7,0.3333333333333333
MTG3,03_DenverCityCouncil_03142022,DenverCityCouncil_03142022,DenverCityCouncil_03142022_22-0125,decision-bearing,Ordinance,deepseek_temp1_chat,budget_06,run_03,0.8571428571428571,6.0,7,0.0
MTG3,03_DenverCityCouncil_03142022,DenverCityCouncil_03142022,DenverCityCouncil_03142022_22-0125,decision-bearing,Ordinance,deepseek_temp1_chat,budget_06,run_04,0.8571428571428571,6.0,7,0.16666666666666666
MTG3,03_DenverCityCouncil_03142022,DenverCityCouncil_03142022,DenverCityCouncil_03142022_22-0125,decision-bearing,Ordinance,deepseek_temp1_chat,budget_06,run_05,0.9285714285714286,6.5,7,0.0
MTG3,03_DenverCityCouncil_03142022,DenverCityCouncil_03142022,DenverCityCouncil_03142022_22-0125,decision-bearing,Ordinance,gemini_2_5_flash_lite,budget_02,run_01,0.5714285714285714,4.0,7,0.0
MTG3,03_DenverCityCouncil_03142022,DenverCityCouncil_03142022,DenverCityCouncil_03142022_22-0125,decision-bearing,Ordinance,gemini_2_5_flash_lite,budget_02,run_02,0.7142857142857143,5.0,7,0.0
MTG3,03_DenverCityCouncil_03142022,DenverCityCouncil_03142022,DenverCityCouncil_03142022_22-0125,decision-bearing,Ordinance,gemini_2_5_flash_lite,budget_02,run_03,0.5,3.5,7,0.0
MTG3,03_DenverCityCouncil_03142022,DenverCityCouncil_03142022,DenverCityCouncil_03142022_22-0125,decision-bearing,Ordinance,gemini_2_5_flash_lite,budget_02,run_04,0.8571428571428571,6.0,7,0.0
MTG3,03_DenverCityCouncil_03142022,DenverCityCouncil_03142022,DenverCityCouncil_03142022_22-0125,decision-bearing,Ordinance,gemini_2_5_flash_lite,budget_02,run_05,0.7857142857142857,5.5,7,0.0
MTG3,03_DenverCityCouncil_03142022,DenverCityCouncil_03142022,DenverCityCouncil_03142022_22-0125,decision-bearing,Ordinance,gemini_2_5_flash_lite,budget_03,run_01,0.7142857142857143,5.0,7,0.0
MTG3,03_DenverCityCouncil_03142022,DenverCityCouncil_03142022,DenverCityCouncil_03142022_22-0125,decision-bearing,Ordinance,gemini_2_5_flash_lite,budget_03,run_02,0.42857142857142855,3.0,7,0.0
MTG3,03_DenverCityCouncil_03142022,DenverCityCouncil_03142022,DenverCityCouncil_03142022_22-0125,decision-bearing,Ordinance,gemini_2_5_flash_lite,budget_03,run_03,0.5,3.5,7,0.0
MTG3,03_DenverCityCouncil_03142022,DenverCityCouncil_03142022,DenverCityCouncil_03142022_22-0125,decision-bearing,Ordinance,gemini_2_5_flash_lite,budget_03,run_04,0.5714285714285714,4.0,7,0.0
MTG3,03_DenverCityCouncil_03142022,DenverCityCouncil_03142022,DenverCityCouncil_03142022_22-0125,decision-bearing,Ordinance,gemini_2_5_flash_lite,budget_03,run_05,0.6428571428571429,4.5,7,0.0
MTG3,03_DenverCityCouncil_03142022,DenverCityCouncil_03142022,DenverCityCouncil_03142022_22-0125,decision-bearing,Ordinance,gemini_2_5_flash_lite,budget_06,run_01,0.8571428571428571,6.0,7,0.3333333333333333
MTG3,03_DenverCityCouncil_03142022,DenverCityCouncil_03142022,DenverCityCouncil_03142022_22-0125,decision-bearing,Ordinance,gemini_2_5_flash_lite,budget_06,run_02,0.5714285714285714,4.0,7,0.0
MTG3,03_DenverCityCouncil_03142022,DenverCityCouncil_03142022,DenverCityCouncil_03142022_22-0125,decision-bearing,Ordinance,gemini_2_5_flash_lite,budget_06,run_03,0.6428571428571429,4.5,7,0.4
MTG3,03_DenverCityCouncil_03142022,DenverCityCouncil_03142022,DenverCityCouncil_03142022_22-0125,decision-bearing,Ordinance,gemini_2_5_flash_lite,budget_06,run_04,0.7857142857142857,5.5,7,0.16666666666666666
MTG3,03_DenverCityCouncil_03142022,DenverCityCouncil_03142022,DenverCityCouncil_03142022_22-0125,decision-bearing,Ordinance,gemini_2_5_flash_lite,budget_06,run_05,0.42857142857142855,3.0,7,0.6666666666666666
MTG30,30_DenverCityCouncil_09232019,DenverCityCouncil_09232019,DenverCityCouncil_09232019_19-0776,decision-bearing,Ordinance,deepseek_reasoning,budget_02,run_01,1.0,7.0,7,0.0
MTG30,30_DenverCityCouncil_09232019,DenverCityCouncil_09232019,DenverCityCouncil_09232019_19-0776,decision-bearing,Ordinance,deepseek_reasoning,budget_02,run_02,0.7857142857142857,5.5,7,0.0
MTG30,30_DenverCityCouncil_09232019,DenverCityCouncil_09232019,DenverCityCouncil_09232019_19-0776,decision-bearing,Ordinance,deepseek_reasoning,budget_02,run_03,0.5,3.5,7,0.0
MTG30,30_DenverCityCouncil_09232019,DenverCityCouncil_09232019,DenverCityCouncil_09232019_19-0776,decision-bearing,Ordinance,deepseek_reasoning,budget_02,run_04,1.0,7.0,7,0.0
MTG30,30_DenverCityCouncil_09232019,DenverCityCouncil_09232019,DenverCityCouncil_09232019_19-0776,decision-bearing,Ordinance,deepseek_reasoning,budget_02,run_05,1.0,7.0,7,0.0
MTG30,30_DenverCityCouncil_09232019,DenverCityCouncil_09232019,DenverCityCouncil_09232019_19-0776,decision-bearing,Ordinance,deepseek_reasoning,budget_03,run_01,1.0,7.0,7,0.0
MTG30,30_DenverCityCouncil_09232019,DenverCityCouncil_09232019,DenverCityCouncil_09232019_19-0776,decision-bearing,Ordinance,deepseek_reasoning,budget_03,run_02,0.9285714285714286,6.5,7,0.14285714285714285
MTG30,30_DenverCityCouncil_09232019,DenverCityCouncil_09232019,DenverCityCouncil_09232019_19-0776,decision-bearing,Ordinance,deepseek_reasoning,budget_03,run_03,1.0,7.0,7,0.0
MTG30,30_DenverCityCouncil_09232019,DenverCityCouncil_09232019,DenverCityCouncil_09232019_19-0776,decision-bearing,Ordinance,deepseek_reasoning,budget_03,run_04,1.0,7.0,7,0.0
MTG30,30_DenverCityCouncil_09232019,DenverCityCouncil_09232019,DenverCityCouncil_09232019_19-0776,decision-bearing,Ordinance,deepseek_reasoning,budget_03,run_05,0.9285714285714286,6.5,7,0.0
MTG30,30_DenverCityCouncil_09232019,DenverCityCouncil_09232019,DenverCityCouncil_09232019_19-0776,decision-bearing,Ordinance,deepseek_reasoning,budget_06,run_01,1.0,7.0,7,0.0
MTG30,30_DenverCityCouncil_09232019,DenverCityCouncil_09232019,DenverCityCouncil_09232019_19-0776,decision-bearing,Ordinance,deepseek_reasoning,budget_06,run_02,1.0,7.0,7,0.0
MTG30,30_DenverCityCouncil_09232019,DenverCityCouncil_09232019,DenverCityCouncil_09232019_19-0776,decision-bearing,Ordinance,deepseek_reasoning,budget_06,run_03,1.0,7.0,7,0.0
MTG30,30_DenverCityCouncil_09232019,DenverCityCouncil_09232019,DenverCityCouncil_09232019_19-0776,decision-bearing,Ordinance,deepseek_reasoning,budget_06,run_04,1.0,7.0,7,0.0
MTG30,30_DenverCityCouncil_09232019,DenverCityCouncil_09232019,DenverCityCouncil_09232019_19-0776,decision-bearing,Ordinance,deepseek_reasoning,budget_06,run_05,1.0,7.0,7,0.0
MTG30,30_DenverCityCouncil_09232019,DenverCityCouncil_09232019,DenverCityCouncil_09232019_19-0776,decision-bearing,Ordinance,deepseek_temp1_chat,budget_02,run_01,1.0,7.0,7,0.2857142857142857
MTG30,30_DenverCityCouncil_09232019,DenverCityCouncil_09232019,DenverCityCouncil_09232019_19-0776,decision-bearing,Ordinance,deepseek_temp1_chat,budget_02,run_02,0.7142857142857143,5.0,7,0.0
MTG30,30_DenverCityCouncil_09232019,DenverCityCouncil_09232019,DenverCityCouncil_09232019_19-0776,decision-bearing,Ordinance,deepseek_temp1_chat,budget_02,run_03,0.9285714285714286,6.5,7,0.0
MTG30,30_DenverCityCouncil_09232019,DenverCityCouncil_09232019,DenverCityCouncil_09232019_19-0776,decision-bearing,Ordinance,deepseek_temp1_chat,budget_02,run_04,0.9285714285714286,6.5,7,0.0
MTG30,30_DenverCityCouncil_09232019,DenverCityCouncil_09232019,DenverCityCouncil_09232019_19-0776,decision-bearing,Ordinance,deepseek_temp1_chat,budget_02,run_05,0.9285714285714286,6.5,7,0.0
MTG30,30_DenverCityCouncil_09232019,DenverCityCouncil_09232019,DenverCityCouncil_09232019_19-0776,decision-bearing,Ordinance,deepseek_temp1_chat,budget_03,run_01,1.0,7.0,7,0.0
MTG30,30_DenverCityCouncil_09232019,DenverCityCouncil_09232019,DenverCityCouncil_09232019_19-0776,decision-bearing,Ordinance,deepseek_temp1_chat,budget_03,run_02,1.0,7.0,7,0.14285714285714285
MTG30,30_DenverCityCouncil_09232019,DenverCityCouncil_09232019,DenverCityCouncil_09232019_19-0776,decision-bearing,Ordinance,deepseek_temp1_chat,budget_03,run_03,0.9285714285714286,6.5,7,0.0
MTG30,30_DenverCityCouncil_09232019,DenverCityCouncil_09232019,DenverCityCouncil_09232019_19-0776,decision-bearing,Ordinance,deepseek_temp1_chat,budget_03,run_04,1.0,7.0,7,0.7142857142857143
MTG30,30_DenverCityCouncil_09232019,DenverCityCouncil_09232019,DenverCityCouncil_09232019_19-0776,decision-bearing,Ordinance,deepseek_temp1_chat,budget_03,run_05,1.0,7.0,7,0.0
MTG30,30_DenverCityCouncil_09232019,DenverCityCouncil_09232019,DenverCityCouncil_09232019_19-0776,decision-bearing,Ordinance,deepseek_temp1_chat,budget_06,run_01,1.0,7.0,7,0.0
MTG30,30_DenverCityCouncil_09232019,DenverCityCouncil_09232019,DenverCityCouncil_09232019_19-0776,decision-bearing,Ordinance,deepseek_temp1_chat,budget_06,run_02,1.0,7.0,7,0.0
MTG30,30_DenverCityCouncil_09232019,DenverCityCouncil_09232019,DenverCityCouncil_09232019_19-0776,decision-bearing,Ordinance,deepseek_temp1_chat,budget_06,run_03,1.0,7.0,7,0.0
MTG30,30_DenverCityCouncil_09232019,DenverCityCouncil_09232019,DenverCityCouncil_09232019_19-0776,decision-bearing,Ordinance,deepseek_temp1_chat,budget_06,run_04,1.0,7.0,7,0.0
MTG30,30_DenverCityCouncil_09232019,DenverCityCouncil_09232019,DenverCityCouncil_09232019_19-0776,decision-bearing,Ordinance,deepseek_temp1_chat,budget_06,run_05,1.0,7.0,7,0.0
MTG30,30_DenverCityCouncil_09232019,DenverCityCouncil_09232019,DenverCityCouncil_09232019_19-0776,decision-bearing,Ordinance,gemini_2_5_flash_lite,budget_02,run_01,0.9285714285714286,6.5,7,0.0
MTG30,30_DenverCityCouncil_09232019,DenverCityCouncil_09232019,DenverCityCouncil_09232019_19-0776,decision-bearing,Ordinance,gemini_2_5_flash_lite,budget_02,run_02,0.9285714285714286,6.5,7,0.0
MTG30,30_DenverCityCouncil_09232019,DenverCityCouncil_09232019,DenverCityCouncil_09232019_19-0776,decision-bearing,Ordinance,gemini_2_5_flash_lite,budget_02,run_03,1.0,7.0,7,0.0
MTG30,30_DenverCityCouncil_09232019,DenverCityCouncil_09232019,DenverCityCouncil_09232019_19-0776,decision-bearing,Ordinance,gemini_2_5_flash_lite,budget_02,run_04,0.8571428571428571,6.0,7,0.0
MTG30,30_DenverCityCouncil_09232019,DenverCityCouncil_09232019,DenverCityCouncil_09232019_19-0776,decision-bearing,Ordinance,gemini_2_5_flash_lite,budget_02,run_05,1.0,7.0,7,0.0
MTG30,30_DenverCityCouncil_09232019,DenverCityCouncil_09232019,DenverCityCouncil_09232019_19-0776,decision-bearing,Ordinance,gemini_2_5_flash_lite,budget_03,run_01,0.7142857142857143,5.0,7,0.0
MTG30,30_DenverCityCouncil_09232019,DenverCityCouncil_09232019,DenverCityCouncil_09232019_19-0776,decision-bearing,Ordinance,gemini_2_5_flash_lite,budget_03,run_02,0.9285714285714286,6.5,7,0.0
MTG30,30_DenverCityCouncil_09232019,DenverCityCouncil_09232019,DenverCityCouncil_09232019_19-0776,decision-bearing,Ordinance,gemini_2_5_flash_lite,budget_03,run_03,1.0,7.0,7,0.0
MTG30,30_DenverCityCouncil_09232019,DenverCityCouncil_09232019,DenverCityCouncil_09232019_19-0776,decision-bearing,Ordinance,gemini_2_5_flash_lite,budget_03,run_04,1.0,7.0,7,0.0
MTG30,30_DenverCityCouncil_09232019,DenverCityCouncil_09232019,DenverCityCouncil_09232019_19-0776,decision-bearing,Ordinance,gemini_2_5_flash_lite,budget_03,run_05,0.8571428571428571,6.0,7,0.0
MTG30,30_DenverCityCouncil_09232019,DenverCityCouncil_09232019,DenverCityCouncil_09232019_19-0776,decision-bearing,Ordinance,gemini_2_5_flash_lite,budget_06,run_01,1.0,7.0,7,0.0
MTG30,30_DenverCityCouncil_09232019,DenverCityCouncil_09232019,DenverCityCouncil_09232019_19-0776,decision-bearing,Ordinance,gemini_2_5_flash_lite,budget_06,run_02,0.8571428571428571,6.0,7,0.0
MTG30,30_DenverCityCouncil_09232019,DenverCityCouncil_09232019,DenverCityCouncil_09232019_19-0776,decision-bearing,Ordinance,gemini_2_5_flash_lite,budget_06,run_03,0.8571428571428571,6.0,7,0.0
MTG30,30_DenverCityCouncil_09232019,DenverCityCouncil_09232019,DenverCityCouncil_09232019_19-0776,decision-bearing,Ordinance,gemini_2_5_flash_lite,budget_06,run_04,1.0,7.0,7,0.14285714285714285
MTG30,30_DenverCityCouncil_09232019,DenverCityCouncil_09232019,DenverCityCouncil_09232019_19-0776,decision-bearing,Ordinance,gemini_2_5_flash_lite,budget_06,run_05,0.8571428571428571,6.0,7,0.0
MTG31,31_LongBeachCC_03222016,LongBeachCC_03222016,LongBeachCC_03222016_16-0122,non-decision,Other,deepseek_reasoning,budget_02,run_01,0.8571428571428571,6.0,7,0.0
MTG31,31_LongBeachCC_03222016,LongBeachCC_03222016,LongBeachCC_03222016_16-0122,non-decision,Other,deepseek_reasoning,budget_02,run_02,0.8571428571428571,6.0,7,0.0
MTG31,31_LongBeachCC_03222016,LongBeachCC_03222016,LongBeachCC_03222016_16-0122,non-decision,Other,deepseek_reasoning,budget_02,run_03,0.8571428571428571,6.0,7,0.0
MTG31,31_LongBeachCC_03222016,LongBeachCC_03222016,LongBeachCC_03222016_16-0122,non-decision,Other,deepseek_reasoning,budget_02,run_04,0.7857142857142857,5.5,7,0.0
MTG31,31_LongBeachCC_03222016,LongBeachCC_03222016,LongBeachCC_03222016_16-0122,non-decision,Other,deepseek_reasoning,budget_02,run_05,0.7857142857142857,5.5,7,0.0
MTG31,31_LongBeachCC_03222016,LongBeachCC_03222016,LongBeachCC_03222016_16-0122,non-decision,Other,deepseek_reasoning,budget_03,run_01,0.7142857142857143,5.0,7,0.2
MTG31,31_LongBeachCC_03222016,LongBeachCC_03222016,LongBeachCC_03222016_16-0122,non-decision,Other,deepseek_reasoning,budget_03,run_02,0.8571428571428571,6.0,7,0.0
MTG31,31_LongBeachCC_03222016,LongBeachCC_03222016,LongBeachCC_03222016_16-0122,non-decision,Other,deepseek_reasoning,budget_03,run_03,1.0,7.0,7,0.0
MTG31,31_LongBeachCC_03222016,LongBeachCC_03222016,LongBeachCC_03222016_16-0122,non-decision,Other,deepseek_reasoning,budget_03,run_04,0.8571428571428571,6.0,7,0.0
MTG31,31_LongBeachCC_03222016,LongBeachCC_03222016,LongBeachCC_03222016_16-0122,non-decision,Other,deepseek_reasoning,budget_03,run_05,1.0,7.0,7,0.0
MTG31,31_LongBeachCC_03222016,LongBeachCC_03222016,LongBeachCC_03222016_16-0122,non-decision,Other,deepseek_reasoning,budget_06,run_01,0.7857142857142857,5.5,7,0.0
MTG31,31_LongBeachCC_03222016,LongBeachCC_03222016,LongBeachCC_03222016_16-0122,non-decision,Other,deepseek_reasoning,budget_06,run_02,1.0,7.0,7,0.0
MTG31,31_LongBeachCC_03222016,LongBeachCC_03222016,LongBeachCC_03222016_16-0122,non-decision,Other,deepseek_reasoning,budget_06,run_03,1.0,7.0,7,0.14285714285714285
MTG31,31_LongBeachCC_03222016,LongBeachCC_03222016,LongBeachCC_03222016_16-0122,non-decision,Other,deepseek_reasoning,budget_06,run_04,0.8571428571428571,6.0,7,0.14285714285714285
MTG31,31_LongBeachCC_03222016,LongBeachCC_03222016,LongBeachCC_03222016_16-0122,non-decision,Other,deepseek_reasoning,budget_06,run_05,0.9285714285714286,6.5,7,0.0
MTG31,31_LongBeachCC_03222016,LongBeachCC_03222016,LongBeachCC_03222016_16-0122,non-decision,Other,deepseek_temp1_chat,budget_02,run_01,0.7142857142857143,5.0,7,0.0
MTG31,31_LongBeachCC_03222016,LongBeachCC_03222016,LongBeachCC_03222016_16-0122,non-decision,Other,deepseek_temp1_chat,budget_02,run_02,0.42857142857142855,3.0,7,0.0
MTG31,31_LongBeachCC_03222016,LongBeachCC_03222016,LongBeachCC_03222016_16-0122,non-decision,Other,deepseek_temp1_chat,budget_02,run_03,0.8571428571428571,6.0,7,0.0
MTG31,31_LongBeachCC_03222016,LongBeachCC_03222016,LongBeachCC_03222016_16-0122,non-decision,Other,deepseek_temp1_chat,budget_02,run_04,1.0,7.0,7,0.0
MTG31,31_LongBeachCC_03222016,LongBeachCC_03222016,LongBeachCC_03222016_16-0122,non-decision,Other,deepseek_temp1_chat,budget_02,run_05,0.8571428571428571,6.0,7,0.0
MTG31,31_LongBeachCC_03222016,LongBeachCC_03222016,LongBeachCC_03222016_16-0122,non-decision,Other,deepseek_temp1_chat,budget_03,run_01,0.8571428571428571,6.0,7,0.0
MTG31,31_LongBeachCC_03222016,LongBeachCC_03222016,LongBeachCC_03222016_16-0122,non-decision,Other,deepseek_temp1_chat,budget_03,run_02,0.7142857142857143,5.0,7,0.2
MTG31,31_LongBeachCC_03222016,LongBeachCC_03222016,LongBeachCC_03222016_16-0122,non-decision,Other,deepseek_temp1_chat,budget_03,run_03,0.9285714285714286,6.5,7,0.14285714285714285
MTG31,31_LongBeachCC_03222016,LongBeachCC_03222016,LongBeachCC_03222016_16-0122,non-decision,Other,deepseek_temp1_chat,budget_03,run_04,0.42857142857142855,3.0,7,0.3333333333333333
MTG31,31_LongBeachCC_03222016,LongBeachCC_03222016,LongBeachCC_03222016_16-0122,non-decision,Other,deepseek_temp1_chat,budget_03,run_05,0.8571428571428571,6.0,7,0.0
MTG31,31_LongBeachCC_03222016,LongBeachCC_03222016,LongBeachCC_03222016_16-0122,non-decision,Other,deepseek_temp1_chat,budget_06,run_01,0.8571428571428571,6.0,7,0.0
MTG31,31_LongBeachCC_03222016,LongBeachCC_03222016,LongBeachCC_03222016_16-0122,non-decision,Other,deepseek_temp1_chat,budget_06,run_02,0.8571428571428571,6.0,7,0.0
MTG31,31_LongBeachCC_03222016,LongBeachCC_03222016,LongBeachCC_03222016_16-0122,non-decision,Other,deepseek_temp1_chat,budget_06,run_03,0.9285714285714286,6.5,7,0.0
MTG31,31_LongBeachCC_03222016,LongBeachCC_03222016,LongBeachCC_03222016_16-0122,non-decision,Other,deepseek_temp1_chat,budget_06,run_04,0.9285714285714286,6.5,7,0.14285714285714285
MTG31,31_LongBeachCC_03222016,LongBeachCC_03222016,LongBeachCC_03222016_16-0122,non-decision,Other,deepseek_temp1_chat,budget_06,run_05,1.0,7.0,7,0.0
MTG31,31_LongBeachCC_03222016,LongBeachCC_03222016,LongBeachCC_03222016_16-0122,non-decision,Other,gemini_2_5_flash_lite,budget_02,run_01,0.9285714285714286,6.5,7,1.0
MTG31,31_LongBeachCC_03222016,LongBeachCC_03222016,LongBeachCC_03222016_16-0122,non-decision,Other,gemini_2_5_flash_lite,budget_02,run_02,0.9285714285714286,6.5,7,1.0
MTG31,31_LongBeachCC_03222016,LongBeachCC_03222016,LongBeachCC_03222016_16-0122,non-decision,Other,gemini_2_5_flash_lite,budget_02,run_03,1.0,7.0,7,0.0
MTG31,31_LongBeachCC_03222016,LongBeachCC_03222016,LongBeachCC_03222016_16-0122,non-decision,Other,gemini_2_5_flash_lite,budget_02,run_04,0.7142857142857143,5.0,7,1.0
MTG31,31_LongBeachCC_03222016,LongBeachCC_03222016,LongBeachCC_03222016_16-0122,non-decision,Other,gemini_2_5_flash_lite,budget_02,run_05,0.8571428571428571,6.0,7,0.0
MTG31,31_LongBeachCC_03222016,LongBeachCC_03222016,LongBeachCC_03222016_16-0122,non-decision,Other,gemini_2_5_flash_lite,budget_03,run_01,0.5714285714285714,4.0,7,0.0
MTG31,31_LongBeachCC_03222016,LongBeachCC_03222016,LongBeachCC_03222016_16-0122,non-decision,Other,gemini_2_5_flash_lite,budget_03,run_02,0.9285714285714286,6.5,7,0.5714285714285714
MTG31,31_LongBeachCC_03222016,LongBeachCC_03222016,LongBeachCC_03222016_16-0122,non-decision,Other,gemini_2_5_flash_lite,budget_03,run_03,1.0,7.0,7,0.0
MTG31,31_LongBeachCC_03222016,LongBeachCC_03222016,LongBeachCC_03222016_16-0122,non-decision,Other,gemini_2_5_flash_lite,budget_03,run_04,1.0,7.0,7,0.0
MTG31,31_LongBeachCC_03222016,LongBeachCC_03222016,LongBeachCC_03222016_16-0122,non-decision,Other,gemini_2_5_flash_lite,budget_03,run_05,0.9285714285714286,6.5,7,0.0
MTG31,31_LongBeachCC_03222016,LongBeachCC_03222016,LongBeachCC_03222016_16-0122,non-decision,Other,gemini_2_5_flash_lite,budget_06,run_01,1.0,7.0,7,0.0
MTG31,31_LongBeachCC_03222016,LongBeachCC_03222016,LongBeachCC_03222016_16-0122,non-decision,Other,gemini_2_5_flash_lite,budget_06,run_02,0.9285714285714286,6.5,7,0.7142857142857143
MTG31,31_LongBeachCC_03222016,LongBeachCC_03222016,LongBeachCC_03222016_16-0122,non-decision,Other,gemini_2_5_flash_lite,budget_06,run_03,1.0,7.0,7,0.0
MTG31,31_LongBeachCC_03222016,LongBeachCC_03222016,LongBeachCC_03222016_16-0122,non-decision,Other,gemini_2_5_flash_lite,budget_06,run_04,1.0,7.0,7,0.0
MTG31,31_LongBeachCC_03222016,LongBeachCC_03222016,LongBeachCC_03222016_16-0122,non-decision,Other,gemini_2_5_flash_lite,budget_06,run_05,0.9285714285714286,6.5,7,0.0
MTG32,32_AlamedaCC_02212017,AlamedaCC_02212017,AlamedaCC_02212017_2017-3935,non-decision,Other,deepseek_reasoning,budget_02,run_01,0.7857142857142857,5.5,7,0.0
MTG32,32_AlamedaCC_02212017,AlamedaCC_02212017,AlamedaCC_02212017_2017-3935,non-decision,Other,deepseek_reasoning,budget_02,run_02,0.7142857142857143,5.0,7,0.0
MTG32,32_AlamedaCC_02212017,AlamedaCC_02212017,AlamedaCC_02212017_2017-3935,non-decision,Other,deepseek_reasoning,budget_02,run_03,0.8571428571428571,6.0,7,0.0
MTG32,32_AlamedaCC_02212017,AlamedaCC_02212017,AlamedaCC_02212017_2017-3935,non-decision,Other,deepseek_reasoning,budget_02,run_04,0.7857142857142857,5.5,7,0.0
MTG32,32_AlamedaCC_02212017,AlamedaCC_02212017,AlamedaCC_02212017_2017-3935,non-decision,Other,deepseek_reasoning,budget_02,run_05,0.7142857142857143,5.0,7,0.0
MTG32,32_AlamedaCC_02212017,AlamedaCC_02212017,AlamedaCC_02212017_2017-3935,non-decision,Other,deepseek_reasoning,budget_03,run_01,0.8571428571428571,6.0,7,0.0
MTG32,32_AlamedaCC_02212017,AlamedaCC_02212017,AlamedaCC_02212017_2017-3935,non-decision,Other,deepseek_reasoning,budget_03,run_02,0.7857142857142857,5.5,7,0.0
MTG32,32_AlamedaCC_02212017,AlamedaCC_02212017,AlamedaCC_02212017_2017-3935,non-decision,Other,deepseek_reasoning,budget_03,run_03,0.8571428571428571,6.0,7,0.0
MTG32,32_AlamedaCC_02212017,AlamedaCC_02212017,AlamedaCC_02212017_2017-3935,non-decision,Other,deepseek_reasoning,budget_03,run_04,0.8571428571428571,6.0,7,0.0
MTG32,32_AlamedaCC_02212017,AlamedaCC_02212017,AlamedaCC_02212017_2017-3935,non-decision,Other,deepseek_reasoning,budget_03,run_05,0.5714285714285714,4.0,7,0.0
MTG32,32_AlamedaCC_02212017,AlamedaCC_02212017,AlamedaCC_02212017_2017-3935,non-decision,Other,deepseek_reasoning,budget_06,run_01,0.8571428571428571,6.0,7,0.0
MTG32,32_AlamedaCC_02212017,AlamedaCC_02212017,AlamedaCC_02212017_2017-3935,non-decision,Other,deepseek_reasoning,budget_06,run_02,0.7857142857142857,5.5,7,0.0
MTG32,32_AlamedaCC_02212017,AlamedaCC_02212017,AlamedaCC_02212017_2017-3935,non-decision,Other,deepseek_reasoning,budget_06,run_03,0.8571428571428571,6.0,7,0.0
MTG32,32_AlamedaCC_02212017,AlamedaCC_02212017,AlamedaCC_02212017_2017-3935,non-decision,Other,deepseek_reasoning,budget_06,run_04,0.8571428571428571,6.0,7,0.0
MTG32,32_AlamedaCC_02212017,AlamedaCC_02212017,AlamedaCC_02212017_2017-3935,non-decision,Other,deepseek_reasoning,budget_06,run_05,0.8571428571428571,6.0,7,0.0
MTG32,32_AlamedaCC_02212017,AlamedaCC_02212017,AlamedaCC_02212017_2017-3935,non-decision,Other,deepseek_temp1_chat,budget_02,run_01,0.42857142857142855,3.0,7,0.3333333333333333
MTG32,32_AlamedaCC_02212017,AlamedaCC_02212017,AlamedaCC_02212017_2017-3935,non-decision,Other,deepseek_temp1_chat,budget_02,run_02,0.8571428571428571,6.0,7,0.0
MTG32,32_AlamedaCC_02212017,AlamedaCC_02212017,AlamedaCC_02212017_2017-3935,non-decision,Other,deepseek_temp1_chat,budget_02,run_03,0.8571428571428571,6.0,7,0.0
MTG32,32_AlamedaCC_02212017,AlamedaCC_02212017,AlamedaCC_02212017_2017-3935,non-decision,Other,deepseek_temp1_chat,budget_02,run_04,0.8571428571428571,6.0,7,0.0
MTG32,32_AlamedaCC_02212017,AlamedaCC_02212017,AlamedaCC_02212017_2017-3935,non-decision,Other,deepseek_temp1_chat,budget_02,run_05,0.7857142857142857,5.5,7,0.0
MTG32,32_AlamedaCC_02212017,AlamedaCC_02212017,AlamedaCC_02212017_2017-3935,non-decision,Other,deepseek_temp1_chat,budget_03,run_01,0.7857142857142857,5.5,7,0.0
MTG32,32_AlamedaCC_02212017,AlamedaCC_02212017,AlamedaCC_02212017_2017-3935,non-decision,Other,deepseek_temp1_chat,budget_03,run_02,1.0,7.0,7,0.0
MTG32,32_AlamedaCC_02212017,AlamedaCC_02212017,AlamedaCC_02212017_2017-3935,non-decision,Other,deepseek_temp1_chat,budget_03,run_03,0.8571428571428571,6.0,7,0.0
MTG32,32_AlamedaCC_02212017,AlamedaCC_02212017,AlamedaCC_02212017_2017-3935,non-decision,Other,deepseek_temp1_chat,budget_03,run_04,0.8571428571428571,6.0,7,0.0
MTG32,32_AlamedaCC_02212017,AlamedaCC_02212017,AlamedaCC_02212017_2017-3935,non-decision,Other,deepseek_temp1_chat,budget_03,run_05,0.8571428571428571,6.0,7,0.0
MTG32,32_AlamedaCC_02212017,AlamedaCC_02212017,AlamedaCC_02212017_2017-3935,non-decision,Other,deepseek_temp1_chat,budget_06,run_01,0.8571428571428571,6.0,7,0.0
MTG32,32_AlamedaCC_02212017,AlamedaCC_02212017,AlamedaCC_02212017_2017-3935,non-decision,Other,deepseek_temp1_chat,budget_06,run_02,0.8571428571428571,6.0,7,0.0
MTG32,32_AlamedaCC_02212017,AlamedaCC_02212017,AlamedaCC_02212017_2017-3935,non-decision,Other,deepseek_temp1_chat,budget_06,run_03,1.0,7.0,7,0.0
MTG32,32_AlamedaCC_02212017,AlamedaCC_02212017,AlamedaCC_02212017_2017-3935,non-decision,Other,deepseek_temp1_chat,budget_06,run_04,1.0,7.0,7,0.0
MTG32,32_AlamedaCC_02212017,AlamedaCC_02212017,AlamedaCC_02212017_2017-3935,non-decision,Other,deepseek_temp1_chat,budget_06,run_05,1.0,7.0,7,0.0
MTG32,32_AlamedaCC_02212017,AlamedaCC_02212017,AlamedaCC_02212017_2017-3935,non-decision,Other,gemini_2_5_flash_lite,budget_02,run_01,0.9285714285714286,6.5,7,0.0
MTG32,32_AlamedaCC_02212017,AlamedaCC_02212017,AlamedaCC_02212017_2017-3935,non-decision,Other,gemini_2_5_flash_lite,budget_02,run_02,0.8571428571428571,6.0,7,0.0
MTG32,32_AlamedaCC_02212017,AlamedaCC_02212017,AlamedaCC_02212017_2017-3935,non-decision,Other,gemini_2_5_flash_lite,budget_02,run_03,0.7857142857142857,5.5,7,0.0
MTG32,32_AlamedaCC_02212017,AlamedaCC_02212017,AlamedaCC_02212017_2017-3935,non-decision,Other,gemini_2_5_flash_lite,budget_02,run_04,0.9285714285714286,6.5,7,0.0
MTG32,32_AlamedaCC_02212017,AlamedaCC_02212017,AlamedaCC_02212017_2017-3935,non-decision,Other,gemini_2_5_flash_lite,budget_02,run_05,0.5714285714285714,4.0,7,0.0
MTG32,32_AlamedaCC_02212017,AlamedaCC_02212017,AlamedaCC_02212017_2017-3935,non-decision,Other,gemini_2_5_flash_lite,budget_03,run_01,0.6428571428571429,4.5,7,0.0
MTG32,32_AlamedaCC_02212017,AlamedaCC_02212017,AlamedaCC_02212017_2017-3935,non-decision,Other,gemini_2_5_flash_lite,budget_03,run_02,0.5714285714285714,4.0,7,0.0
MTG32,32_AlamedaCC_02212017,AlamedaCC_02212017,AlamedaCC_02212017_2017-3935,non-decision,Other,gemini_2_5_flash_lite,budget_03,run_03,1.0,7.0,7,0.0
MTG32,32_AlamedaCC_02212017,AlamedaCC_02212017,AlamedaCC_02212017_2017-3935,non-decision,Other,gemini_2_5_flash_lite,budget_03,run_04,0.8571428571428571,6.0,7,0.0
MTG32,32_AlamedaCC_02212017,AlamedaCC_02212017,AlamedaCC_02212017_2017-3935,non-decision,Other,gemini_2_5_flash_lite,budget_03,run_05,0.5714285714285714,4.0,7,0.0
MTG32,32_AlamedaCC_02212017,AlamedaCC_02212017,AlamedaCC_02212017_2017-3935,non-decision,Other,gemini_2_5_flash_lite,budget_06,run_01,0.7857142857142857,5.5,7,0.0
MTG32,32_AlamedaCC_02212017,AlamedaCC_02212017,AlamedaCC_02212017_2017-3935,non-decision,Other,gemini_2_5_flash_lite,budget_06,run_02,0.7142857142857143,5.0,7,0.0
MTG32,32_AlamedaCC_02212017,AlamedaCC_02212017,AlamedaCC_02212017_2017-3935,non-decision,Other,gemini_2_5_flash_lite,budget_06,run_03,0.8571428571428571,6.0,7,0.0
MTG32,32_AlamedaCC_02212017,AlamedaCC_02212017,AlamedaCC_02212017_2017-3935,non-decision,Other,gemini_2_5_flash_lite,budget_06,run_04,0.8571428571428571,6.0,7,0.0
MTG32,32_AlamedaCC_02212017,AlamedaCC_02212017,AlamedaCC_02212017_2017-3935,non-decision,Other,gemini_2_5_flash_lite,budget_06,run_05,0.7857142857142857,5.5,7,0.0
MTG33,33_LongBeachCC_01262016,LongBeachCC_01262016,LongBeachCC_01262016_16-0069,non-decision,Other,deepseek_reasoning,budget_02,run_01,0.8571428571428571,6.0,7,0.0
MTG33,33_LongBeachCC_01262016,LongBeachCC_01262016,LongBeachCC_01262016_16-0069,non-decision,Other,deepseek_reasoning,budget_02,run_02,0.9285714285714286,6.5,7,0.0
MTG33,33_LongBeachCC_01262016,LongBeachCC_01262016,LongBeachCC_01262016_16-0069,non-decision,Other,deepseek_reasoning,budget_02,run_03,0.42857142857142855,3.0,7,0.0
MTG33,33_LongBeachCC_01262016,LongBeachCC_01262016,LongBeachCC_01262016_16-0069,non-decision,Other,deepseek_reasoning,budget_02,run_04,0.6428571428571429,4.5,7,0.0
MTG33,33_LongBeachCC_01262016,LongBeachCC_01262016,LongBeachCC_01262016_16-0069,non-decision,Other,deepseek_reasoning,budget_02,run_05,0.9285714285714286,6.5,7,0.0
MTG33,33_LongBeachCC_01262016,LongBeachCC_01262016,LongBeachCC_01262016_16-0069,non-decision,Other,deepseek_reasoning,budget_03,run_01,0.5714285714285714,4.0,7,0.0
MTG33,33_LongBeachCC_01262016,LongBeachCC_01262016,LongBeachCC_01262016_16-0069,non-decision,Other,deepseek_reasoning,budget_03,run_02,0.5,3.5,7,0.0
MTG33,33_LongBeachCC_01262016,LongBeachCC_01262016,LongBeachCC_01262016_16-0069,non-decision,Other,deepseek_reasoning,budget_03,run_03,0.5714285714285714,4.0,7,0.25
MTG33,33_LongBeachCC_01262016,LongBeachCC_01262016,LongBeachCC_01262016_16-0069,non-decision,Other,deepseek_reasoning,budget_03,run_04,0.7142857142857143,5.0,7,0.0
MTG33,33_LongBeachCC_01262016,LongBeachCC_01262016,LongBeachCC_01262016_16-0069,non-decision,Other,deepseek_reasoning,budget_03,run_05,0.5,3.5,7,0.0
MTG33,33_LongBeachCC_01262016,LongBeachCC_01262016,LongBeachCC_01262016_16-0069,non-decision,Other,deepseek_reasoning,budget_06,run_01,0.8571428571428571,6.0,7,0.0
MTG33,33_LongBeachCC_01262016,LongBeachCC_01262016,LongBeachCC_01262016_16-0069,non-decision,Other,deepseek_reasoning,budget_06,run_02,1.0,7.0,7,0.0
MTG33,33_LongBeachCC_01262016,LongBeachCC_01262016,LongBeachCC_01262016_16-0069,non-decision,Other,deepseek_reasoning,budget_06,run_03,1.0,7.0,7,0.2857142857142857
MTG33,33_LongBeachCC_01262016,LongBeachCC_01262016,LongBeachCC_01262016_16-0069,non-decision,Other,deepseek_reasoning,budget_06,run_04,1.0,7.0,7,0.0
MTG33,33_LongBeachCC_01262016,LongBeachCC_01262016,LongBeachCC_01262016_16-0069,non-decision,Other,deepseek_reasoning,budget_06,run_05,0.9285714285714286,6.5,7,0.0
MTG33,33_LongBeachCC_01262016,LongBeachCC_01262016,LongBeachCC_01262016_16-0069,non-decision,Other,deepseek_temp1_chat,budget_02,run_01,0.7142857142857143,5.0,7,0.0
MTG33,33_LongBeachCC_01262016,LongBeachCC_01262016,LongBeachCC_01262016_16-0069,non-decision,Other,deepseek_temp1_chat,budget_02,run_02,0.5,3.5,7,0.0
MTG33,33_LongBeachCC_01262016,LongBeachCC_01262016,LongBeachCC_01262016_16-0069,non-decision,Other,deepseek_temp1_chat,budget_02,run_03,1.0,7.0,7,0.14285714285714285
MTG33,33_LongBeachCC_01262016,LongBeachCC_01262016,LongBeachCC_01262016_16-0069,non-decision,Other,deepseek_temp1_chat,budget_02,run_04,0.6428571428571429,4.5,7,0.0
MTG33,33_LongBeachCC_01262016,LongBeachCC_01262016,LongBeachCC_01262016_16-0069,non-decision,Other,deepseek_temp1_chat,budget_02,run_05,0.8571428571428571,6.0,7,0.0
MTG33,33_LongBeachCC_01262016,LongBeachCC_01262016,LongBeachCC_01262016_16-0069,non-decision,Other,deepseek_temp1_chat,budget_03,run_01,0.5,3.5,7,0.0
MTG33,33_LongBeachCC_01262016,LongBeachCC_01262016,LongBeachCC_01262016_16-0069,non-decision,Other,deepseek_temp1_chat,budget_03,run_02,0.8571428571428571,6.0,7,0.0
MTG33,33_LongBeachCC_01262016,LongBeachCC_01262016,LongBeachCC_01262016_16-0069,non-decision,Other,deepseek_temp1_chat,budget_03,run_03,0.9285714285714286,6.5,7,0.0
MTG33,33_LongBeachCC_01262016,LongBeachCC_01262016,LongBeachCC_01262016_16-0069,non-decision,Other,deepseek_temp1_chat,budget_03,run_04,0.6428571428571429,4.5,7,0.0
MTG33,33_LongBeachCC_01262016,LongBeachCC_01262016,LongBeachCC_01262016_16-0069,non-decision,Other,deepseek_temp1_chat,budget_03,run_05,1.0,7.0,7,0.0
MTG33,33_LongBeachCC_01262016,LongBeachCC_01262016,LongBeachCC_01262016_16-0069,non-decision,Other,deepseek_temp1_chat,budget_06,run_01,0.7857142857142857,5.5,7,0.0
MTG33,33_LongBeachCC_01262016,LongBeachCC_01262016,LongBeachCC_01262016_16-0069,non-decision,Other,deepseek_temp1_chat,budget_06,run_02,1.0,7.0,7,0.0
MTG33,33_LongBeachCC_01262016,LongBeachCC_01262016,LongBeachCC_01262016_16-0069,non-decision,Other,deepseek_temp1_chat,budget_06,run_03,0.7857142857142857,5.5,7,0.0
MTG33,33_LongBeachCC_01262016,LongBeachCC_01262016,LongBeachCC_01262016_16-0069,non-decision,Other,deepseek_temp1_chat,budget_06,run_04,1.0,7.0,7,0.0
MTG33,33_LongBeachCC_01262016,LongBeachCC_01262016,LongBeachCC_01262016_16-0069,non-decision,Other,deepseek_temp1_chat,budget_06,run_05,1.0,7.0,7,0.2857142857142857
MTG33,33_LongBeachCC_01262016,LongBeachCC_01262016,LongBeachCC_01262016_16-0069,non-decision,Other,gemini_2_5_flash_lite,budget_02,run_01,0.35714285714285715,2.5,7,0.0
MTG33,33_LongBeachCC_01262016,LongBeachCC_01262016,LongBeachCC_01262016_16-0069,non-decision,Other,gemini_2_5_flash_lite,budget_02,run_02,0.5714285714285714,4.0,7,0.0
MTG33,33_LongBeachCC_01262016,LongBeachCC_01262016,LongBeachCC_01262016_16-0069,non-decision,Other,gemini_2_5_flash_lite,budget_02,run_03,0.5714285714285714,4.0,7,0.0
MTG33,33_LongBeachCC_01262016,LongBeachCC_01262016,LongBeachCC_01262016_16-0069,non-decision,Other,gemini_2_5_flash_lite,budget_02,run_04,0.5714285714285714,4.0,7,0.0
MTG33,33_LongBeachCC_01262016,LongBeachCC_01262016,LongBeachCC_01262016_16-0069,non-decision,Other,gemini_2_5_flash_lite,budget_02,run_05,0.5,3.5,7,0.0
MTG33,33_LongBeachCC_01262016,LongBeachCC_01262016,LongBeachCC_01262016_16-0069,non-decision,Other,gemini_2_5_flash_lite,budget_03,run_01,0.7142857142857143,5.0,7,0.0
MTG33,33_LongBeachCC_01262016,LongBeachCC_01262016,LongBeachCC_01262016_16-0069,non-decision,Other,gemini_2_5_flash_lite,budget_03,run_02,1.0,7.0,7,0.0
MTG33,33_LongBeachCC_01262016,LongBeachCC_01262016,LongBeachCC_01262016_16-0069,non-decision,Other,gemini_2_5_flash_lite,budget_03,run_03,0.7142857142857143,5.0,7,0.0
MTG33,33_LongBeachCC_01262016,LongBeachCC_01262016,LongBeachCC_01262016_16-0069,non-decision,Other,gemini_2_5_flash_lite,budget_03,run_04,0.7142857142857143,5.0,7,0.0
MTG33,33_LongBeachCC_01262016,LongBeachCC_01262016,LongBeachCC_01262016_16-0069,non-decision,Other,gemini_2_5_flash_lite,budget_03,run_05,1.0,7.0,7,0.0
MTG33,33_LongBeachCC_01262016,LongBeachCC_01262016,LongBeachCC_01262016_16-0069,non-decision,Other,gemini_2_5_flash_lite,budget_06,run_01,1.0,7.0,7,0.0
MTG33,33_LongBeachCC_01262016,LongBeachCC_01262016,LongBeachCC_01262016_16-0069,non-decision,Other,gemini_2_5_flash_lite,budget_06,run_02,0.8571428571428571,6.0,7,0.0
MTG33,33_LongBeachCC_01262016,LongBeachCC_01262016,LongBeachCC_01262016_16-0069,non-decision,Other,gemini_2_5_flash_lite,budget_06,run_03,0.9285714285714286,6.5,7,0.0
MTG33,33_LongBeachCC_01262016,LongBeachCC_01262016,LongBeachCC_01262016_16-0069,non-decision,Other,gemini_2_5_flash_lite,budget_06,run_04,1.0,7.0,7,0.0
MTG33,33_LongBeachCC_01262016,LongBeachCC_01262016,LongBeachCC_01262016_16-0069,non-decision,Other,gemini_2_5_flash_lite,budget_06,run_05,1.0,7.0,7,0.0
MTG34,34_LongBeachCC_05112021,LongBeachCC_05112021,LongBeachCC_05112021_21-0424,non-decision,Other,deepseek_reasoning,budget_02,run_01,0.2857142857142857,2.0,7,0.5
MTG34,34_LongBeachCC_05112021,LongBeachCC_05112021,LongBeachCC_05112021_21-0424,non-decision,Other,deepseek_reasoning,budget_02,run_02,0.5714285714285714,4.0,7,0.0
MTG34,34_LongBeachCC_05112021,LongBeachCC_05112021,LongBeachCC_05112021_21-0424,non-decision,Other,deepseek_reasoning,budget_02,run_03,0.5714285714285714,4.0,7,0.0
MTG34,34_LongBeachCC_05112021,LongBeachCC_05112021,LongBeachCC_05112021_21-0424,non-decision,Other,deepseek_reasoning,budget_02,run_04,0.5714285714285714,4.0,7,0.0
MTG34,34_LongBeachCC_05112021,LongBeachCC_05112021,LongBeachCC_05112021_21-0424,non-decision,Other,deepseek_reasoning,budget_02,run_05,0.5714285714285714,4.0,7,0.0
MTG34,34_LongBeachCC_05112021,LongBeachCC_05112021,LongBeachCC_05112021_21-0424,non-decision,Other,deepseek_reasoning,budget_03,run_01,0.5714285714285714,4.0,7,0.0
MTG34,34_LongBeachCC_05112021,LongBeachCC_05112021,LongBeachCC_05112021_21-0424,non-decision,Other,deepseek_reasoning,budget_03,run_02,0.5714285714285714,4.0,7,0.0
MTG34,34_LongBeachCC_05112021,LongBeachCC_05112021,LongBeachCC_05112021_21-0424,non-decision,Other,deepseek_reasoning,budget_03,run_03,0.7142857142857143,5.0,7,0.0
MTG34,34_LongBeachCC_05112021,LongBeachCC_05112021,LongBeachCC_05112021_21-0424,non-decision,Other,deepseek_reasoning,budget_03,run_04,0.8571428571428571,6.0,7,0.16666666666666666
MTG34,34_LongBeachCC_05112021,LongBeachCC_05112021,LongBeachCC_05112021_21-0424,non-decision,Other,deepseek_reasoning,budget_03,run_05,0.7142857142857143,5.0,7,0.0
MTG34,34_LongBeachCC_05112021,LongBeachCC_05112021,LongBeachCC_05112021_21-0424,non-decision,Other,deepseek_reasoning,budget_06,run_01,0.7142857142857143,5.0,7,0.2
MTG34,34_LongBeachCC_05112021,LongBeachCC_05112021,LongBeachCC_05112021_21-0424,non-decision,Other,deepseek_reasoning,budget_06,run_02,0.7142857142857143,5.0,7,0.0
MTG34,34_LongBeachCC_05112021,LongBeachCC_05112021,LongBeachCC_05112021_21-0424,non-decision,Other,deepseek_reasoning,budget_06,run_03,0.8571428571428571,6.0,7,0.0
MTG34,34_LongBeachCC_05112021,LongBeachCC_05112021,LongBeachCC_05112021_21-0424,non-decision,Other,deepseek_reasoning,budget_06,run_04,0.7142857142857143,5.0,7,0.0
MTG34,34_LongBeachCC_05112021,LongBeachCC_05112021,LongBeachCC_05112021_21-0424,non-decision,Other,deepseek_reasoning,budget_06,run_05,0.8571428571428571,6.0,7,0.0
MTG34,34_LongBeachCC_05112021,LongBeachCC_05112021,LongBeachCC_05112021_21-0424,non-decision,Other,deepseek_temp1_chat,budget_02,run_01,0.7142857142857143,5.0,7,0.0
MTG34,34_LongBeachCC_05112021,LongBeachCC_05112021,LongBeachCC_05112021_21-0424,non-decision,Other,deepseek_temp1_chat,budget_02,run_02,0.5714285714285714,4.0,7,0.0
MTG34,34_LongBeachCC_05112021,LongBeachCC_05112021,LongBeachCC_05112021_21-0424,non-decision,Other,deepseek_temp1_chat,budget_02,run_03,0.5,3.5,7,0.5
MTG34,34_LongBeachCC_05112021,LongBeachCC_05112021,LongBeachCC_05112021_21-0424,non-decision,Other,deepseek_temp1_chat,budget_02,run_04,0.5714285714285714,4.0,7,0.0
MTG34,34_LongBeachCC_05112021,LongBeachCC_05112021,LongBeachCC_05112021_21-0424,non-decision,Other,deepseek_temp1_chat,budget_02,run_05,0.5714285714285714,4.0,7,0.25
MTG34,34_LongBeachCC_05112021,LongBeachCC_05112021,LongBeachCC_05112021_21-0424,non-decision,Other,deepseek_temp1_chat,budget_03,run_01,0.8571428571428571,6.0,7,0.0
MTG34,34_LongBeachCC_05112021,LongBeachCC_05112021,LongBeachCC_05112021_21-0424,non-decision,Other,deepseek_temp1_chat,budget_03,run_02,0.7142857142857143,5.0,7,0.0
MTG34,34_LongBeachCC_05112021,LongBeachCC_05112021,LongBeachCC_05112021_21-0424,non-decision,Other,deepseek_temp1_chat,budget_03,run_03,0.5714285714285714,4.0,7,0.0
MTG34,34_LongBeachCC_05112021,LongBeachCC_05112021,LongBeachCC_05112021_21-0424,non-decision,Other,deepseek_temp1_chat,budget_03,run_04,0.7142857142857143,5.0,7,0.0
MTG34,34_LongBeachCC_05112021,LongBeachCC_05112021,LongBeachCC_05112021_21-0424,non-decision,Other,deepseek_temp1_chat,budget_03,run_05,0.8571428571428571,6.0,7,0.0
MTG34,34_LongBeachCC_05112021,LongBeachCC_05112021,LongBeachCC_05112021_21-0424,non-decision,Other,deepseek_temp1_chat,budget_06,run_01,0.8571428571428571,6.0,7,0.0
MTG34,34_LongBeachCC_05112021,LongBeachCC_05112021,LongBeachCC_05112021_21-0424,non-decision,Other,deepseek_temp1_chat,budget_06,run_02,1.0,7.0,7,0.14285714285714285
MTG34,34_LongBeachCC_05112021,LongBeachCC_05112021,LongBeachCC_05112021_21-0424,non-decision,Other,deepseek_temp1_chat,budget_06,run_03,0.8571428571428571,6.0,7,0.0
MTG34,34_LongBeachCC_05112021,LongBeachCC_05112021,LongBeachCC_05112021_21-0424,non-decision,Other,deepseek_temp1_chat,budget_06,run_04,0.8571428571428571,6.0,7,0.0
MTG34,34_LongBeachCC_05112021,LongBeachCC_05112021,LongBeachCC_05112021_21-0424,non-decision,Other,deepseek_temp1_chat,budget_06,run_05,0.8571428571428571,6.0,7,0.16666666666666666
MTG34,34_LongBeachCC_05112021,LongBeachCC_05112021,LongBeachCC_05112021_21-0424,non-decision,Other,gemini_2_5_flash_lite,budget_02,run_01,0.5714285714285714,4.0,7,0.0
MTG34,34_LongBeachCC_05112021,LongBeachCC_05112021,LongBeachCC_05112021_21-0424,non-decision,Other,gemini_2_5_flash_lite,budget_02,run_02,0.7857142857142857,5.5,7,0.0
MTG34,34_LongBeachCC_05112021,LongBeachCC_05112021,LongBeachCC_05112021_21-0424,non-decision,Other,gemini_2_5_flash_lite,budget_02,run_03,0.7857142857142857,5.5,7,0.0
MTG34,34_LongBeachCC_05112021,LongBeachCC_05112021,LongBeachCC_05112021_21-0424,non-decision,Other,gemini_2_5_flash_lite,budget_02,run_04,0.5714285714285714,4.0,7,0.0
MTG34,34_LongBeachCC_05112021,LongBeachCC_05112021,LongBeachCC_05112021_21-0424,non-decision,Other,gemini_2_5_flash_lite,budget_02,run_05,0.7142857142857143,5.0,7,0.0
MTG34,34_LongBeachCC_05112021,LongBeachCC_05112021,LongBeachCC_05112021_21-0424,non-decision,Other,gemini_2_5_flash_lite,budget_03,run_01,0.6428571428571429,4.5,7,0.0
MTG34,34_LongBeachCC_05112021,LongBeachCC_05112021,LongBeachCC_05112021_21-0424,non-decision,Other,gemini_2_5_flash_lite,budget_03,run_02,0.7142857142857143,5.0,7,0.0
MTG34,34_LongBeachCC_05112021,LongBeachCC_05112021,LongBeachCC_05112021_21-0424,non-decision,Other,gemini_2_5_flash_lite,budget_03,run_03,0.6428571428571429,4.5,7,0.0
MTG34,34_LongBeachCC_05112021,LongBeachCC_05112021,LongBeachCC_05112021_21-0424,non-decision,Other,gemini_2_5_flash_lite,budget_03,run_04,0.6428571428571429,4.5,7,0.0
MTG34,34_LongBeachCC_05112021,LongBeachCC_05112021,LongBeachCC_05112021_21-0424,non-decision,Other,gemini_2_5_flash_lite,budget_03,run_05,0.7142857142857143,5.0,7,0.0
MTG34,34_LongBeachCC_05112021,LongBeachCC_05112021,LongBeachCC_05112021_21-0424,non-decision,Other,gemini_2_5_flash_lite,budget_06,run_01,0.7142857142857143,5.0,7,0.0
MTG34,34_LongBeachCC_05112021,LongBeachCC_05112021,LongBeachCC_05112021_21-0424,non-decision,Other,gemini_2_5_flash_lite,budget_06,run_02,0.7142857142857143,5.0,7,0.0
MTG34,34_LongBeachCC_05112021,LongBeachCC_05112021,LongBeachCC_05112021_21-0424,non-decision,Other,gemini_2_5_flash_lite,budget_06,run_03,0.5714285714285714,4.0,7,0.0
MTG34,34_LongBeachCC_05112021,LongBeachCC_05112021,LongBeachCC_05112021_21-0424,non-decision,Other,gemini_2_5_flash_lite,budget_06,run_04,0.8571428571428571,6.0,7,0.0
MTG34,34_LongBeachCC_05112021,LongBeachCC_05112021,LongBeachCC_05112021_21-0424,non-decision,Other,gemini_2_5_flash_lite,budget_06,run_05,0.6428571428571429,4.5,7,0.0
MTG35,35_AlamedaCC_12062016,AlamedaCC_12062016,AlamedaCC_12062016_2016-3632,non-decision,Other,deepseek_reasoning,budget_02,run_01,0.6428571428571429,4.5,7,0.0
MTG35,35_AlamedaCC_12062016,AlamedaCC_12062016,AlamedaCC_12062016_2016-3632,non-decision,Other,deepseek_reasoning,budget_02,run_02,0.8571428571428571,6.0,7,0.0
MTG35,35_AlamedaCC_12062016,AlamedaCC_12062016,AlamedaCC_12062016_2016-3632,non-decision,Other,deepseek_reasoning,budget_02,run_03,0.5714285714285714,4.0,7,0.0
MTG35,35_AlamedaCC_12062016,AlamedaCC_12062016,AlamedaCC_12062016_2016-3632,non-decision,Other,deepseek_reasoning,budget_02,run_04,0.8571428571428571,6.0,7,0.0
MTG35,35_AlamedaCC_12062016,AlamedaCC_12062016,AlamedaCC_12062016_2016-3632,non-decision,Other,deepseek_reasoning,budget_02,run_05,0.8571428571428571,6.0,7,0.0
MTG35,35_AlamedaCC_12062016,AlamedaCC_12062016,AlamedaCC_12062016_2016-3632,non-decision,Other,deepseek_reasoning,budget_03,run_01,1.0,7.0,7,0.0
MTG35,35_AlamedaCC_12062016,AlamedaCC_12062016,AlamedaCC_12062016_2016-3632,non-decision,Other,deepseek_reasoning,budget_03,run_02,1.0,7.0,7,0.0
MTG35,35_AlamedaCC_12062016,AlamedaCC_12062016,AlamedaCC_12062016_2016-3632,non-decision,Other,deepseek_reasoning,budget_03,run_03,0.8571428571428571,6.0,7,0.0
MTG35,35_AlamedaCC_12062016,AlamedaCC_12062016,AlamedaCC_12062016_2016-3632,non-decision,Other,deepseek_reasoning,budget_03,run_04,1.0,7.0,7,0.0
MTG35,35_AlamedaCC_12062016,AlamedaCC_12062016,AlamedaCC_12062016_2016-3632,non-decision,Other,deepseek_reasoning,budget_03,run_05,1.0,7.0,7,0.0
MTG35,35_AlamedaCC_12062016,AlamedaCC_12062016,AlamedaCC_12062016_2016-3632,non-decision,Other,deepseek_reasoning,budget_06,run_01,0.8571428571428571,6.0,7,0.0
MTG35,35_AlamedaCC_12062016,AlamedaCC_12062016,AlamedaCC_12062016_2016-3632,non-decision,Other,deepseek_reasoning,budget_06,run_02,1.0,7.0,7,0.0
MTG35,35_AlamedaCC_12062016,AlamedaCC_12062016,AlamedaCC_12062016_2016-3632,non-decision,Other,deepseek_reasoning,budget_06,run_03,1.0,7.0,7,0.0
MTG35,35_AlamedaCC_12062016,AlamedaCC_12062016,AlamedaCC_12062016_2016-3632,non-decision,Other,deepseek_reasoning,budget_06,run_04,0.8571428571428571,6.0,7,0.16666666666666666
MTG35,35_AlamedaCC_12062016,AlamedaCC_12062016,AlamedaCC_12062016_2016-3632,non-decision,Other,deepseek_reasoning,budget_06,run_05,1.0,7.0,7,0.0
MTG35,35_AlamedaCC_12062016,AlamedaCC_12062016,AlamedaCC_12062016_2016-3632,non-decision,Other,deepseek_temp1_chat,budget_02,run_01,0.8571428571428571,6.0,7,0.0
MTG35,35_AlamedaCC_12062016,AlamedaCC_12062016,AlamedaCC_12062016_2016-3632,non-decision,Other,deepseek_temp1_chat,budget_02,run_02,0.8571428571428571,6.0,7,0.0
MTG35,35_AlamedaCC_12062016,AlamedaCC_12062016,AlamedaCC_12062016_2016-3632,non-decision,Other,deepseek_temp1_chat,budget_02,run_03,0.7857142857142857,5.5,7,0.0
MTG35,35_AlamedaCC_12062016,AlamedaCC_12062016,AlamedaCC_12062016_2016-3632,non-decision,Other,deepseek_temp1_chat,budget_02,run_04,0.8571428571428571,6.0,7,0.0
MTG35,35_AlamedaCC_12062016,AlamedaCC_12062016,AlamedaCC_12062016_2016-3632,non-decision,Other,deepseek_temp1_chat,budget_02,run_05,1.0,7.0,7,0.0
MTG35,35_AlamedaCC_12062016,AlamedaCC_12062016,AlamedaCC_12062016_2016-3632,non-decision,Other,deepseek_temp1_chat,budget_03,run_01,0.8571428571428571,6.0,7,0.0
MTG35,35_AlamedaCC_12062016,AlamedaCC_12062016,AlamedaCC_12062016_2016-3632,non-decision,Other,deepseek_temp1_chat,budget_03,run_02,1.0,7.0,7,0.0
MTG35,35_AlamedaCC_12062016,AlamedaCC_12062016,AlamedaCC_12062016_2016-3632,non-decision,Other,deepseek_temp1_chat,budget_03,run_03,0.7857142857142857,5.5,7,0.0
MTG35,35_AlamedaCC_12062016,AlamedaCC_12062016,AlamedaCC_12062016_2016-3632,non-decision,Other,deepseek_temp1_chat,budget_03,run_04,1.0,7.0,7,0.0
MTG35,35_AlamedaCC_12062016,AlamedaCC_12062016,AlamedaCC_12062016_2016-3632,non-decision,Other,deepseek_temp1_chat,budget_03,run_05,0.8571428571428571,6.0,7,0.0
MTG35,35_AlamedaCC_12062016,AlamedaCC_12062016,AlamedaCC_12062016_2016-3632,non-decision,Other,deepseek_temp1_chat,budget_06,run_01,1.0,7.0,7,0.0
MTG35,35_AlamedaCC_12062016,AlamedaCC_12062016,AlamedaCC_12062016_2016-3632,non-decision,Other,deepseek_temp1_chat,budget_06,run_02,1.0,7.0,7,0.0
MTG35,35_AlamedaCC_12062016,AlamedaCC_12062016,AlamedaCC_12062016_2016-3632,non-decision,Other,deepseek_temp1_chat,budget_06,run_03,1.0,7.0,7,0.0
MTG35,35_AlamedaCC_12062016,AlamedaCC_12062016,AlamedaCC_12062016_2016-3632,non-decision,Other,deepseek_temp1_chat,budget_06,run_04,1.0,7.0,7,0.0
MTG35,35_AlamedaCC_12062016,AlamedaCC_12062016,AlamedaCC_12062016_2016-3632,non-decision,Other,deepseek_temp1_chat,budget_06,run_05,1.0,7.0,7,0.0
MTG35,35_AlamedaCC_12062016,AlamedaCC_12062016,AlamedaCC_12062016_2016-3632,non-decision,Other,gemini_2_5_flash_lite,budget_02,run_01,0.5,3.5,7,0.0
MTG35,35_AlamedaCC_12062016,AlamedaCC_12062016,AlamedaCC_12062016_2016-3632,non-decision,Other,gemini_2_5_flash_lite,budget_02,run_02,0.7142857142857143,5.0,7,0.0
MTG35,35_AlamedaCC_12062016,AlamedaCC_12062016,AlamedaCC_12062016_2016-3632,non-decision,Other,gemini_2_5_flash_lite,budget_02,run_03,0.7142857142857143,5.0,7,0.0
MTG35,35_AlamedaCC_12062016,AlamedaCC_12062016,AlamedaCC_12062016_2016-3632,non-decision,Other,gemini_2_5_flash_lite,budget_02,run_04,0.42857142857142855,3.0,7,0.0
MTG35,35_AlamedaCC_12062016,AlamedaCC_12062016,AlamedaCC_12062016_2016-3632,non-decision,Other,gemini_2_5_flash_lite,budget_02,run_05,0.7142857142857143,5.0,7,0.0
MTG35,35_AlamedaCC_12062016,AlamedaCC_12062016,AlamedaCC_12062016_2016-3632,non-decision,Other,gemini_2_5_flash_lite,budget_03,run_01,0.8571428571428571,6.0,7,0.0
MTG35,35_AlamedaCC_12062016,AlamedaCC_12062016,AlamedaCC_12062016_2016-3632,non-decision,Other,gemini_2_5_flash_lite,budget_03,run_02,1.0,7.0,7,0.7142857142857143
MTG35,35_AlamedaCC_12062016,AlamedaCC_12062016,AlamedaCC_12062016_2016-3632,non-decision,Other,gemini_2_5_flash_lite,budget_03,run_03,0.7857142857142857,5.5,7,0.0
MTG35,35_AlamedaCC_12062016,AlamedaCC_12062016,AlamedaCC_12062016_2016-3632,non-decision,Other,gemini_2_5_flash_lite,budget_03,run_04,0.8571428571428571,6.0,7,0.0
MTG35,35_AlamedaCC_12062016,AlamedaCC_12062016,AlamedaCC_12062016_2016-3632,non-decision,Other,gemini_2_5_flash_lite,budget_03,run_05,0.7142857142857143,5.0,7,0.2
MTG35,35_AlamedaCC_12062016,AlamedaCC_12062016,AlamedaCC_12062016_2016-3632,non-decision,Other,gemini_2_5_flash_lite,budget_06,run_01,1.0,7.0,7,0.0
MTG35,35_AlamedaCC_12062016,AlamedaCC_12062016,AlamedaCC_12062016_2016-3632,non-decision,Other,gemini_2_5_flash_lite,budget_06,run_02,1.0,7.0,7,0.0
MTG35,35_AlamedaCC_12062016,AlamedaCC_12062016,AlamedaCC_12062016_2016-3632,non-decision,Other,gemini_2_5_flash_lite,budget_06,run_03,1.0,7.0,7,0.2857142857142857
MTG35,35_AlamedaCC_12062016,AlamedaCC_12062016,AlamedaCC_12062016_2016-3632,non-decision,Other,gemini_2_5_flash_lite,budget_06,run_04,1.0,7.0,7,0.0
MTG35,35_AlamedaCC_12062016,AlamedaCC_12062016,AlamedaCC_12062016_2016-3632,non-decision,Other,gemini_2_5_flash_lite,budget_06,run_05,0.8571428571428571,6.0,7,0.0
MTG36,36_LongBeachCC_11012016,LongBeachCC_11012016,LongBeachCC_11012016_16-0988,non-decision,Other,deepseek_reasoning,budget_02,run_01,0.7142857142857143,5.0,7,0.2
MTG36,36_LongBeachCC_11012016,LongBeachCC_11012016,LongBeachCC_11012016_16-0988,non-decision,Other,deepseek_reasoning,budget_02,run_02,0.7142857142857143,5.0,7,0.0
MTG36,36_LongBeachCC_11012016,LongBeachCC_11012016,LongBeachCC_11012016_16-0988,non-decision,Other,deepseek_reasoning,budget_02,run_03,0.7142857142857143,5.0,7,0.0
MTG36,36_LongBeachCC_11012016,LongBeachCC_11012016,LongBeachCC_11012016_16-0988,non-decision,Other,deepseek_reasoning,budget_02,run_04,0.7142857142857143,5.0,7,0.2
MTG36,36_LongBeachCC_11012016,LongBeachCC_11012016,LongBeachCC_11012016_16-0988,non-decision,Other,deepseek_reasoning,budget_02,run_05,0.2857142857142857,2.0,7,0.0
MTG36,36_LongBeachCC_11012016,LongBeachCC_11012016,LongBeachCC_11012016_16-0988,non-decision,Other,deepseek_reasoning,budget_03,run_01,1.0,7.0,7,0.0
MTG36,36_LongBeachCC_11012016,LongBeachCC_11012016,LongBeachCC_11012016_16-0988,non-decision,Other,deepseek_reasoning,budget_03,run_02,0.7142857142857143,5.0,7,0.2
MTG36,36_LongBeachCC_11012016,LongBeachCC_11012016,LongBeachCC_11012016_16-0988,non-decision,Other,deepseek_reasoning,budget_03,run_03,0.9285714285714286,6.5,7,0.2857142857142857
MTG36,36_LongBeachCC_11012016,LongBeachCC_11012016,LongBeachCC_11012016_16-0988,non-decision,Other,deepseek_reasoning,budget_03,run_04,0.8571428571428571,6.0,7,0.3333333333333333
MTG36,36_LongBeachCC_11012016,LongBeachCC_11012016,LongBeachCC_11012016_16-0988,non-decision,Other,deepseek_reasoning,budget_03,run_05,0.7142857142857143,5.0,7,0.0
MTG36,36_LongBeachCC_11012016,LongBeachCC_11012016,LongBeachCC_11012016_16-0988,non-decision,Other,deepseek_reasoning,budget_06,run_01,0.8571428571428571,6.0,7,0.0
MTG36,36_LongBeachCC_11012016,LongBeachCC_11012016,LongBeachCC_11012016_16-0988,non-decision,Other,deepseek_reasoning,budget_06,run_02,1.0,7.0,7,0.0
MTG36,36_LongBeachCC_11012016,LongBeachCC_11012016,LongBeachCC_11012016_16-0988,non-decision,Other,deepseek_reasoning,budget_06,run_03,0.9285714285714286,6.5,7,0.0
MTG36,36_LongBeachCC_11012016,LongBeachCC_11012016,LongBeachCC_11012016_16-0988,non-decision,Other,deepseek_reasoning,budget_06,run_04,0.9285714285714286,6.5,7,0.14285714285714285
MTG36,36_LongBeachCC_11012016,LongBeachCC_11012016,LongBeachCC_11012016_16-0988,non-decision,Other,deepseek_reasoning,budget_06,run_05,0.8571428571428571,6.0,7,0.16666666666666666
MTG36,36_LongBeachCC_11012016,LongBeachCC_11012016,LongBeachCC_11012016_16-0988,non-decision,Other,deepseek_temp1_chat,budget_02,run_01,0.7142857142857143,5.0,7,0.0
MTG36,36_LongBeachCC_11012016,LongBeachCC_11012016,LongBeachCC_11012016_16-0988,non-decision,Other,deepseek_temp1_chat,budget_02,run_02,0.9285714285714286,6.5,7,0.0
MTG36,36_LongBeachCC_11012016,LongBeachCC_11012016,LongBeachCC_11012016_16-0988,non-decision,Other,deepseek_temp1_chat,budget_02,run_03,0.8571428571428571,6.0,7,0.3333333333333333
MTG36,36_LongBeachCC_11012016,LongBeachCC_11012016,LongBeachCC_11012016_16-0988,non-decision,Other,deepseek_temp1_chat,budget_02,run_04,0.8571428571428571,6.0,7,0.3333333333333333
MTG36,36_LongBeachCC_11012016,LongBeachCC_11012016,LongBeachCC_11012016_16-0988,non-decision,Other,deepseek_temp1_chat,budget_02,run_05,0.8571428571428571,6.0,7,0.0
MTG36,36_LongBeachCC_11012016,LongBeachCC_11012016,LongBeachCC_11012016_16-0988,non-decision,Other,deepseek_temp1_chat,budget_03,run_01,0.8571428571428571,6.0,7,0.0
MTG36,36_LongBeachCC_11012016,LongBeachCC_11012016,LongBeachCC_11012016_16-0988,non-decision,Other,deepseek_temp1_chat,budget_03,run_02,0.9285714285714286,6.5,7,0.14285714285714285
MTG36,36_LongBeachCC_11012016,LongBeachCC_11012016,LongBeachCC_11012016_16-0988,non-decision,Other,deepseek_temp1_chat,budget_03,run_03,0.9285714285714286,6.5,7,0.14285714285714285
MTG36,36_LongBeachCC_11012016,LongBeachCC_11012016,LongBeachCC_11012016_16-0988,non-decision,Other,deepseek_temp1_chat,budget_03,run_04,0.8571428571428571,6.0,7,0.16666666666666666
MTG36,36_LongBeachCC_11012016,LongBeachCC_11012016,LongBeachCC_11012016_16-0988,non-decision,Other,deepseek_temp1_chat,budget_03,run_05,0.9285714285714286,6.5,7,0.0
MTG36,36_LongBeachCC_11012016,LongBeachCC_11012016,LongBeachCC_11012016_16-0988,non-decision,Other,deepseek_temp1_chat,budget_06,run_01,0.8571428571428571,6.0,7,0.0
MTG36,36_LongBeachCC_11012016,LongBeachCC_11012016,LongBeachCC_11012016_16-0988,non-decision,Other,deepseek_temp1_chat,budget_06,run_02,0.9285714285714286,6.5,7,0.0
MTG36,36_LongBeachCC_11012016,LongBeachCC_11012016,LongBeachCC_11012016_16-0988,non-decision,Other,deepseek_temp1_chat,budget_06,run_03,0.9285714285714286,6.5,7,0.0
MTG36,36_LongBeachCC_11012016,LongBeachCC_11012016,LongBeachCC_11012016_16-0988,non-decision,Other,deepseek_temp1_chat,budget_06,run_04,0.8571428571428571,6.0,7,0.16666666666666666
MTG36,36_LongBeachCC_11012016,LongBeachCC_11012016,LongBeachCC_11012016_16-0988,non-decision,Other,deepseek_temp1_chat,budget_06,run_05,0.8571428571428571,6.0,7,0.16666666666666666
MTG36,36_LongBeachCC_11012016,LongBeachCC_11012016,LongBeachCC_11012016_16-0988,non-decision,Other,gemini_2_5_flash_lite,budget_02,run_01,0.7142857142857143,5.0,7,0.0
MTG36,36_LongBeachCC_11012016,LongBeachCC_11012016,LongBeachCC_11012016_16-0988,non-decision,Other,gemini_2_5_flash_lite,budget_02,run_02,0.7857142857142857,5.5,7,0.0
MTG36,36_LongBeachCC_11012016,LongBeachCC_11012016,LongBeachCC_11012016_16-0988,non-decision,Other,gemini_2_5_flash_lite,budget_02,run_03,0.8571428571428571,6.0,7,0.0
MTG36,36_LongBeachCC_11012016,LongBeachCC_11012016,LongBeachCC_11012016_16-0988,non-decision,Other,gemini_2_5_flash_lite,budget_02,run_04,0.7857142857142857,5.5,7,0.0
MTG36,36_LongBeachCC_11012016,LongBeachCC_11012016,LongBeachCC_11012016_16-0988,non-decision,Other,gemini_2_5_flash_lite,budget_02,run_05,0.42857142857142855,3.0,7,0.3333333333333333
MTG36,36_LongBeachCC_11012016,LongBeachCC_11012016,LongBeachCC_11012016_16-0988,non-decision,Other,gemini_2_5_flash_lite,budget_03,run_01,1.0,7.0,7,0.0
MTG36,36_LongBeachCC_11012016,LongBeachCC_11012016,LongBeachCC_11012016_16-0988,non-decision,Other,gemini_2_5_flash_lite,budget_03,run_02,0.7142857142857143,5.0,7,0.0
MTG36,36_LongBeachCC_11012016,LongBeachCC_11012016,LongBeachCC_11012016_16-0988,non-decision,Other,gemini_2_5_flash_lite,budget_03,run_03,0.7142857142857143,5.0,7,0.2
MTG36,36_LongBeachCC_11012016,LongBeachCC_11012016,LongBeachCC_11012016_16-0988,non-decision,Other,gemini_2_5_flash_lite,budget_03,run_04,0.5714285714285714,4.0,7,0.0
MTG36,36_LongBeachCC_11012016,LongBeachCC_11012016,LongBeachCC_11012016_16-0988,non-decision,Other,gemini_2_5_flash_lite,budget_03,run_05,0.7142857142857143,5.0,7,0.2
MTG36,36_LongBeachCC_11012016,LongBeachCC_11012016,LongBeachCC_11012016_16-0988,non-decision,Other,gemini_2_5_flash_lite,budget_06,run_01,0.8571428571428571,6.0,7,0.0
MTG36,36_LongBeachCC_11012016,LongBeachCC_11012016,LongBeachCC_11012016_16-0988,non-decision,Other,gemini_2_5_flash_lite,budget_06,run_02,1.0,7.0,7,0.14285714285714285
MTG36,36_LongBeachCC_11012016,LongBeachCC_11012016,LongBeachCC_11012016_16-0988,non-decision,Other,gemini_2_5_flash_lite,budget_06,run_03,0.7142857142857143,5.0,7,0.2
MTG36,36_LongBeachCC_11012016,LongBeachCC_11012016,LongBeachCC_11012016_16-0988,non-decision,Other,gemini_2_5_flash_lite,budget_06,run_04,0.8571428571428571,6.0,7,0.0
MTG36,36_LongBeachCC_11012016,LongBeachCC_11012016,LongBeachCC_11012016_16-0988,non-decision,Other,gemini_2_5_flash_lite,budget_06,run_05,0.7142857142857143,5.0,7,0.2
MTG37,37_AlamedaCC_03302021,AlamedaCC_03302021,AlamedaCC_03302021_2021-8247,non-decision,Other,deepseek_reasoning,budget_02,run_01,0.9285714285714286,6.5,7,0.0
MTG37,37_AlamedaCC_03302021,AlamedaCC_03302021,AlamedaCC_03302021_2021-8247,non-decision,Other,deepseek_reasoning,budget_02,run_02,0.5714285714285714,4.0,7,0.0
MTG37,37_AlamedaCC_03302021,AlamedaCC_03302021,AlamedaCC_03302021_2021-8247,non-decision,Other,deepseek_reasoning,budget_02,run_03,1.0,7.0,7,0.0
MTG37,37_AlamedaCC_03302021,AlamedaCC_03302021,AlamedaCC_03302021_2021-8247,non-decision,Other,deepseek_reasoning,budget_02,run_04,0.6428571428571429,4.5,7,0.2
MTG37,37_AlamedaCC_03302021,AlamedaCC_03302021,AlamedaCC_03302021_2021-8247,non-decision,Other,deepseek_reasoning,budget_02,run_05,1.0,7.0,7,0.0
MTG37,37_AlamedaCC_03302021,AlamedaCC_03302021,AlamedaCC_03302021_2021-8247,non-decision,Other,deepseek_reasoning,budget_03,run_01,1.0,7.0,7,0.0
MTG37,37_AlamedaCC_03302021,AlamedaCC_03302021,AlamedaCC_03302021_2021-8247,non-decision,Other,deepseek_reasoning,budget_03,run_02,1.0,7.0,7,0.0
MTG37,37_AlamedaCC_03302021,AlamedaCC_03302021,AlamedaCC_03302021_2021-8247,non-decision,Other,deepseek_reasoning,budget_03,run_03,0.7142857142857143,5.0,7,0.0
MTG37,37_AlamedaCC_03302021,AlamedaCC_03302021,AlamedaCC_03302021_2021-8247,non-decision,Other,deepseek_reasoning,budget_03,run_04,1.0,7.0,7,0.0
MTG37,37_AlamedaCC_03302021,AlamedaCC_03302021,AlamedaCC_03302021_2021-8247,non-decision,Other,deepseek_reasoning,budget_03,run_05,1.0,7.0,7,0.0
MTG37,37_AlamedaCC_03302021,AlamedaCC_03302021,AlamedaCC_03302021_2021-8247,non-decision,Other,deepseek_reasoning,budget_06,run_01,1.0,7.0,7,0.0
MTG37,37_AlamedaCC_03302021,AlamedaCC_03302021,AlamedaCC_03302021_2021-8247,non-decision,Other,deepseek_reasoning,budget_06,run_02,1.0,7.0,7,0.0
MTG37,37_AlamedaCC_03302021,AlamedaCC_03302021,AlamedaCC_03302021_2021-8247,non-decision,Other,deepseek_reasoning,budget_06,run_03,1.0,7.0,7,0.2857142857142857
MTG37,37_AlamedaCC_03302021,AlamedaCC_03302021,AlamedaCC_03302021_2021-8247,non-decision,Other,deepseek_reasoning,budget_06,run_04,1.0,7.0,7,0.0
MTG37,37_AlamedaCC_03302021,AlamedaCC_03302021,AlamedaCC_03302021_2021-8247,non-decision,Other,deepseek_reasoning,budget_06,run_05,1.0,7.0,7,0.0
MTG37,37_AlamedaCC_03302021,AlamedaCC_03302021,AlamedaCC_03302021_2021-8247,non-decision,Other,deepseek_temp1_chat,budget_02,run_01,0.5714285714285714,4.0,7,0.0
MTG37,37_AlamedaCC_03302021,AlamedaCC_03302021,AlamedaCC_03302021_2021-8247,non-decision,Other,deepseek_temp1_chat,budget_02,run_02,0.9285714285714286,6.5,7,0.0
MTG37,37_AlamedaCC_03302021,AlamedaCC_03302021,AlamedaCC_03302021_2021-8247,non-decision,Other,deepseek_temp1_chat,budget_02,run_03,0.7142857142857143,5.0,7,0.0
MTG37,37_AlamedaCC_03302021,AlamedaCC_03302021,AlamedaCC_03302021_2021-8247,non-decision,Other,deepseek_temp1_chat,budget_02,run_04,0.7142857142857143,5.0,7,0.0
MTG37,37_AlamedaCC_03302021,AlamedaCC_03302021,AlamedaCC_03302021_2021-8247,non-decision,Other,deepseek_temp1_chat,budget_02,run_05,0.9285714285714286,6.5,7,0.0
MTG37,37_AlamedaCC_03302021,AlamedaCC_03302021,AlamedaCC_03302021_2021-8247,non-decision,Other,deepseek_temp1_chat,budget_03,run_01,0.7142857142857143,5.0,7,0.0
MTG37,37_AlamedaCC_03302021,AlamedaCC_03302021,AlamedaCC_03302021_2021-8247,non-decision,Other,deepseek_temp1_chat,budget_03,run_02,1.0,7.0,7,0.0
MTG37,37_AlamedaCC_03302021,AlamedaCC_03302021,AlamedaCC_03302021_2021-8247,non-decision,Other,deepseek_temp1_chat,budget_03,run_03,1.0,7.0,7,0.14285714285714285
MTG37,37_AlamedaCC_03302021,AlamedaCC_03302021,AlamedaCC_03302021_2021-8247,non-decision,Other,deepseek_temp1_chat,budget_03,run_04,1.0,7.0,7,0.0
MTG37,37_AlamedaCC_03302021,AlamedaCC_03302021,AlamedaCC_03302021_2021-8247,non-decision,Other,deepseek_temp1_chat,budget_03,run_05,1.0,7.0,7,0.0
MTG37,37_AlamedaCC_03302021,AlamedaCC_03302021,AlamedaCC_03302021_2021-8247,non-decision,Other,deepseek_temp1_chat,budget_06,run_01,1.0,7.0,7,0.0
MTG37,37_AlamedaCC_03302021,AlamedaCC_03302021,AlamedaCC_03302021_2021-8247,non-decision,Other,deepseek_temp1_chat,budget_06,run_02,0.9285714285714286,6.5,7,0.0
MTG37,37_AlamedaCC_03302021,AlamedaCC_03302021,AlamedaCC_03302021_2021-8247,non-decision,Other,deepseek_temp1_chat,budget_06,run_03,1.0,7.0,7,0.2857142857142857
MTG37,37_AlamedaCC_03302021,AlamedaCC_03302021,AlamedaCC_03302021_2021-8247,non-decision,Other,deepseek_temp1_chat,budget_06,run_04,1.0,7.0,7,0.0
MTG37,37_AlamedaCC_03302021,AlamedaCC_03302021,AlamedaCC_03302021_2021-8247,non-decision,Other,deepseek_temp1_chat,budget_06,run_05,0.9285714285714286,6.5,7,0.0
MTG37,37_AlamedaCC_03302021,AlamedaCC_03302021,AlamedaCC_03302021_2021-8247,non-decision,Other,gemini_2_5_flash_lite,budget_02,run_01,0.5,3.5,7,0.0
MTG37,37_AlamedaCC_03302021,AlamedaCC_03302021,AlamedaCC_03302021_2021-8247,non-decision,Other,gemini_2_5_flash_lite,budget_02,run_02,0.8571428571428571,6.0,7,0.0
MTG37,37_AlamedaCC_03302021,AlamedaCC_03302021,AlamedaCC_03302021_2021-8247,non-decision,Other,gemini_2_5_flash_lite,budget_02,run_03,0.7857142857142857,5.5,7,0.0
MTG37,37_AlamedaCC_03302021,AlamedaCC_03302021,AlamedaCC_03302021_2021-8247,non-decision,Other,gemini_2_5_flash_lite,budget_02,run_04,1.0,7.0,7,0.0
MTG37,37_AlamedaCC_03302021,AlamedaCC_03302021,AlamedaCC_03302021_2021-8247,non-decision,Other,gemini_2_5_flash_lite,budget_02,run_05,0.8571428571428571,6.0,7,0.0
MTG37,37_AlamedaCC_03302021,AlamedaCC_03302021,AlamedaCC_03302021_2021-8247,non-decision,Other,gemini_2_5_flash_lite,budget_03,run_01,0.35714285714285715,2.5,7,0.0
MTG37,37_AlamedaCC_03302021,AlamedaCC_03302021,AlamedaCC_03302021_2021-8247,non-decision,Other,gemini_2_5_flash_lite,budget_03,run_02,0.8571428571428571,6.0,7,0.0
MTG37,37_AlamedaCC_03302021,AlamedaCC_03302021,AlamedaCC_03302021_2021-8247,non-decision,Other,gemini_2_5_flash_lite,budget_03,run_03,0.7857142857142857,5.5,7,0.0
MTG37,37_AlamedaCC_03302021,AlamedaCC_03302021,AlamedaCC_03302021_2021-8247,non-decision,Other,gemini_2_5_flash_lite,budget_03,run_04,0.7142857142857143,5.0,7,0.0
MTG37,37_AlamedaCC_03302021,AlamedaCC_03302021,AlamedaCC_03302021_2021-8247,non-decision,Other,gemini_2_5_flash_lite,budget_03,run_05,0.8571428571428571,6.0,7,0.0
MTG37,37_AlamedaCC_03302021,AlamedaCC_03302021,AlamedaCC_03302021_2021-8247,non-decision,Other,gemini_2_5_flash_lite,budget_06,run_01,1.0,7.0,7,0.0
MTG37,37_AlamedaCC_03302021,AlamedaCC_03302021,AlamedaCC_03302021_2021-8247,non-decision,Other,gemini_2_5_flash_lite,budget_06,run_02,1.0,7.0,7,0.0
MTG37,37_AlamedaCC_03302021,AlamedaCC_03302021,AlamedaCC_03302021_2021-8247,non-decision,Other,gemini_2_5_flash_lite,budget_06,run_03,0.9285714285714286,6.5,7,0.0
MTG37,37_AlamedaCC_03302021,AlamedaCC_03302021,AlamedaCC_03302021_2021-8247,non-decision,Other,gemini_2_5_flash_lite,budget_06,run_04,1.0,7.0,7,0.0
MTG37,37_AlamedaCC_03302021,AlamedaCC_03302021,AlamedaCC_03302021_2021-8247,non-decision,Other,gemini_2_5_flash_lite,budget_06,run_05,0.9285714285714286,6.5,7,0.0
MTG38,38_DenverCityCouncil_02142022,DenverCityCouncil_02142022,DenverCityCouncil_02142022_22-0218,non-decision,Other,deepseek_reasoning,budget_02,run_01,0.5714285714285714,4.0,7,0.0
MTG38,38_DenverCityCouncil_02142022,DenverCityCouncil_02142022,DenverCityCouncil_02142022_22-0218,non-decision,Other,deepseek_reasoning,budget_02,run_02,0.5714285714285714,4.0,7,0.0
MTG38,38_DenverCityCouncil_02142022,DenverCityCouncil_02142022,DenverCityCouncil_02142022_22-0218,non-decision,Other,deepseek_reasoning,budget_02,run_03,0.5714285714285714,4.0,7,0.0
MTG38,38_DenverCityCouncil_02142022,DenverCityCouncil_02142022,DenverCityCouncil_02142022_22-0218,non-decision,Other,deepseek_reasoning,budget_02,run_04,0.5714285714285714,4.0,7,0.0
MTG38,38_DenverCityCouncil_02142022,DenverCityCouncil_02142022,DenverCityCouncil_02142022_22-0218,non-decision,Other,deepseek_reasoning,budget_02,run_05,0.5714285714285714,4.0,7,0.0
MTG38,38_DenverCityCouncil_02142022,DenverCityCouncil_02142022,DenverCityCouncil_02142022_22-0218,non-decision,Other,deepseek_reasoning,budget_03,run_01,0.5714285714285714,4.0,7,0.0
MTG38,38_DenverCityCouncil_02142022,DenverCityCouncil_02142022,DenverCityCouncil_02142022_22-0218,non-decision,Other,deepseek_reasoning,budget_03,run_02,0.7142857142857143,5.0,7,0.0
MTG38,38_DenverCityCouncil_02142022,DenverCityCouncil_02142022,DenverCityCouncil_02142022_22-0218,non-decision,Other,deepseek_reasoning,budget_03,run_03,0.5714285714285714,4.0,7,0.0
MTG38,38_DenverCityCouncil_02142022,DenverCityCouncil_02142022,DenverCityCouncil_02142022_22-0218,non-decision,Other,deepseek_reasoning,budget_03,run_04,0.5714285714285714,4.0,7,0.0
MTG38,38_DenverCityCouncil_02142022,DenverCityCouncil_02142022,DenverCityCouncil_02142022_22-0218,non-decision,Other,deepseek_reasoning,budget_03,run_05,0.5714285714285714,4.0,7,0.0
MTG38,38_DenverCityCouncil_02142022,DenverCityCouncil_02142022,DenverCityCouncil_02142022_22-0218,non-decision,Other,deepseek_reasoning,budget_06,run_01,0.5714285714285714,4.0,7,0.0
MTG38,38_DenverCityCouncil_02142022,DenverCityCouncil_02142022,DenverCityCouncil_02142022_22-0218,non-decision,Other,deepseek_reasoning,budget_06,run_02,0.7142857142857143,5.0,7,0.0
MTG38,38_DenverCityCouncil_02142022,DenverCityCouncil_02142022,DenverCityCouncil_02142022_22-0218,non-decision,Other,deepseek_reasoning,budget_06,run_03,0.5714285714285714,4.0,7,0.0
MTG38,38_DenverCityCouncil_02142022,DenverCityCouncil_02142022,DenverCityCouncil_02142022_22-0218,non-decision,Other,deepseek_reasoning,budget_06,run_04,0.7142857142857143,5.0,7,0.0
MTG38,38_DenverCityCouncil_02142022,DenverCityCouncil_02142022,DenverCityCouncil_02142022_22-0218,non-decision,Other,deepseek_reasoning,budget_06,run_05,0.7142857142857143,5.0,7,0.0
MTG38,38_DenverCityCouncil_02142022,DenverCityCouncil_02142022,DenverCityCouncil_02142022_22-0218,non-decision,Other,deepseek_temp1_chat,budget_02,run_01,0.5714285714285714,4.0,7,0.0
MTG38,38_DenverCityCouncil_02142022,DenverCityCouncil_02142022,DenverCityCouncil_02142022_22-0218,non-decision,Other,deepseek_temp1_chat,budget_02,run_02,0.5714285714285714,4.0,7,0.0
MTG38,38_DenverCityCouncil_02142022,DenverCityCouncil_02142022,DenverCityCouncil_02142022_22-0218,non-decision,Other,deepseek_temp1_chat,budget_02,run_03,0.5714285714285714,4.0,7,0.0
MTG38,38_DenverCityCouncil_02142022,DenverCityCouncil_02142022,DenverCityCouncil_02142022_22-0218,non-decision,Other,deepseek_temp1_chat,budget_02,run_04,0.42857142857142855,3.0,7,0.0
MTG38,38_DenverCityCouncil_02142022,DenverCityCouncil_02142022,DenverCityCouncil_02142022_22-0218,non-decision,Other,deepseek_temp1_chat,budget_02,run_05,0.5714285714285714,4.0,7,0.0
MTG38,38_DenverCityCouncil_02142022,DenverCityCouncil_02142022,DenverCityCouncil_02142022_22-0218,non-decision,Other,deepseek_temp1_chat,budget_03,run_01,0.7142857142857143,5.0,7,0.0
MTG38,38_DenverCityCouncil_02142022,DenverCityCouncil_02142022,DenverCityCouncil_02142022_22-0218,non-decision,Other,deepseek_temp1_chat,budget_03,run_02,0.7142857142857143,5.0,7,0.0
MTG38,38_DenverCityCouncil_02142022,DenverCityCouncil_02142022,DenverCityCouncil_02142022_22-0218,non-decision,Other,deepseek_temp1_chat,budget_03,run_03,0.7142857142857143,5.0,7,0.0
MTG38,38_DenverCityCouncil_02142022,DenverCityCouncil_02142022,DenverCityCouncil_02142022_22-0218,non-decision,Other,deepseek_temp1_chat,budget_03,run_04,0.7142857142857143,5.0,7,0.0
MTG38,38_DenverCityCouncil_02142022,DenverCityCouncil_02142022,DenverCityCouncil_02142022_22-0218,non-decision,Other,deepseek_temp1_chat,budget_03,run_05,0.5714285714285714,4.0,7,0.0
MTG38,38_DenverCityCouncil_02142022,DenverCityCouncil_02142022,DenverCityCouncil_02142022_22-0218,non-decision,Other,deepseek_temp1_chat,budget_06,run_01,0.5714285714285714,4.0,7,0.0
MTG38,38_DenverCityCouncil_02142022,DenverCityCouncil_02142022,DenverCityCouncil_02142022_22-0218,non-decision,Other,deepseek_temp1_chat,budget_06,run_02,0.42857142857142855,3.0,7,0.0
MTG38,38_DenverCityCouncil_02142022,DenverCityCouncil_02142022,DenverCityCouncil_02142022_22-0218,non-decision,Other,deepseek_temp1_chat,budget_06,run_03,0.7142857142857143,5.0,7,0.0
MTG38,38_DenverCityCouncil_02142022,DenverCityCouncil_02142022,DenverCityCouncil_02142022_22-0218,non-decision,Other,deepseek_temp1_chat,budget_06,run_04,0.5714285714285714,4.0,7,0.0
MTG38,38_DenverCityCouncil_02142022,DenverCityCouncil_02142022,DenverCityCouncil_02142022_22-0218,non-decision,Other,deepseek_temp1_chat,budget_06,run_05,0.5714285714285714,4.0,7,0.0
MTG38,38_DenverCityCouncil_02142022,DenverCityCouncil_02142022,DenverCityCouncil_02142022_22-0218,non-decision,Other,gemini_2_5_flash_lite,budget_02,run_01,0.5714285714285714,4.0,7,0.0
MTG38,38_DenverCityCouncil_02142022,DenverCityCouncil_02142022,DenverCityCouncil_02142022_22-0218,non-decision,Other,gemini_2_5_flash_lite,budget_02,run_02,0.5714285714285714,4.0,7,0.0
MTG38,38_DenverCityCouncil_02142022,DenverCityCouncil_02142022,DenverCityCouncil_02142022_22-0218,non-decision,Other,gemini_2_5_flash_lite,budget_02,run_03,0.5714285714285714,4.0,7,0.0
MTG38,38_DenverCityCouncil_02142022,DenverCityCouncil_02142022,DenverCityCouncil_02142022_22-0218,non-decision,Other,gemini_2_5_flash_lite,budget_02,run_04,0.5714285714285714,4.0,7,0.0
MTG38,38_DenverCityCouncil_02142022,DenverCityCouncil_02142022,DenverCityCouncil_02142022_22-0218,non-decision,Other,gemini_2_5_flash_lite,budget_02,run_05,0.5714285714285714,4.0,7,0.0
MTG38,38_DenverCityCouncil_02142022,DenverCityCouncil_02142022,DenverCityCouncil_02142022_22-0218,non-decision,Other,gemini_2_5_flash_lite,budget_03,run_01,0.6428571428571429,4.5,7,0.4
MTG38,38_DenverCityCouncil_02142022,DenverCityCouncil_02142022,DenverCityCouncil_02142022_22-0218,non-decision,Other,gemini_2_5_flash_lite,budget_03,run_02,0.5714285714285714,4.0,7,0.0
MTG38,38_DenverCityCouncil_02142022,DenverCityCouncil_02142022,DenverCityCouncil_02142022_22-0218,non-decision,Other,gemini_2_5_flash_lite,budget_03,run_03,0.5714285714285714,4.0,7,0.0
MTG38,38_DenverCityCouncil_02142022,DenverCityCouncil_02142022,DenverCityCouncil_02142022_22-0218,non-decision,Other,gemini_2_5_flash_lite,budget_03,run_04,0.6428571428571429,4.5,7,0.0
MTG38,38_DenverCityCouncil_02142022,DenverCityCouncil_02142022,DenverCityCouncil_02142022_22-0218,non-decision,Other,gemini_2_5_flash_lite,budget_03,run_05,0.5714285714285714,4.0,7,0.0
MTG38,38_DenverCityCouncil_02142022,DenverCityCouncil_02142022,DenverCityCouncil_02142022_22-0218,non-decision,Other,gemini_2_5_flash_lite,budget_06,run_01,0.42857142857142855,3.0,7,0.0
MTG38,38_DenverCityCouncil_02142022,DenverCityCouncil_02142022,DenverCityCouncil_02142022_22-0218,non-decision,Other,gemini_2_5_flash_lite,budget_06,run_02,0.5714285714285714,4.0,7,0.75
MTG38,38_DenverCityCouncil_02142022,DenverCityCouncil_02142022,DenverCityCouncil_02142022_22-0218,non-decision,Other,gemini_2_5_flash_lite,budget_06,run_03,0.5714285714285714,4.0,7,0.0
MTG38,38_DenverCityCouncil_02142022,DenverCityCouncil_02142022,DenverCityCouncil_02142022_22-0218,non-decision,Other,gemini_2_5_flash_lite,budget_06,run_04,0.5714285714285714,4.0,7,0.0
MTG38,38_DenverCityCouncil_02142022,DenverCityCouncil_02142022,DenverCityCouncil_02142022_22-0218,non-decision,Other,gemini_2_5_flash_lite,budget_06,run_05,0.5714285714285714,4.0,7,0.0
MTG39,39_DenverCityCouncil_03102014,DenverCityCouncil_03102014,DenverCityCouncil_03102014_14-0034,non-decision,Other,deepseek_reasoning,budget_02,run_01,0.7142857142857143,5.0,7,0.0
MTG39,39_DenverCityCouncil_03102014,DenverCityCouncil_03102014,DenverCityCouncil_03102014_14-0034,non-decision,Other,deepseek_reasoning,budget_02,run_02,0.6428571428571429,4.5,7,0.0
MTG39,39_DenverCityCouncil_03102014,DenverCityCouncil_03102014,DenverCityCouncil_03102014_14-0034,non-decision,Other,deepseek_reasoning,budget_02,run_03,0.21428571428571427,1.5,7,0.0
MTG39,39_DenverCityCouncil_03102014,DenverCityCouncil_03102014,DenverCityCouncil_03102014_14-0034,non-decision,Other,deepseek_reasoning,budget_02,run_04,0.35714285714285715,2.5,7,0.0
MTG39,39_DenverCityCouncil_03102014,DenverCityCouncil_03102014,DenverCityCouncil_03102014_14-0034,non-decision,Other,deepseek_reasoning,budget_02,run_05,0.5,3.5,7,0.0
MTG39,39_DenverCityCouncil_03102014,DenverCityCouncil_03102014,DenverCityCouncil_03102014_14-0034,non-decision,Other,deepseek_reasoning,budget_03,run_01,0.5714285714285714,4.0,7,0.0
MTG39,39_DenverCityCouncil_03102014,DenverCityCouncil_03102014,DenverCityCouncil_03102014_14-0034,non-decision,Other,deepseek_reasoning,budget_03,run_02,0.8571428571428571,6.0,7,0.0
MTG39,39_DenverCityCouncil_03102014,DenverCityCouncil_03102014,DenverCityCouncil_03102014_14-0034,non-decision,Other,deepseek_reasoning,budget_03,run_03,0.7142857142857143,5.0,7,0.0
MTG39,39_DenverCityCouncil_03102014,DenverCityCouncil_03102014,DenverCityCouncil_03102014_14-0034,non-decision,Other,deepseek_reasoning,budget_03,run_04,0.9285714285714286,6.5,7,0.2857142857142857
MTG39,39_DenverCityCouncil_03102014,DenverCityCouncil_03102014,DenverCityCouncil_03102014_14-0034,non-decision,Other,deepseek_reasoning,budget_03,run_05,0.35714285714285715,2.5,7,0.0
MTG39,39_DenverCityCouncil_03102014,DenverCityCouncil_03102014,DenverCityCouncil_03102014_14-0034,non-decision,Other,deepseek_reasoning,budget_06,run_01,0.8571428571428571,6.0,7,0.3333333333333333
MTG39,39_DenverCityCouncil_03102014,DenverCityCouncil_03102014,DenverCityCouncil_03102014_14-0034,non-decision,Other,deepseek_reasoning,budget_06,run_02,0.8571428571428571,6.0,7,0.0
MTG39,39_DenverCityCouncil_03102014,DenverCityCouncil_03102014,DenverCityCouncil_03102014_14-0034,non-decision,Other,deepseek_reasoning,budget_06,run_03,0.7857142857142857,5.5,7,0.16666666666666666
MTG39,39_DenverCityCouncil_03102014,DenverCityCouncil_03102014,DenverCityCouncil_03102014_14-0034,non-decision,Other,deepseek_reasoning,budget_06,run_04,0.8571428571428571,6.0,7,0.0
MTG39,39_DenverCityCouncil_03102014,DenverCityCouncil_03102014,DenverCityCouncil_03102014_14-0034,non-decision,Other,deepseek_reasoning,budget_06,run_05,0.6428571428571429,4.5,7,0.2
MTG39,39_DenverCityCouncil_03102014,DenverCityCouncil_03102014,DenverCityCouncil_03102014_14-0034,non-decision,Other,deepseek_temp1_chat,budget_02,run_01,0.6428571428571429,4.5,7,0.0
MTG39,39_DenverCityCouncil_03102014,DenverCityCouncil_03102014,DenverCityCouncil_03102014_14-0034,non-decision,Other,deepseek_temp1_chat,budget_02,run_02,0.8571428571428571,6.0,7,0.0
MTG39,39_DenverCityCouncil_03102014,DenverCityCouncil_03102014,DenverCityCouncil_03102014_14-0034,non-decision,Other,deepseek_temp1_chat,budget_02,run_03,0.42857142857142855,3.0,7,0.0
MTG39,39_DenverCityCouncil_03102014,DenverCityCouncil_03102014,DenverCityCouncil_03102014_14-0034,non-decision,Other,deepseek_temp1_chat,budget_02,run_04,0.6428571428571429,4.5,7,0.0
MTG39,39_DenverCityCouncil_03102014,DenverCityCouncil_03102014,DenverCityCouncil_03102014_14-0034,non-decision,Other,deepseek_temp1_chat,budget_02,run_05,0.42857142857142855,3.0,7,0.0
MTG39,39_DenverCityCouncil_03102014,DenverCityCouncil_03102014,DenverCityCouncil_03102014_14-0034,non-decision,Other,deepseek_temp1_chat,budget_03,run_01,0.8571428571428571,6.0,7,0.0
MTG39,39_DenverCityCouncil_03102014,DenverCityCouncil_03102014,DenverCityCouncil_03102014_14-0034,non-decision,Other,deepseek_temp1_chat,budget_03,run_02,0.5,3.5,7,0.0
MTG39,39_DenverCityCouncil_03102014,DenverCityCouncil_03102014,DenverCityCouncil_03102014_14-0034,non-decision,Other,deepseek_temp1_chat,budget_03,run_03,0.6428571428571429,4.5,7,0.0
MTG39,39_DenverCityCouncil_03102014,DenverCityCouncil_03102014,DenverCityCouncil_03102014_14-0034,non-decision,Other,deepseek_temp1_chat,budget_03,run_04,0.5,3.5,7,0.0
MTG39,39_DenverCityCouncil_03102014,DenverCityCouncil_03102014,DenverCityCouncil_03102014_14-0034,non-decision,Other,deepseek_temp1_chat,budget_03,run_05,0.7142857142857143,5.0,7,0.0
MTG39,39_DenverCityCouncil_03102014,DenverCityCouncil_03102014,DenverCityCouncil_03102014_14-0034,non-decision,Other,deepseek_temp1_chat,budget_06,run_01,0.8571428571428571,6.0,7,0.16666666666666666
MTG39,39_DenverCityCouncil_03102014,DenverCityCouncil_03102014,DenverCityCouncil_03102014_14-0034,non-decision,Other,deepseek_temp1_chat,budget_06,run_02,0.9285714285714286,6.5,7,0.16666666666666666
MTG39,39_DenverCityCouncil_03102014,DenverCityCouncil_03102014,DenverCityCouncil_03102014_14-0034,non-decision,Other,deepseek_temp1_chat,budget_06,run_03,1.0,7.0,7,0.0
MTG39,39_DenverCityCouncil_03102014,DenverCityCouncil_03102014,DenverCityCouncil_03102014_14-0034,non-decision,Other,deepseek_temp1_chat,budget_06,run_04,0.9285714285714286,6.5,7,0.14285714285714285
MTG39,39_DenverCityCouncil_03102014,DenverCityCouncil_03102014,DenverCityCouncil_03102014_14-0034,non-decision,Other,deepseek_temp1_chat,budget_06,run_05,0.8571428571428571,6.0,7,0.16666666666666666
MTG39,39_DenverCityCouncil_03102014,DenverCityCouncil_03102014,DenverCityCouncil_03102014_14-0034,non-decision,Other,gemini_2_5_flash_lite,budget_02,run_01,0.42857142857142855,3.0,7,0.0
MTG39,39_DenverCityCouncil_03102014,DenverCityCouncil_03102014,DenverCityCouncil_03102014_14-0034,non-decision,Other,gemini_2_5_flash_lite,budget_02,run_02,0.7857142857142857,5.5,7,0.0
MTG39,39_DenverCityCouncil_03102014,DenverCityCouncil_03102014,DenverCityCouncil_03102014_14-0034,non-decision,Other,gemini_2_5_flash_lite,budget_02,run_03,0.7857142857142857,5.5,7,0.0
MTG39,39_DenverCityCouncil_03102014,DenverCityCouncil_03102014,DenverCityCouncil_03102014_14-0034,non-decision,Other,gemini_2_5_flash_lite,budget_02,run_04,0.5714285714285714,4.0,7,0.0
MTG39,39_DenverCityCouncil_03102014,DenverCityCouncil_03102014,DenverCityCouncil_03102014_14-0034,non-decision,Other,gemini_2_5_flash_lite,budget_02,run_05,0.5714285714285714,4.0,7,0.0
MTG39,39_DenverCityCouncil_03102014,DenverCityCouncil_03102014,DenverCityCouncil_03102014_14-0034,non-decision,Other,gemini_2_5_flash_lite,budget_03,run_01,0.5,3.5,7,0.0
MTG39,39_DenverCityCouncil_03102014,DenverCityCouncil_03102014,DenverCityCouncil_03102014_14-0034,non-decision,Other,gemini_2_5_flash_lite,budget_03,run_02,0.42857142857142855,3.0,7,0.0
MTG39,39_DenverCityCouncil_03102014,DenverCityCouncil_03102014,DenverCityCouncil_03102014_14-0034,non-decision,Other,gemini_2_5_flash_lite,budget_03,run_03,0.5714285714285714,4.0,7,0.0
MTG39,39_DenverCityCouncil_03102014,DenverCityCouncil_03102014,DenverCityCouncil_03102014_14-0034,non-decision,Other,gemini_2_5_flash_lite,budget_03,run_04,0.5714285714285714,4.0,7,0.0
MTG39,39_DenverCityCouncil_03102014,DenverCityCouncil_03102014,DenverCityCouncil_03102014_14-0034,non-decision,Other,gemini_2_5_flash_lite,budget_03,run_05,0.35714285714285715,2.5,7,0.0
MTG39,39_DenverCityCouncil_03102014,DenverCityCouncil_03102014,DenverCityCouncil_03102014_14-0034,non-decision,Other,gemini_2_5_flash_lite,budget_06,run_01,0.6428571428571429,4.5,7,0.0
MTG39,39_DenverCityCouncil_03102014,DenverCityCouncil_03102014,DenverCityCouncil_03102014_14-0034,non-decision,Other,gemini_2_5_flash_lite,budget_06,run_02,0.42857142857142855,3.0,7,0.0
MTG39,39_DenverCityCouncil_03102014,DenverCityCouncil_03102014,DenverCityCouncil_03102014_14-0034,non-decision,Other,gemini_2_5_flash_lite,budget_06,run_03,0.7857142857142857,5.5,7,0.0
MTG39,39_DenverCityCouncil_03102014,DenverCityCouncil_03102014,DenverCityCouncil_03102014_14-0034,non-decision,Other,gemini_2_5_flash_lite,budget_06,run_04,0.6428571428571429,4.5,7,0.0
MTG39,39_DenverCityCouncil_03102014,DenverCityCouncil_03102014,DenverCityCouncil_03102014_14-0034,non-decision,Other,gemini_2_5_flash_lite,budget_06,run_05,0.7142857142857143,5.0,7,0.6666666666666666
MTG4,04_LongBeachCC_11182014,LongBeachCC_11182014,LongBeachCC_11182014_14-0970,decision-bearing,Ordinance,deepseek_reasoning,budget_02,run_01,0.5714285714285714,4.0,7,0.0
MTG4,04_LongBeachCC_11182014,LongBeachCC_11182014,LongBeachCC_11182014_14-0970,decision-bearing,Ordinance,deepseek_reasoning,budget_02,run_02,0.5714285714285714,4.0,7,0.0
MTG4,04_LongBeachCC_11182014,LongBeachCC_11182014,LongBeachCC_11182014_14-0970,decision-bearing,Ordinance,deepseek_reasoning,budget_02,run_03,0.8571428571428571,6.0,7,0.16666666666666666
MTG4,04_LongBeachCC_11182014,LongBeachCC_11182014,LongBeachCC_11182014_14-0970,decision-bearing,Ordinance,deepseek_reasoning,budget_02,run_04,0.5714285714285714,4.0,7,0.25
MTG4,04_LongBeachCC_11182014,LongBeachCC_11182014,LongBeachCC_11182014_14-0970,decision-bearing,Ordinance,deepseek_reasoning,budget_02,run_05,0.7142857142857143,5.0,7,0.0
MTG4,04_LongBeachCC_11182014,LongBeachCC_11182014,LongBeachCC_11182014_14-0970,decision-bearing,Ordinance,deepseek_reasoning,budget_03,run_01,0.8571428571428571,6.0,7,0.0
MTG4,04_LongBeachCC_11182014,LongBeachCC_11182014,LongBeachCC_11182014_14-0970,decision-bearing,Ordinance,deepseek_reasoning,budget_03,run_02,1.0,7.0,7,0.0
MTG4,04_LongBeachCC_11182014,LongBeachCC_11182014,LongBeachCC_11182014_14-0970,decision-bearing,Ordinance,deepseek_reasoning,budget_03,run_03,0.7142857142857143,5.0,7,0.0
MTG4,04_LongBeachCC_11182014,LongBeachCC_11182014,LongBeachCC_11182014_14-0970,decision-bearing,Ordinance,deepseek_reasoning,budget_03,run_04,0.8571428571428571,6.0,7,0.0
MTG4,04_LongBeachCC_11182014,LongBeachCC_11182014,LongBeachCC_11182014_14-0970,decision-bearing,Ordinance,deepseek_reasoning,budget_03,run_05,0.8571428571428571,6.0,7,0.0
MTG4,04_LongBeachCC_11182014,LongBeachCC_11182014,LongBeachCC_11182014_14-0970,decision-bearing,Ordinance,deepseek_reasoning,budget_06,run_01,1.0,7.0,7,0.0
MTG4,04_LongBeachCC_11182014,LongBeachCC_11182014,LongBeachCC_11182014_14-0970,decision-bearing,Ordinance,deepseek_reasoning,budget_06,run_02,1.0,7.0,7,0.0
MTG4,04_LongBeachCC_11182014,LongBeachCC_11182014,LongBeachCC_11182014_14-0970,decision-bearing,Ordinance,deepseek_reasoning,budget_06,run_03,1.0,7.0,7,0.0
MTG4,04_LongBeachCC_11182014,LongBeachCC_11182014,LongBeachCC_11182014_14-0970,decision-bearing,Ordinance,deepseek_reasoning,budget_06,run_04,1.0,7.0,7,0.14285714285714285
MTG4,04_LongBeachCC_11182014,LongBeachCC_11182014,LongBeachCC_11182014_14-0970,decision-bearing,Ordinance,deepseek_reasoning,budget_06,run_05,1.0,7.0,7,0.0
MTG4,04_LongBeachCC_11182014,LongBeachCC_11182014,LongBeachCC_11182014_14-0970,decision-bearing,Ordinance,deepseek_temp1_chat,budget_02,run_01,0.7142857142857143,5.0,7,0.0
MTG4,04_LongBeachCC_11182014,LongBeachCC_11182014,LongBeachCC_11182014_14-0970,decision-bearing,Ordinance,deepseek_temp1_chat,budget_02,run_02,0.5714285714285714,4.0,7,0.0
MTG4,04_LongBeachCC_11182014,LongBeachCC_11182014,LongBeachCC_11182014_14-0970,decision-bearing,Ordinance,deepseek_temp1_chat,budget_02,run_03,0.7142857142857143,5.0,7,0.0
MTG4,04_LongBeachCC_11182014,LongBeachCC_11182014,LongBeachCC_11182014_14-0970,decision-bearing,Ordinance,deepseek_temp1_chat,budget_02,run_04,0.5714285714285714,4.0,7,0.0
MTG4,04_LongBeachCC_11182014,LongBeachCC_11182014,LongBeachCC_11182014_14-0970,decision-bearing,Ordinance,deepseek_temp1_chat,budget_02,run_05,0.5714285714285714,4.0,7,0.5
MTG4,04_LongBeachCC_11182014,LongBeachCC_11182014,LongBeachCC_11182014_14-0970,decision-bearing,Ordinance,deepseek_temp1_chat,budget_03,run_01,1.0,7.0,7,0.0
MTG4,04_LongBeachCC_11182014,LongBeachCC_11182014,LongBeachCC_11182014_14-0970,decision-bearing,Ordinance,deepseek_temp1_chat,budget_03,run_02,0.8571428571428571,6.0,7,0.0
MTG4,04_LongBeachCC_11182014,LongBeachCC_11182014,LongBeachCC_11182014_14-0970,decision-bearing,Ordinance,deepseek_temp1_chat,budget_03,run_03,0.8571428571428571,6.0,7,0.0
MTG4,04_LongBeachCC_11182014,LongBeachCC_11182014,LongBeachCC_11182014_14-0970,decision-bearing,Ordinance,deepseek_temp1_chat,budget_03,run_04,1.0,7.0,7,0.0
MTG4,04_LongBeachCC_11182014,LongBeachCC_11182014,LongBeachCC_11182014_14-0970,decision-bearing,Ordinance,deepseek_temp1_chat,budget_03,run_05,0.8571428571428571,6.0,7,0.0
MTG4,04_LongBeachCC_11182014,LongBeachCC_11182014,LongBeachCC_11182014_14-0970,decision-bearing,Ordinance,deepseek_temp1_chat,budget_06,run_01,1.0,7.0,7,0.0
MTG4,04_LongBeachCC_11182014,LongBeachCC_11182014,LongBeachCC_11182014_14-0970,decision-bearing,Ordinance,deepseek_temp1_chat,budget_06,run_02,1.0,7.0,7,0.0
MTG4,04_LongBeachCC_11182014,LongBeachCC_11182014,LongBeachCC_11182014_14-0970,decision-bearing,Ordinance,deepseek_temp1_chat,budget_06,run_03,1.0,7.0,7,0.2857142857142857
MTG4,04_LongBeachCC_11182014,LongBeachCC_11182014,LongBeachCC_11182014_14-0970,decision-bearing,Ordinance,deepseek_temp1_chat,budget_06,run_04,1.0,7.0,7,0.0
MTG4,04_LongBeachCC_11182014,LongBeachCC_11182014,LongBeachCC_11182014_14-0970,decision-bearing,Ordinance,deepseek_temp1_chat,budget_06,run_05,0.8571428571428571,6.0,7,0.0
MTG4,04_LongBeachCC_11182014,LongBeachCC_11182014,LongBeachCC_11182014_14-0970,decision-bearing,Ordinance,gemini_2_5_flash_lite,budget_02,run_01,0.9285714285714286,6.5,7,0.0
MTG4,04_LongBeachCC_11182014,LongBeachCC_11182014,LongBeachCC_11182014_14-0970,decision-bearing,Ordinance,gemini_2_5_flash_lite,budget_02,run_02,0.7142857142857143,5.0,7,0.0
MTG4,04_LongBeachCC_11182014,LongBeachCC_11182014,LongBeachCC_11182014_14-0970,decision-bearing,Ordinance,gemini_2_5_flash_lite,budget_02,run_03,0.7142857142857143,5.0,7,0.0
MTG4,04_LongBeachCC_11182014,LongBeachCC_11182014,LongBeachCC_11182014_14-0970,decision-bearing,Ordinance,gemini_2_5_flash_lite,budget_02,run_04,0.7142857142857143,5.0,7,0.0
MTG4,04_LongBeachCC_11182014,LongBeachCC_11182014,LongBeachCC_11182014_14-0970,decision-bearing,Ordinance,gemini_2_5_flash_lite,budget_02,run_05,0.5,3.5,7,0.25
MTG4,04_LongBeachCC_11182014,LongBeachCC_11182014,LongBeachCC_11182014_14-0970,decision-bearing,Ordinance,gemini_2_5_flash_lite,budget_03,run_01,0.7142857142857143,5.0,7,0.0
MTG4,04_LongBeachCC_11182014,LongBeachCC_11182014,LongBeachCC_11182014_14-0970,decision-bearing,Ordinance,gemini_2_5_flash_lite,budget_03,run_02,0.8571428571428571,6.0,7,0.3333333333333333
MTG4,04_LongBeachCC_11182014,LongBeachCC_11182014,LongBeachCC_11182014_14-0970,decision-bearing,Ordinance,gemini_2_5_flash_lite,budget_03,run_03,1.0,7.0,7,0.0
MTG4,04_LongBeachCC_11182014,LongBeachCC_11182014,LongBeachCC_11182014_14-0970,decision-bearing,Ordinance,gemini_2_5_flash_lite,budget_03,run_04,0.5714285714285714,4.0,7,0.0
MTG4,04_LongBeachCC_11182014,LongBeachCC_11182014,LongBeachCC_11182014_14-0970,decision-bearing,Ordinance,gemini_2_5_flash_lite,budget_03,run_05,0.5714285714285714,4.0,7,0.0
MTG4,04_LongBeachCC_11182014,LongBeachCC_11182014,LongBeachCC_11182014_14-0970,decision-bearing,Ordinance,gemini_2_5_flash_lite,budget_06,run_01,0.7142857142857143,5.0,7,0.0
MTG4,04_LongBeachCC_11182014,LongBeachCC_11182014,LongBeachCC_11182014_14-0970,decision-bearing,Ordinance,gemini_2_5_flash_lite,budget_06,run_02,1.0,7.0,7,0.0
MTG4,04_LongBeachCC_11182014,LongBeachCC_11182014,LongBeachCC_11182014_14-0970,decision-bearing,Ordinance,gemini_2_5_flash_lite,budget_06,run_03,1.0,7.0,7,0.0
MTG4,04_LongBeachCC_11182014,LongBeachCC_11182014,LongBeachCC_11182014_14-0970,decision-bearing,Ordinance,gemini_2_5_flash_lite,budget_06,run_04,0.7142857142857143,5.0,7,0.0
MTG4,04_LongBeachCC_11182014,LongBeachCC_11182014,LongBeachCC_11182014_14-0970,decision-bearing,Ordinance,gemini_2_5_flash_lite,budget_06,run_05,0.8571428571428571,6.0,7,0.0
MTG40,40_DenverCityCouncil_05312016,DenverCityCouncil_05312016,DenverCityCouncil_05312016_16-0341,non-decision,Other,deepseek_reasoning,budget_02,run_01,0.8571428571428571,6.0,7,0.0
MTG40,40_DenverCityCouncil_05312016,DenverCityCouncil_05312016,DenverCityCouncil_05312016_16-0341,non-decision,Other,deepseek_reasoning,budget_02,run_02,0.5714285714285714,4.0,7,0.0
MTG40,40_DenverCityCouncil_05312016,DenverCityCouncil_05312016,DenverCityCouncil_05312016_16-0341,non-decision,Other,deepseek_reasoning,budget_02,run_03,0.5,3.5,7,0.0
MTG40,40_DenverCityCouncil_05312016,DenverCityCouncil_05312016,DenverCityCouncil_05312016_16-0341,non-decision,Other,deepseek_reasoning,budget_02,run_04,0.8571428571428571,6.0,7,0.0
MTG40,40_DenverCityCouncil_05312016,DenverCityCouncil_05312016,DenverCityCouncil_05312016_16-0341,non-decision,Other,deepseek_reasoning,budget_02,run_05,0.8571428571428571,6.0,7,0.0
MTG40,40_DenverCityCouncil_05312016,DenverCityCouncil_05312016,DenverCityCouncil_05312016_16-0341,non-decision,Other,deepseek_reasoning,budget_03,run_01,0.7857142857142857,5.5,7,0.0
MTG40,40_DenverCityCouncil_05312016,DenverCityCouncil_05312016,DenverCityCouncil_05312016_16-0341,non-decision,Other,deepseek_reasoning,budget_03,run_02,0.7142857142857143,5.0,7,0.0
MTG40,40_DenverCityCouncil_05312016,DenverCityCouncil_05312016,DenverCityCouncil_05312016_16-0341,non-decision,Other,deepseek_reasoning,budget_03,run_03,0.7857142857142857,5.5,7,0.0
MTG40,40_DenverCityCouncil_05312016,DenverCityCouncil_05312016,DenverCityCouncil_05312016_16-0341,non-decision,Other,deepseek_reasoning,budget_03,run_04,0.8571428571428571,6.0,7,0.0
MTG40,40_DenverCityCouncil_05312016,DenverCityCouncil_05312016,DenverCityCouncil_05312016_16-0341,non-decision,Other,deepseek_reasoning,budget_03,run_05,0.8571428571428571,6.0,7,0.0
MTG40,40_DenverCityCouncil_05312016,DenverCityCouncil_05312016,DenverCityCouncil_05312016_16-0341,non-decision,Other,deepseek_reasoning,budget_06,run_01,1.0,7.0,7,0.0
MTG40,40_DenverCityCouncil_05312016,DenverCityCouncil_05312016,DenverCityCouncil_05312016_16-0341,non-decision,Other,deepseek_reasoning,budget_06,run_02,0.8571428571428571,6.0,7,0.0
MTG40,40_DenverCityCouncil_05312016,DenverCityCouncil_05312016,DenverCityCouncil_05312016_16-0341,non-decision,Other,deepseek_reasoning,budget_06,run_03,1.0,7.0,7,0.0
MTG40,40_DenverCityCouncil_05312016,DenverCityCouncil_05312016,DenverCityCouncil_05312016_16-0341,non-decision,Other,deepseek_reasoning,budget_06,run_04,1.0,7.0,7,0.14285714285714285
MTG40,40_DenverCityCouncil_05312016,DenverCityCouncil_05312016,DenverCityCouncil_05312016_16-0341,non-decision,Other,deepseek_reasoning,budget_06,run_05,0.8571428571428571,6.0,7,0.16666666666666666
MTG40,40_DenverCityCouncil_05312016,DenverCityCouncil_05312016,DenverCityCouncil_05312016_16-0341,non-decision,Other,deepseek_temp1_chat,budget_02,run_01,0.7142857142857143,5.0,7,0.0
MTG40,40_DenverCityCouncil_05312016,DenverCityCouncil_05312016,DenverCityCouncil_05312016_16-0341,non-decision,Other,deepseek_temp1_chat,budget_02,run_02,0.5,3.5,7,0.0
MTG40,40_DenverCityCouncil_05312016,DenverCityCouncil_05312016,DenverCityCouncil_05312016_16-0341,non-decision,Other,deepseek_temp1_chat,budget_02,run_03,0.5,3.5,7,0.0
MTG40,40_DenverCityCouncil_05312016,DenverCityCouncil_05312016,DenverCityCouncil_05312016_16-0341,non-decision,Other,deepseek_temp1_chat,budget_02,run_04,0.5,3.5,7,0.0
MTG40,40_DenverCityCouncil_05312016,DenverCityCouncil_05312016,DenverCityCouncil_05312016_16-0341,non-decision,Other,deepseek_temp1_chat,budget_02,run_05,0.5714285714285714,4.0,7,0.0
MTG40,40_DenverCityCouncil_05312016,DenverCityCouncil_05312016,DenverCityCouncil_05312016_16-0341,non-decision,Other,deepseek_temp1_chat,budget_03,run_01,0.8571428571428571,6.0,7,0.0
MTG40,40_DenverCityCouncil_05312016,DenverCityCouncil_05312016,DenverCityCouncil_05312016_16-0341,non-decision,Other,deepseek_temp1_chat,budget_03,run_02,0.8571428571428571,6.0,7,0.0
MTG40,40_DenverCityCouncil_05312016,DenverCityCouncil_05312016,DenverCityCouncil_05312016_16-0341,non-decision,Other,deepseek_temp1_chat,budget_03,run_03,0.8571428571428571,6.0,7,0.3333333333333333
MTG40,40_DenverCityCouncil_05312016,DenverCityCouncil_05312016,DenverCityCouncil_05312016_16-0341,non-decision,Other,deepseek_temp1_chat,budget_03,run_04,0.7857142857142857,5.5,7,0.16666666666666666
MTG40,40_DenverCityCouncil_05312016,DenverCityCouncil_05312016,DenverCityCouncil_05312016_16-0341,non-decision,Other,deepseek_temp1_chat,budget_03,run_05,1.0,7.0,7,0.0
MTG40,40_DenverCityCouncil_05312016,DenverCityCouncil_05312016,DenverCityCouncil_05312016_16-0341,non-decision,Other,deepseek_temp1_chat,budget_06,run_01,1.0,7.0,7,0.0
MTG40,40_DenverCityCouncil_05312016,DenverCityCouncil_05312016,DenverCityCouncil_05312016_16-0341,non-decision,Other,deepseek_temp1_chat,budget_06,run_02,1.0,7.0,7,0.0
MTG40,40_DenverCityCouncil_05312016,DenverCityCouncil_05312016,DenverCityCouncil_05312016_16-0341,non-decision,Other,deepseek_temp1_chat,budget_06,run_03,1.0,7.0,7,0.0
MTG40,40_DenverCityCouncil_05312016,DenverCityCouncil_05312016,DenverCityCouncil_05312016_16-0341,non-decision,Other,deepseek_temp1_chat,budget_06,run_04,0.8571428571428571,6.0,7,0.0
MTG40,40_DenverCityCouncil_05312016,DenverCityCouncil_05312016,DenverCityCouncil_05312016_16-0341,non-decision,Other,deepseek_temp1_chat,budget_06,run_05,0.8571428571428571,6.0,7,0.0
MTG40,40_DenverCityCouncil_05312016,DenverCityCouncil_05312016,DenverCityCouncil_05312016_16-0341,non-decision,Other,gemini_2_5_flash_lite,budget_02,run_01,0.07142857142857142,0.5,7,0.0
MTG40,40_DenverCityCouncil_05312016,DenverCityCouncil_05312016,DenverCityCouncil_05312016_16-0341,non-decision,Other,gemini_2_5_flash_lite,budget_02,run_02,0.5714285714285714,4.0,7,0.0
MTG40,40_DenverCityCouncil_05312016,DenverCityCouncil_05312016,DenverCityCouncil_05312016_16-0341,non-decision,Other,gemini_2_5_flash_lite,budget_02,run_03,0.6428571428571429,4.5,7,0.2
MTG40,40_DenverCityCouncil_05312016,DenverCityCouncil_05312016,DenverCityCouncil_05312016_16-0341,non-decision,Other,gemini_2_5_flash_lite,budget_02,run_04,0.5714285714285714,4.0,7,0.0
MTG40,40_DenverCityCouncil_05312016,DenverCityCouncil_05312016,DenverCityCouncil_05312016_16-0341,non-decision,Other,gemini_2_5_flash_lite,budget_02,run_05,0.5,3.5,7,0.0
MTG40,40_DenverCityCouncil_05312016,DenverCityCouncil_05312016,DenverCityCouncil_05312016_16-0341,non-decision,Other,gemini_2_5_flash_lite,budget_03,run_01,0.8571428571428571,6.0,7,0.3333333333333333
MTG40,40_DenverCityCouncil_05312016,DenverCityCouncil_05312016,DenverCityCouncil_05312016_16-0341,non-decision,Other,gemini_2_5_flash_lite,budget_03,run_02,0.35714285714285715,2.5,7,0.3333333333333333
MTG40,40_DenverCityCouncil_05312016,DenverCityCouncil_05312016,DenverCityCouncil_05312016_16-0341,non-decision,Other,gemini_2_5_flash_lite,budget_03,run_03,0.7142857142857143,5.0,7,0.0
MTG40,40_DenverCityCouncil_05312016,DenverCityCouncil_05312016,DenverCityCouncil_05312016_16-0341,non-decision,Other,gemini_2_5_flash_lite,budget_03,run_04,0.5714285714285714,4.0,7,0.0
MTG40,40_DenverCityCouncil_05312016,DenverCityCouncil_05312016,DenverCityCouncil_05312016_16-0341,non-decision,Other,gemini_2_5_flash_lite,budget_03,run_05,0.35714285714285715,2.5,7,0.0
MTG40,40_DenverCityCouncil_05312016,DenverCityCouncil_05312016,DenverCityCouncil_05312016_16-0341,non-decision,Other,gemini_2_5_flash_lite,budget_06,run_01,1.0,7.0,7,0.0
MTG40,40_DenverCityCouncil_05312016,DenverCityCouncil_05312016,DenverCityCouncil_05312016_16-0341,non-decision,Other,gemini_2_5_flash_lite,budget_06,run_02,0.9285714285714286,6.5,7,0.42857142857142855
MTG40,40_DenverCityCouncil_05312016,DenverCityCouncil_05312016,DenverCityCouncil_05312016_16-0341,non-decision,Other,gemini_2_5_flash_lite,budget_06,run_03,0.9285714285714286,6.5,7,0.5714285714285714
MTG40,40_DenverCityCouncil_05312016,DenverCityCouncil_05312016,DenverCityCouncil_05312016_16-0341,non-decision,Other,gemini_2_5_flash_lite,budget_06,run_04,0.5714285714285714,4.0,7,0.0
MTG40,40_DenverCityCouncil_05312016,DenverCityCouncil_05312016,DenverCityCouncil_05312016_16-0341,non-decision,Other,gemini_2_5_flash_lite,budget_06,run_05,0.8571428571428571,6.0,7,0.0
MTG41,41_SeattleCityCouncil_11212016,SeattleCityCouncil_11212016,SeattleCityCouncil_11212016_CF 314362,non-decision,Other,deepseek_reasoning,budget_02,run_01,0.6428571428571429,4.5,7,0.0
MTG41,41_SeattleCityCouncil_11212016,SeattleCityCouncil_11212016,SeattleCityCouncil_11212016_CF 314362,non-decision,Other,deepseek_reasoning,budget_02,run_02,0.8571428571428571,6.0,7,0.0
MTG41,41_SeattleCityCouncil_11212016,SeattleCityCouncil_11212016,SeattleCityCouncil_11212016_CF 314362,non-decision,Other,deepseek_reasoning,budget_02,run_03,0.5714285714285714,4.0,7,0.0
MTG41,41_SeattleCityCouncil_11212016,SeattleCityCouncil_11212016,SeattleCityCouncil_11212016_CF 314362,non-decision,Other,deepseek_reasoning,budget_02,run_04,0.7142857142857143,5.0,7,0.2
MTG41,41_SeattleCityCouncil_11212016,SeattleCityCouncil_11212016,SeattleCityCouncil_11212016_CF 314362,non-decision,Other,deepseek_reasoning,budget_02,run_05,0.5,3.5,7,0.0
MTG41,41_SeattleCityCouncil_11212016,SeattleCityCouncil_11212016,SeattleCityCouncil_11212016_CF 314362,non-decision,Other,deepseek_reasoning,budget_03,run_01,0.8571428571428571,6.0,7,0.0
MTG41,41_SeattleCityCouncil_11212016,SeattleCityCouncil_11212016,SeattleCityCouncil_11212016_CF 314362,non-decision,Other,deepseek_reasoning,budget_03,run_02,0.7142857142857143,5.0,7,0.0
MTG41,41_SeattleCityCouncil_11212016,SeattleCityCouncil_11212016,SeattleCityCouncil_11212016_CF 314362,non-decision,Other,deepseek_reasoning,budget_03,run_03,0.8571428571428571,6.0,7,0.0
MTG41,41_SeattleCityCouncil_11212016,SeattleCityCouncil_11212016,SeattleCityCouncil_11212016_CF 314362,non-decision,Other,deepseek_reasoning,budget_03,run_04,0.5714285714285714,4.0,7,0.25
MTG41,41_SeattleCityCouncil_11212016,SeattleCityCouncil_11212016,SeattleCityCouncil_11212016_CF 314362,non-decision,Other,deepseek_reasoning,budget_03,run_05,0.5714285714285714,4.0,7,0.0
MTG41,41_SeattleCityCouncil_11212016,SeattleCityCouncil_11212016,SeattleCityCouncil_11212016_CF 314362,non-decision,Other,deepseek_reasoning,budget_06,run_01,0.9285714285714286,6.5,7,0.14285714285714285
MTG41,41_SeattleCityCouncil_11212016,SeattleCityCouncil_11212016,SeattleCityCouncil_11212016_CF 314362,non-decision,Other,deepseek_reasoning,budget_06,run_02,0.5714285714285714,4.0,7,0.0
MTG41,41_SeattleCityCouncil_11212016,SeattleCityCouncil_11212016,SeattleCityCouncil_11212016_CF 314362,non-decision,Other,deepseek_reasoning,budget_06,run_03,0.5714285714285714,4.0,7,0.2
MTG41,41_SeattleCityCouncil_11212016,SeattleCityCouncil_11212016,SeattleCityCouncil_11212016_CF 314362,non-decision,Other,deepseek_reasoning,budget_06,run_04,0.5714285714285714,4.0,7,0.0
MTG41,41_SeattleCityCouncil_11212016,SeattleCityCouncil_11212016,SeattleCityCouncil_11212016_CF 314362,non-decision,Other,deepseek_reasoning,budget_06,run_05,0.42857142857142855,3.0,7,0.3333333333333333
MTG41,41_SeattleCityCouncil_11212016,SeattleCityCouncil_11212016,SeattleCityCouncil_11212016_CF 314362,non-decision,Other,deepseek_temp1_chat,budget_02,run_01,0.42857142857142855,3.0,7,0.0
MTG41,41_SeattleCityCouncil_11212016,SeattleCityCouncil_11212016,SeattleCityCouncil_11212016_CF 314362,non-decision,Other,deepseek_temp1_chat,budget_02,run_02,0.7857142857142857,5.5,7,0.0
MTG41,41_SeattleCityCouncil_11212016,SeattleCityCouncil_11212016,SeattleCityCouncil_11212016_CF 314362,non-decision,Other,deepseek_temp1_chat,budget_02,run_03,0.42857142857142855,3.0,7,0.3333333333333333
MTG41,41_SeattleCityCouncil_11212016,SeattleCityCouncil_11212016,SeattleCityCouncil_11212016_CF 314362,non-decision,Other,deepseek_temp1_chat,budget_02,run_04,0.7142857142857143,5.0,7,0.2
MTG41,41_SeattleCityCouncil_11212016,SeattleCityCouncil_11212016,SeattleCityCouncil_11212016_CF 314362,non-decision,Other,deepseek_temp1_chat,budget_02,run_05,0.6428571428571429,4.5,7,0.2
MTG41,41_SeattleCityCouncil_11212016,SeattleCityCouncil_11212016,SeattleCityCouncil_11212016_CF 314362,non-decision,Other,deepseek_temp1_chat,budget_03,run_01,0.6428571428571429,4.5,7,0.0
MTG41,41_SeattleCityCouncil_11212016,SeattleCityCouncil_11212016,SeattleCityCouncil_11212016_CF 314362,non-decision,Other,deepseek_temp1_chat,budget_03,run_02,0.42857142857142855,3.0,7,0.3333333333333333
MTG41,41_SeattleCityCouncil_11212016,SeattleCityCouncil_11212016,SeattleCityCouncil_11212016_CF 314362,non-decision,Other,deepseek_temp1_chat,budget_03,run_03,0.7857142857142857,5.5,7,0.0
MTG41,41_SeattleCityCouncil_11212016,SeattleCityCouncil_11212016,SeattleCityCouncil_11212016_CF 314362,non-decision,Other,deepseek_temp1_chat,budget_03,run_04,0.5,3.5,7,0.0
MTG41,41_SeattleCityCouncil_11212016,SeattleCityCouncil_11212016,SeattleCityCouncil_11212016_CF 314362,non-decision,Other,deepseek_temp1_chat,budget_03,run_05,0.7857142857142857,5.5,7,0.16666666666666666
MTG41,41_SeattleCityCouncil_11212016,SeattleCityCouncil_11212016,SeattleCityCouncil_11212016_CF 314362,non-decision,Other,deepseek_temp1_chat,budget_06,run_01,0.7857142857142857,5.5,7,0.16666666666666666
MTG41,41_SeattleCityCouncil_11212016,SeattleCityCouncil_11212016,SeattleCityCouncil_11212016_CF 314362,non-decision,Other,deepseek_temp1_chat,budget_06,run_02,0.9285714285714286,6.5,7,0.0
MTG41,41_SeattleCityCouncil_11212016,SeattleCityCouncil_11212016,SeattleCityCouncil_11212016_CF 314362,non-decision,Other,deepseek_temp1_chat,budget_06,run_03,0.8571428571428571,6.0,7,0.3333333333333333
MTG41,41_SeattleCityCouncil_11212016,SeattleCityCouncil_11212016,SeattleCityCouncil_11212016_CF 314362,non-decision,Other,deepseek_temp1_chat,budget_06,run_04,0.8571428571428571,6.0,7,0.0
MTG41,41_SeattleCityCouncil_11212016,SeattleCityCouncil_11212016,SeattleCityCouncil_11212016_CF 314362,non-decision,Other,deepseek_temp1_chat,budget_06,run_05,0.8571428571428571,6.0,7,0.0
MTG41,41_SeattleCityCouncil_11212016,SeattleCityCouncil_11212016,SeattleCityCouncil_11212016_CF 314362,non-decision,Other,gemini_2_5_flash_lite,budget_02,run_01,0.35714285714285715,2.5,7,0.0
MTG41,41_SeattleCityCouncil_11212016,SeattleCityCouncil_11212016,SeattleCityCouncil_11212016_CF 314362,non-decision,Other,gemini_2_5_flash_lite,budget_02,run_02,0.35714285714285715,2.5,7,0.0
MTG41,41_SeattleCityCouncil_11212016,SeattleCityCouncil_11212016,SeattleCityCouncil_11212016_CF 314362,non-decision,Other,gemini_2_5_flash_lite,budget_02,run_03,0.35714285714285715,2.5,7,0.6666666666666666
MTG41,41_SeattleCityCouncil_11212016,SeattleCityCouncil_11212016,SeattleCityCouncil_11212016_CF 314362,non-decision,Other,gemini_2_5_flash_lite,budget_02,run_04,0.2857142857142857,2.0,7,0.0
MTG41,41_SeattleCityCouncil_11212016,SeattleCityCouncil_11212016,SeattleCityCouncil_11212016_CF 314362,non-decision,Other,gemini_2_5_flash_lite,budget_02,run_05,0.35714285714285715,2.5,7,0.0
MTG41,41_SeattleCityCouncil_11212016,SeattleCityCouncil_11212016,SeattleCityCouncil_11212016_CF 314362,non-decision,Other,gemini_2_5_flash_lite,budget_03,run_01,0.42857142857142855,3.0,7,0.0
MTG41,41_SeattleCityCouncil_11212016,SeattleCityCouncil_11212016,SeattleCityCouncil_11212016_CF 314362,non-decision,Other,gemini_2_5_flash_lite,budget_03,run_02,0.21428571428571427,1.5,7,0.0
MTG41,41_SeattleCityCouncil_11212016,SeattleCityCouncil_11212016,SeattleCityCouncil_11212016_CF 314362,non-decision,Other,gemini_2_5_flash_lite,budget_03,run_03,0.2857142857142857,2.0,7,0.0
MTG41,41_SeattleCityCouncil_11212016,SeattleCityCouncil_11212016,SeattleCityCouncil_11212016_CF 314362,non-decision,Other,gemini_2_5_flash_lite,budget_03,run_04,0.5714285714285714,4.0,7,0.0
MTG41,41_SeattleCityCouncil_11212016,SeattleCityCouncil_11212016,SeattleCityCouncil_11212016_CF 314362,non-decision,Other,gemini_2_5_flash_lite,budget_03,run_05,0.35714285714285715,2.5,7,0.0
MTG41,41_SeattleCityCouncil_11212016,SeattleCityCouncil_11212016,SeattleCityCouncil_11212016_CF 314362,non-decision,Other,gemini_2_5_flash_lite,budget_06,run_01,0.7857142857142857,5.5,7,0.0
MTG41,41_SeattleCityCouncil_11212016,SeattleCityCouncil_11212016,SeattleCityCouncil_11212016_CF 314362,non-decision,Other,gemini_2_5_flash_lite,budget_06,run_02,0.42857142857142855,3.0,7,0.3333333333333333
MTG41,41_SeattleCityCouncil_11212016,SeattleCityCouncil_11212016,SeattleCityCouncil_11212016_CF 314362,non-decision,Other,gemini_2_5_flash_lite,budget_06,run_03,0.7142857142857143,5.0,7,0.6
MTG41,41_SeattleCityCouncil_11212016,SeattleCityCouncil_11212016,SeattleCityCouncil_11212016_CF 314362,non-decision,Other,gemini_2_5_flash_lite,budget_06,run_04,0.7142857142857143,5.0,7,0.0
MTG41,41_SeattleCityCouncil_11212016,SeattleCityCouncil_11212016,SeattleCityCouncil_11212016_CF 314362,non-decision,Other,gemini_2_5_flash_lite,budget_06,run_05,0.8571428571428571,6.0,7,0.16666666666666666
MTG42,42_SeattleCityCouncil_01112016,SeattleCityCouncil_01112016,SeattleCityCouncil_01112016_CF 314278,non-decision,Other,deepseek_reasoning,budget_02,run_01,0.7857142857142857,5.5,7,0.0
MTG42,42_SeattleCityCouncil_01112016,SeattleCityCouncil_01112016,SeattleCityCouncil_01112016_CF 314278,non-decision,Other,deepseek_reasoning,budget_02,run_02,0.6428571428571429,4.5,7,0.0
MTG42,42_SeattleCityCouncil_01112016,SeattleCityCouncil_01112016,SeattleCityCouncil_01112016_CF 314278,non-decision,Other,deepseek_reasoning,budget_02,run_03,0.7142857142857143,5.0,7,0.0
MTG42,42_SeattleCityCouncil_01112016,SeattleCityCouncil_01112016,SeattleCityCouncil_01112016_CF 314278,non-decision,Other,deepseek_reasoning,budget_02,run_04,0.6428571428571429,4.5,7,0.0
MTG42,42_SeattleCityCouncil_01112016,SeattleCityCouncil_01112016,SeattleCityCouncil_01112016_CF 314278,non-decision,Other,deepseek_reasoning,budget_02,run_05,0.42857142857142855,3.0,7,0.0
MTG42,42_SeattleCityCouncil_01112016,SeattleCityCouncil_01112016,SeattleCityCouncil_01112016_CF 314278,non-decision,Other,deepseek_reasoning,budget_03,run_01,0.8571428571428571,6.0,7,0.0
MTG42,42_SeattleCityCouncil_01112016,SeattleCityCouncil_01112016,SeattleCityCouncil_01112016_CF 314278,non-decision,Other,deepseek_reasoning,budget_03,run_02,0.5,3.5,7,0.0
MTG42,42_SeattleCityCouncil_01112016,SeattleCityCouncil_01112016,SeattleCityCouncil_01112016_CF 314278,non-decision,Other,deepseek_reasoning,budget_03,run_03,0.7857142857142857,5.5,7,0.0
MTG42,42_SeattleCityCouncil_01112016,SeattleCityCouncil_01112016,SeattleCityCouncil_01112016_CF 314278,non-decision,Other,deepseek_reasoning,budget_03,run_04,0.8571428571428571,6.0,7,0.0
MTG42,42_SeattleCityCouncil_01112016,SeattleCityCouncil_01112016,SeattleCityCouncil_01112016_CF 314278,non-decision,Other,deepseek_reasoning,budget_03,run_05,0.7142857142857143,5.0,7,0.0
MTG42,42_SeattleCityCouncil_01112016,SeattleCityCouncil_01112016,SeattleCityCouncil_01112016_CF 314278,non-decision,Other,deepseek_reasoning,budget_06,run_01,0.9285714285714286,6.5,7,0.0
MTG42,42_SeattleCityCouncil_01112016,SeattleCityCouncil_01112016,SeattleCityCouncil_01112016_CF 314278,non-decision,Other,deepseek_reasoning,budget_06,run_02,0.7142857142857143,5.0,7,0.0
MTG42,42_SeattleCityCouncil_01112016,SeattleCityCouncil_01112016,SeattleCityCouncil_01112016_CF 314278,non-decision,Other,deepseek_reasoning,budget_06,run_03,0.8571428571428571,6.0,7,0.0
MTG42,42_SeattleCityCouncil_01112016,SeattleCityCouncil_01112016,SeattleCityCouncil_01112016_CF 314278,non-decision,Other,deepseek_reasoning,budget_06,run_04,0.7857142857142857,5.5,7,0.0
MTG42,42_SeattleCityCouncil_01112016,SeattleCityCouncil_01112016,SeattleCityCouncil_01112016_CF 314278,non-decision,Other,deepseek_reasoning,budget_06,run_05,0.8571428571428571,6.0,7,0.0
MTG42,42_SeattleCityCouncil_01112016,SeattleCityCouncil_01112016,SeattleCityCouncil_01112016_CF 314278,non-decision,Other,deepseek_temp1_chat,budget_02,run_01,0.35714285714285715,2.5,7,0.0
MTG42,42_SeattleCityCouncil_01112016,SeattleCityCouncil_01112016,SeattleCityCouncil_01112016_CF 314278,non-decision,Other,deepseek_temp1_chat,budget_02,run_02,0.7142857142857143,5.0,7,0.0
MTG42,42_SeattleCityCouncil_01112016,SeattleCityCouncil_01112016,SeattleCityCouncil_01112016_CF 314278,non-decision,Other,deepseek_temp1_chat,budget_02,run_03,0.7142857142857143,5.0,7,0.0
MTG42,42_SeattleCityCouncil_01112016,SeattleCityCouncil_01112016,SeattleCityCouncil_01112016_CF 314278,non-decision,Other,deepseek_temp1_chat,budget_02,run_04,0.7857142857142857,5.5,7,0.0
MTG42,42_SeattleCityCouncil_01112016,SeattleCityCouncil_01112016,SeattleCityCouncil_01112016_CF 314278,non-decision,Other,deepseek_temp1_chat,budget_02,run_05,0.7857142857142857,5.5,7,0.0
MTG42,42_SeattleCityCouncil_01112016,SeattleCityCouncil_01112016,SeattleCityCouncil_01112016_CF 314278,non-decision,Other,deepseek_temp1_chat,budget_03,run_01,0.7857142857142857,5.5,7,0.0
MTG42,42_SeattleCityCouncil_01112016,SeattleCityCouncil_01112016,SeattleCityCouncil_01112016_CF 314278,non-decision,Other,deepseek_temp1_chat,budget_03,run_02,0.5,3.5,7,0.0
MTG42,42_SeattleCityCouncil_01112016,SeattleCityCouncil_01112016,SeattleCityCouncil_01112016_CF 314278,non-decision,Other,deepseek_temp1_chat,budget_03,run_03,0.7857142857142857,5.5,7,0.0
MTG42,42_SeattleCityCouncil_01112016,SeattleCityCouncil_01112016,SeattleCityCouncil_01112016_CF 314278,non-decision,Other,deepseek_temp1_chat,budget_03,run_04,0.7142857142857143,5.0,7,0.0
MTG42,42_SeattleCityCouncil_01112016,SeattleCityCouncil_01112016,SeattleCityCouncil_01112016_CF 314278,non-decision,Other,deepseek_temp1_chat,budget_03,run_05,0.8571428571428571,6.0,7,0.0
MTG42,42_SeattleCityCouncil_01112016,SeattleCityCouncil_01112016,SeattleCityCouncil_01112016_CF 314278,non-decision,Other,deepseek_temp1_chat,budget_06,run_01,0.9285714285714286,6.5,7,0.0
MTG42,42_SeattleCityCouncil_01112016,SeattleCityCouncil_01112016,SeattleCityCouncil_01112016_CF 314278,non-decision,Other,deepseek_temp1_chat,budget_06,run_02,0.7857142857142857,5.5,7,0.16666666666666666
MTG42,42_SeattleCityCouncil_01112016,SeattleCityCouncil_01112016,SeattleCityCouncil_01112016_CF 314278,non-decision,Other,deepseek_temp1_chat,budget_06,run_03,0.8571428571428571,6.0,7,0.0
MTG42,42_SeattleCityCouncil_01112016,SeattleCityCouncil_01112016,SeattleCityCouncil_01112016_CF 314278,non-decision,Other,deepseek_temp1_chat,budget_06,run_04,0.6428571428571429,4.5,7,0.0
MTG42,42_SeattleCityCouncil_01112016,SeattleCityCouncil_01112016,SeattleCityCouncil_01112016_CF 314278,non-decision,Other,deepseek_temp1_chat,budget_06,run_05,0.7142857142857143,5.0,7,0.0
MTG42,42_SeattleCityCouncil_01112016,SeattleCityCouncil_01112016,SeattleCityCouncil_01112016_CF 314278,non-decision,Other,gemini_2_5_flash_lite,budget_02,run_01,0.6428571428571429,4.5,7,0.0
MTG42,42_SeattleCityCouncil_01112016,SeattleCityCouncil_01112016,SeattleCityCouncil_01112016_CF 314278,non-decision,Other,gemini_2_5_flash_lite,budget_02,run_02,0.7142857142857143,5.0,7,0.0
MTG42,42_SeattleCityCouncil_01112016,SeattleCityCouncil_01112016,SeattleCityCouncil_01112016_CF 314278,non-decision,Other,gemini_2_5_flash_lite,budget_02,run_03,0.42857142857142855,3.0,7,0.0
MTG42,42_SeattleCityCouncil_01112016,SeattleCityCouncil_01112016,SeattleCityCouncil_01112016_CF 314278,non-decision,Other,gemini_2_5_flash_lite,budget_02,run_04,0.5,3.5,7,0.0
MTG42,42_SeattleCityCouncil_01112016,SeattleCityCouncil_01112016,SeattleCityCouncil_01112016_CF 314278,non-decision,Other,gemini_2_5_flash_lite,budget_02,run_05,0.42857142857142855,3.0,7,0.0
MTG42,42_SeattleCityCouncil_01112016,SeattleCityCouncil_01112016,SeattleCityCouncil_01112016_CF 314278,non-decision,Other,gemini_2_5_flash_lite,budget_03,run_01,0.7142857142857143,5.0,7,0.0
MTG42,42_SeattleCityCouncil_01112016,SeattleCityCouncil_01112016,SeattleCityCouncil_01112016_CF 314278,non-decision,Other,gemini_2_5_flash_lite,budget_03,run_02,0.5,3.5,7,0.0
MTG42,42_SeattleCityCouncil_01112016,SeattleCityCouncil_01112016,SeattleCityCouncil_01112016_CF 314278,non-decision,Other,gemini_2_5_flash_lite,budget_03,run_03,0.5714285714285714,4.0,7,0.0
MTG42,42_SeattleCityCouncil_01112016,SeattleCityCouncil_01112016,SeattleCityCouncil_01112016_CF 314278,non-decision,Other,gemini_2_5_flash_lite,budget_03,run_04,0.42857142857142855,3.0,7,0.0
MTG42,42_SeattleCityCouncil_01112016,SeattleCityCouncil_01112016,SeattleCityCouncil_01112016_CF 314278,non-decision,Other,gemini_2_5_flash_lite,budget_03,run_05,0.21428571428571427,1.5,7,0.0
MTG42,42_SeattleCityCouncil_01112016,SeattleCityCouncil_01112016,SeattleCityCouncil_01112016_CF 314278,non-decision,Other,gemini_2_5_flash_lite,budget_06,run_01,0.6428571428571429,4.5,7,0.0
MTG42,42_SeattleCityCouncil_01112016,SeattleCityCouncil_01112016,SeattleCityCouncil_01112016_CF 314278,non-decision,Other,gemini_2_5_flash_lite,budget_06,run_02,0.6428571428571429,4.5,7,0.0
MTG42,42_SeattleCityCouncil_01112016,SeattleCityCouncil_01112016,SeattleCityCouncil_01112016_CF 314278,non-decision,Other,gemini_2_5_flash_lite,budget_06,run_03,0.7857142857142857,5.5,7,0.0
MTG42,42_SeattleCityCouncil_01112016,SeattleCityCouncil_01112016,SeattleCityCouncil_01112016_CF 314278,non-decision,Other,gemini_2_5_flash_lite,budget_06,run_04,0.5,3.5,7,0.0
MTG42,42_SeattleCityCouncil_01112016,SeattleCityCouncil_01112016,SeattleCityCouncil_01112016_CF 314278,non-decision,Other,gemini_2_5_flash_lite,budget_06,run_05,0.8571428571428571,6.0,7,0.0
MTG43,43_SeattleCityCouncil_12142015,SeattleCityCouncil_12142015,SeattleCityCouncil_12142015_CF 314278,non-decision,Other,deepseek_reasoning,budget_02,run_01,0.5714285714285714,4.0,7,0.0
MTG43,43_SeattleCityCouncil_12142015,SeattleCityCouncil_12142015,SeattleCityCouncil_12142015_CF 314278,non-decision,Other,deepseek_reasoning,budget_02,run_02,0.5714285714285714,4.0,7,0.25
MTG43,43_SeattleCityCouncil_12142015,SeattleCityCouncil_12142015,SeattleCityCouncil_12142015_CF 314278,non-decision,Other,deepseek_reasoning,budget_02,run_03,0.5,3.5,7,0.0
MTG43,43_SeattleCityCouncil_12142015,SeattleCityCouncil_12142015,SeattleCityCouncil_12142015_CF 314278,non-decision,Other,deepseek_reasoning,budget_02,run_04,0.5714285714285714,4.0,7,0.0
MTG43,43_SeattleCityCouncil_12142015,SeattleCityCouncil_12142015,SeattleCityCouncil_12142015_CF 314278,non-decision,Other,deepseek_reasoning,budget_02,run_05,0.5,3.5,7,0.0
MTG43,43_SeattleCityCouncil_12142015,SeattleCityCouncil_12142015,SeattleCityCouncil_12142015_CF 314278,non-decision,Other,deepseek_reasoning,budget_03,run_01,0.2857142857142857,2.0,7,0.0
MTG43,43_SeattleCityCouncil_12142015,SeattleCityCouncil_12142015,SeattleCityCouncil_12142015_CF 314278,non-decision,Other,deepseek_reasoning,budget_03,run_02,1.0,7.0,7,0.0
MTG43,43_SeattleCityCouncil_12142015,SeattleCityCouncil_12142015,SeattleCityCouncil_12142015_CF 314278,non-decision,Other,deepseek_reasoning,budget_03,run_03,0.5714285714285714,4.0,7,1.0
MTG43,43_SeattleCityCouncil_12142015,SeattleCityCouncil_12142015,SeattleCityCouncil_12142015_CF 314278,non-decision,Other,deepseek_reasoning,budget_03,run_04,0.42857142857142855,3.0,7,0.0
MTG43,43_SeattleCityCouncil_12142015,SeattleCityCouncil_12142015,SeattleCityCouncil_12142015_CF 314278,non-decision,Other,deepseek_reasoning,budget_03,run_05,0.5714285714285714,4.0,7,0.0
MTG43,43_SeattleCityCouncil_12142015,SeattleCityCouncil_12142015,SeattleCityCouncil_12142015_CF 314278,non-decision,Other,deepseek_reasoning,budget_06,run_01,0.7142857142857143,5.0,7,0.0
MTG43,43_SeattleCityCouncil_12142015,SeattleCityCouncil_12142015,SeattleCityCouncil_12142015_CF 314278,non-decision,Other,deepseek_reasoning,budget_06,run_02,1.0,7.0,7,0.0
MTG43,43_SeattleCityCouncil_12142015,SeattleCityCouncil_12142015,SeattleCityCouncil_12142015_CF 314278,non-decision,Other,deepseek_reasoning,budget_06,run_03,1.0,7.0,7,0.0
MTG43,43_SeattleCityCouncil_12142015,SeattleCityCouncil_12142015,SeattleCityCouncil_12142015_CF 314278,non-decision,Other,deepseek_reasoning,budget_06,run_04,1.0,7.0,7,0.0
MTG43,43_SeattleCityCouncil_12142015,SeattleCityCouncil_12142015,SeattleCityCouncil_12142015_CF 314278,non-decision,Other,deepseek_reasoning,budget_06,run_05,1.0,7.0,7,0.0
MTG43,43_SeattleCityCouncil_12142015,SeattleCityCouncil_12142015,SeattleCityCouncil_12142015_CF 314278,non-decision,Other,deepseek_temp1_chat,budget_02,run_01,0.8571428571428571,6.0,7,0.3333333333333333
MTG43,43_SeattleCityCouncil_12142015,SeattleCityCouncil_12142015,SeattleCityCouncil_12142015_CF 314278,non-decision,Other,deepseek_temp1_chat,budget_02,run_02,0.7857142857142857,5.5,7,0.6666666666666666
MTG43,43_SeattleCityCouncil_12142015,SeattleCityCouncil_12142015,SeattleCityCouncil_12142015_CF 314278,non-decision,Other,deepseek_temp1_chat,budget_02,run_03,0.7857142857142857,5.5,7,0.0
MTG43,43_SeattleCityCouncil_12142015,SeattleCityCouncil_12142015,SeattleCityCouncil_12142015_CF 314278,non-decision,Other,deepseek_temp1_chat,budget_02,run_04,0.5,3.5,7,0.75
MTG43,43_SeattleCityCouncil_12142015,SeattleCityCouncil_12142015,SeattleCityCouncil_12142015_CF 314278,non-decision,Other,deepseek_temp1_chat,budget_02,run_05,0.8571428571428571,6.0,7,0.16666666666666666
MTG43,43_SeattleCityCouncil_12142015,SeattleCityCouncil_12142015,SeattleCityCouncil_12142015_CF 314278,non-decision,Other,deepseek_temp1_chat,budget_03,run_01,0.7142857142857143,5.0,7,0.0
MTG43,43_SeattleCityCouncil_12142015,SeattleCityCouncil_12142015,SeattleCityCouncil_12142015_CF 314278,non-decision,Other,deepseek_temp1_chat,budget_03,run_02,0.8571428571428571,6.0,7,0.5
MTG43,43_SeattleCityCouncil_12142015,SeattleCityCouncil_12142015,SeattleCityCouncil_12142015_CF 314278,non-decision,Other,deepseek_temp1_chat,budget_03,run_03,0.8571428571428571,6.0,7,0.16666666666666666
MTG43,43_SeattleCityCouncil_12142015,SeattleCityCouncil_12142015,SeattleCityCouncil_12142015_CF 314278,non-decision,Other,deepseek_temp1_chat,budget_03,run_04,0.8571428571428571,6.0,7,0.5
MTG43,43_SeattleCityCouncil_12142015,SeattleCityCouncil_12142015,SeattleCityCouncil_12142015_CF 314278,non-decision,Other,deepseek_temp1_chat,budget_03,run_05,0.8571428571428571,6.0,7,0.0
MTG43,43_SeattleCityCouncil_12142015,SeattleCityCouncil_12142015,SeattleCityCouncil_12142015_CF 314278,non-decision,Other,deepseek_temp1_chat,budget_06,run_01,0.9285714285714286,6.5,7,0.0
MTG43,43_SeattleCityCouncil_12142015,SeattleCityCouncil_12142015,SeattleCityCouncil_12142015_CF 314278,non-decision,Other,deepseek_temp1_chat,budget_06,run_02,1.0,7.0,7,0.0
MTG43,43_SeattleCityCouncil_12142015,SeattleCityCouncil_12142015,SeattleCityCouncil_12142015_CF 314278,non-decision,Other,deepseek_temp1_chat,budget_06,run_03,1.0,7.0,7,0.14285714285714285
MTG43,43_SeattleCityCouncil_12142015,SeattleCityCouncil_12142015,SeattleCityCouncil_12142015_CF 314278,non-decision,Other,deepseek_temp1_chat,budget_06,run_04,0.8571428571428571,6.0,7,0.0
MTG43,43_SeattleCityCouncil_12142015,SeattleCityCouncil_12142015,SeattleCityCouncil_12142015_CF 314278,non-decision,Other,deepseek_temp1_chat,budget_06,run_05,1.0,7.0,7,0.0
MTG43,43_SeattleCityCouncil_12142015,SeattleCityCouncil_12142015,SeattleCityCouncil_12142015_CF 314278,non-decision,Other,gemini_2_5_flash_lite,budget_02,run_01,0.35714285714285715,2.5,7,0.6666666666666666
MTG43,43_SeattleCityCouncil_12142015,SeattleCityCouncil_12142015,SeattleCityCouncil_12142015_CF 314278,non-decision,Other,gemini_2_5_flash_lite,budget_02,run_02,0.42857142857142855,3.0,7,0.0
MTG43,43_SeattleCityCouncil_12142015,SeattleCityCouncil_12142015,SeattleCityCouncil_12142015_CF 314278,non-decision,Other,gemini_2_5_flash_lite,budget_02,run_03,0.35714285714285715,2.5,7,0.6666666666666666
MTG43,43_SeattleCityCouncil_12142015,SeattleCityCouncil_12142015,SeattleCityCouncil_12142015_CF 314278,non-decision,Other,gemini_2_5_flash_lite,budget_02,run_04,0.42857142857142855,3.0,7,0.0
MTG43,43_SeattleCityCouncil_12142015,SeattleCityCouncil_12142015,SeattleCityCouncil_12142015_CF 314278,non-decision,Other,gemini_2_5_flash_lite,budget_02,run_05,0.2857142857142857,2.0,7,0.0
MTG43,43_SeattleCityCouncil_12142015,SeattleCityCouncil_12142015,SeattleCityCouncil_12142015_CF 314278,non-decision,Other,gemini_2_5_flash_lite,budget_03,run_01,0.5714285714285714,4.0,7,0.0
MTG43,43_SeattleCityCouncil_12142015,SeattleCityCouncil_12142015,SeattleCityCouncil_12142015_CF 314278,non-decision,Other,gemini_2_5_flash_lite,budget_03,run_02,0.42857142857142855,3.0,7,0.0
MTG43,43_SeattleCityCouncil_12142015,SeattleCityCouncil_12142015,SeattleCityCouncil_12142015_CF 314278,non-decision,Other,gemini_2_5_flash_lite,budget_03,run_03,0.5714285714285714,4.0,7,0.5
MTG43,43_SeattleCityCouncil_12142015,SeattleCityCouncil_12142015,SeattleCityCouncil_12142015_CF 314278,non-decision,Other,gemini_2_5_flash_lite,budget_03,run_04,0.5,3.5,7,0.0
MTG43,43_SeattleCityCouncil_12142015,SeattleCityCouncil_12142015,SeattleCityCouncil_12142015_CF 314278,non-decision,Other,gemini_2_5_flash_lite,budget_03,run_05,0.5,3.5,7,0.0
MTG43,43_SeattleCityCouncil_12142015,SeattleCityCouncil_12142015,SeattleCityCouncil_12142015_CF 314278,non-decision,Other,gemini_2_5_flash_lite,budget_06,run_01,0.7857142857142857,5.5,7,0.0
MTG43,43_SeattleCityCouncil_12142015,SeattleCityCouncil_12142015,SeattleCityCouncil_12142015_CF 314278,non-decision,Other,gemini_2_5_flash_lite,budget_06,run_02,0.8571428571428571,6.0,7,0.0
MTG43,43_SeattleCityCouncil_12142015,SeattleCityCouncil_12142015,SeattleCityCouncil_12142015_CF 314278,non-decision,Other,gemini_2_5_flash_lite,budget_06,run_03,0.9285714285714286,6.5,7,0.0
MTG43,43_SeattleCityCouncil_12142015,SeattleCityCouncil_12142015,SeattleCityCouncil_12142015_CF 314278,non-decision,Other,gemini_2_5_flash_lite,budget_06,run_04,0.5714285714285714,4.0,7,0.5
MTG43,43_SeattleCityCouncil_12142015,SeattleCityCouncil_12142015,SeattleCityCouncil_12142015_CF 314278,non-decision,Other,gemini_2_5_flash_lite,budget_06,run_05,0.5,3.5,7,0.0
MTG44,44_SeattleCityCouncil_11232020,SeattleCityCouncil_11232020,SeattleCityCouncil_11232020_CF 314464,non-decision,Other,deepseek_reasoning,budget_02,run_01,0.8571428571428571,6.0,7,0.0
MTG44,44_SeattleCityCouncil_11232020,SeattleCityCouncil_11232020,SeattleCityCouncil_11232020_CF 314464,non-decision,Other,deepseek_reasoning,budget_02,run_02,0.7142857142857143,5.0,7,0.0
MTG44,44_SeattleCityCouncil_11232020,SeattleCityCouncil_11232020,SeattleCityCouncil_11232020_CF 314464,non-decision,Other,deepseek_reasoning,budget_02,run_03,0.9285714285714286,6.5,7,0.0
MTG44,44_SeattleCityCouncil_11232020,SeattleCityCouncil_11232020,SeattleCityCouncil_11232020_CF 314464,non-decision,Other,deepseek_reasoning,budget_02,run_04,0.5714285714285714,4.0,7,0.0
MTG44,44_SeattleCityCouncil_11232020,SeattleCityCouncil_11232020,SeattleCityCouncil_11232020_CF 314464,non-decision,Other,deepseek_reasoning,budget_02,run_05,0.8571428571428571,6.0,7,0.16666666666666666
MTG44,44_SeattleCityCouncil_11232020,SeattleCityCouncil_11232020,SeattleCityCouncil_11232020_CF 314464,non-decision,Other,deepseek_reasoning,budget_03,run_01,0.8571428571428571,6.0,7,0.0
MTG44,44_SeattleCityCouncil_11232020,SeattleCityCouncil_11232020,SeattleCityCouncil_11232020_CF 314464,non-decision,Other,deepseek_reasoning,budget_03,run_02,0.7857142857142857,5.5,7,0.0
MTG44,44_SeattleCityCouncil_11232020,SeattleCityCouncil_11232020,SeattleCityCouncil_11232020_CF 314464,non-decision,Other,deepseek_reasoning,budget_03,run_03,0.8571428571428571,6.0,7,0.0
MTG44,44_SeattleCityCouncil_11232020,SeattleCityCouncil_11232020,SeattleCityCouncil_11232020_CF 314464,non-decision,Other,deepseek_reasoning,budget_03,run_04,0.7142857142857143,5.0,7,0.2
MTG44,44_SeattleCityCouncil_11232020,SeattleCityCouncil_11232020,SeattleCityCouncil_11232020_CF 314464,non-decision,Other,deepseek_reasoning,budget_03,run_05,0.7857142857142857,5.5,7,0.0
MTG44,44_SeattleCityCouncil_11232020,SeattleCityCouncil_11232020,SeattleCityCouncil_11232020_CF 314464,non-decision,Other,deepseek_reasoning,budget_06,run_01,1.0,7.0,7,0.0
MTG44,44_SeattleCityCouncil_11232020,SeattleCityCouncil_11232020,SeattleCityCouncil_11232020_CF 314464,non-decision,Other,deepseek_reasoning,budget_06,run_02,1.0,7.0,7,0.0
MTG44,44_SeattleCityCouncil_11232020,SeattleCityCouncil_11232020,SeattleCityCouncil_11232020_CF 314464,non-decision,Other,deepseek_reasoning,budget_06,run_03,0.9285714285714286,6.5,7,0.0
MTG44,44_SeattleCityCouncil_11232020,SeattleCityCouncil_11232020,SeattleCityCouncil_11232020_CF 314464,non-decision,Other,deepseek_reasoning,budget_06,run_04,0.8571428571428571,6.0,7,0.16666666666666666
MTG44,44_SeattleCityCouncil_11232020,SeattleCityCouncil_11232020,SeattleCityCouncil_11232020_CF 314464,non-decision,Other,deepseek_reasoning,budget_06,run_05,0.9285714285714286,6.5,7,0.0
MTG44,44_SeattleCityCouncil_11232020,SeattleCityCouncil_11232020,SeattleCityCouncil_11232020_CF 314464,non-decision,Other,deepseek_temp1_chat,budget_02,run_01,0.7142857142857143,5.0,7,0.0
MTG44,44_SeattleCityCouncil_11232020,SeattleCityCouncil_11232020,SeattleCityCouncil_11232020_CF 314464,non-decision,Other,deepseek_temp1_chat,budget_02,run_02,0.5,3.5,7,0.25
MTG44,44_SeattleCityCouncil_11232020,SeattleCityCouncil_11232020,SeattleCityCouncil_11232020_CF 314464,non-decision,Other,deepseek_temp1_chat,budget_02,run_03,0.7142857142857143,5.0,7,0.4
MTG44,44_SeattleCityCouncil_11232020,SeattleCityCouncil_11232020,SeattleCityCouncil_11232020_CF 314464,non-decision,Other,deepseek_temp1_chat,budget_02,run_04,0.8571428571428571,6.0,7,0.0
MTG44,44_SeattleCityCouncil_11232020,SeattleCityCouncil_11232020,SeattleCityCouncil_11232020_CF 314464,non-decision,Other,deepseek_temp1_chat,budget_02,run_05,0.7142857142857143,5.0,7,0.0
MTG44,44_SeattleCityCouncil_11232020,SeattleCityCouncil_11232020,SeattleCityCouncil_11232020_CF 314464,non-decision,Other,deepseek_temp1_chat,budget_03,run_01,0.7142857142857143,5.0,7,0.0
MTG44,44_SeattleCityCouncil_11232020,SeattleCityCouncil_11232020,SeattleCityCouncil_11232020_CF 314464,non-decision,Other,deepseek_temp1_chat,budget_03,run_02,0.8571428571428571,6.0,7,0.0
MTG44,44_SeattleCityCouncil_11232020,SeattleCityCouncil_11232020,SeattleCityCouncil_11232020_CF 314464,non-decision,Other,deepseek_temp1_chat,budget_03,run_03,0.8571428571428571,6.0,7,0.0
MTG44,44_SeattleCityCouncil_11232020,SeattleCityCouncil_11232020,SeattleCityCouncil_11232020_CF 314464,non-decision,Other,deepseek_temp1_chat,budget_03,run_04,0.7142857142857143,5.0,7,0.0
MTG44,44_SeattleCityCouncil_11232020,SeattleCityCouncil_11232020,SeattleCityCouncil_11232020_CF 314464,non-decision,Other,deepseek_temp1_chat,budget_03,run_05,1.0,7.0,7,0.0
MTG44,44_SeattleCityCouncil_11232020,SeattleCityCouncil_11232020,SeattleCityCouncil_11232020_CF 314464,non-decision,Other,deepseek_temp1_chat,budget_06,run_01,0.8571428571428571,6.0,7,0.0
MTG44,44_SeattleCityCouncil_11232020,SeattleCityCouncil_11232020,SeattleCityCouncil_11232020_CF 314464,non-decision,Other,deepseek_temp1_chat,budget_06,run_02,0.8571428571428571,6.0,7,0.0
MTG44,44_SeattleCityCouncil_11232020,SeattleCityCouncil_11232020,SeattleCityCouncil_11232020_CF 314464,non-decision,Other,deepseek_temp1_chat,budget_06,run_03,0.8571428571428571,6.0,7,0.16666666666666666
MTG44,44_SeattleCityCouncil_11232020,SeattleCityCouncil_11232020,SeattleCityCouncil_11232020_CF 314464,non-decision,Other,deepseek_temp1_chat,budget_06,run_04,0.8571428571428571,6.0,7,0.16666666666666666
MTG44,44_SeattleCityCouncil_11232020,SeattleCityCouncil_11232020,SeattleCityCouncil_11232020_CF 314464,non-decision,Other,deepseek_temp1_chat,budget_06,run_05,0.8571428571428571,6.0,7,0.3333333333333333
MTG44,44_SeattleCityCouncil_11232020,SeattleCityCouncil_11232020,SeattleCityCouncil_11232020_CF 314464,non-decision,Other,gemini_2_5_flash_lite,budget_02,run_01,0.7142857142857143,5.0,7,0.0
MTG44,44_SeattleCityCouncil_11232020,SeattleCityCouncil_11232020,SeattleCityCouncil_11232020_CF 314464,non-decision,Other,gemini_2_5_flash_lite,budget_02,run_02,0.42857142857142855,3.0,7,0.0
MTG44,44_SeattleCityCouncil_11232020,SeattleCityCouncil_11232020,SeattleCityCouncil_11232020_CF 314464,non-decision,Other,gemini_2_5_flash_lite,budget_02,run_03,0.8571428571428571,6.0,7,0.0
MTG44,44_SeattleCityCouncil_11232020,SeattleCityCouncil_11232020,SeattleCityCouncil_11232020_CF 314464,non-decision,Other,gemini_2_5_flash_lite,budget_02,run_04,0.42857142857142855,3.0,7,0.0
MTG44,44_SeattleCityCouncil_11232020,SeattleCityCouncil_11232020,SeattleCityCouncil_11232020_CF 314464,non-decision,Other,gemini_2_5_flash_lite,budget_02,run_05,0.7142857142857143,5.0,7,0.0
MTG44,44_SeattleCityCouncil_11232020,SeattleCityCouncil_11232020,SeattleCityCouncil_11232020_CF 314464,non-decision,Other,gemini_2_5_flash_lite,budget_03,run_01,0.5,3.5,7,0.0
MTG44,44_SeattleCityCouncil_11232020,SeattleCityCouncil_11232020,SeattleCityCouncil_11232020_CF 314464,non-decision,Other,gemini_2_5_flash_lite,budget_03,run_02,0.42857142857142855,3.0,7,0.0
MTG44,44_SeattleCityCouncil_11232020,SeattleCityCouncil_11232020,SeattleCityCouncil_11232020_CF 314464,non-decision,Other,gemini_2_5_flash_lite,budget_03,run_03,0.6428571428571429,4.5,7,0.0
MTG44,44_SeattleCityCouncil_11232020,SeattleCityCouncil_11232020,SeattleCityCouncil_11232020_CF 314464,non-decision,Other,gemini_2_5_flash_lite,budget_03,run_04,0.42857142857142855,3.0,7,0.0
MTG44,44_SeattleCityCouncil_11232020,SeattleCityCouncil_11232020,SeattleCityCouncil_11232020_CF 314464,non-decision,Other,gemini_2_5_flash_lite,budget_03,run_05,0.42857142857142855,3.0,7,0.0
MTG44,44_SeattleCityCouncil_11232020,SeattleCityCouncil_11232020,SeattleCityCouncil_11232020_CF 314464,non-decision,Other,gemini_2_5_flash_lite,budget_06,run_01,0.5,3.5,7,0.5
MTG44,44_SeattleCityCouncil_11232020,SeattleCityCouncil_11232020,SeattleCityCouncil_11232020_CF 314464,non-decision,Other,gemini_2_5_flash_lite,budget_06,run_02,0.35714285714285715,2.5,7,0.0
MTG44,44_SeattleCityCouncil_11232020,SeattleCityCouncil_11232020,SeattleCityCouncil_11232020_CF 314464,non-decision,Other,gemini_2_5_flash_lite,budget_06,run_03,0.7857142857142857,5.5,7,0.0
MTG44,44_SeattleCityCouncil_11232020,SeattleCityCouncil_11232020,SeattleCityCouncil_11232020_CF 314464,non-decision,Other,gemini_2_5_flash_lite,budget_06,run_04,0.6428571428571429,4.5,7,0.0
MTG44,44_SeattleCityCouncil_11232020,SeattleCityCouncil_11232020,SeattleCityCouncil_11232020_CF 314464,non-decision,Other,gemini_2_5_flash_lite,budget_06,run_05,0.8571428571428571,6.0,7,0.0
MTG45,45_BostonCC_02022022,BostonCC_02022022,BostonCC_02022022_2022-0246,non-decision,Other,deepseek_reasoning,budget_02,run_01,0.8571428571428571,6.0,7,0.0
MTG45,45_BostonCC_02022022,BostonCC_02022022,BostonCC_02022022_2022-0246,non-decision,Other,deepseek_reasoning,budget_02,run_02,0.7142857142857143,5.0,7,0.0
MTG45,45_BostonCC_02022022,BostonCC_02022022,BostonCC_02022022_2022-0246,non-decision,Other,deepseek_reasoning,budget_02,run_03,0.8571428571428571,6.0,7,0.0
MTG45,45_BostonCC_02022022,BostonCC_02022022,BostonCC_02022022_2022-0246,non-decision,Other,deepseek_reasoning,budget_02,run_04,0.8571428571428571,6.0,7,0.0
MTG45,45_BostonCC_02022022,BostonCC_02022022,BostonCC_02022022_2022-0246,non-decision,Other,deepseek_reasoning,budget_02,run_05,0.42857142857142855,3.0,7,0.0
MTG45,45_BostonCC_02022022,BostonCC_02022022,BostonCC_02022022_2022-0246,non-decision,Other,deepseek_reasoning,budget_03,run_01,0.7142857142857143,5.0,7,0.0
MTG45,45_BostonCC_02022022,BostonCC_02022022,BostonCC_02022022_2022-0246,non-decision,Other,deepseek_reasoning,budget_03,run_02,1.0,7.0,7,0.0
MTG45,45_BostonCC_02022022,BostonCC_02022022,BostonCC_02022022_2022-0246,non-decision,Other,deepseek_reasoning,budget_03,run_03,0.8571428571428571,6.0,7,0.0
MTG45,45_BostonCC_02022022,BostonCC_02022022,BostonCC_02022022_2022-0246,non-decision,Other,deepseek_reasoning,budget_03,run_04,0.8571428571428571,6.0,7,0.0
MTG45,45_BostonCC_02022022,BostonCC_02022022,BostonCC_02022022_2022-0246,non-decision,Other,deepseek_reasoning,budget_03,run_05,0.8571428571428571,6.0,7,0.0
MTG45,45_BostonCC_02022022,BostonCC_02022022,BostonCC_02022022_2022-0246,non-decision,Other,deepseek_reasoning,budget_06,run_01,1.0,7.0,7,0.0
MTG45,45_BostonCC_02022022,BostonCC_02022022,BostonCC_02022022_2022-0246,non-decision,Other,deepseek_reasoning,budget_06,run_02,1.0,7.0,7,0.0
MTG45,45_BostonCC_02022022,BostonCC_02022022,BostonCC_02022022_2022-0246,non-decision,Other,deepseek_reasoning,budget_06,run_03,0.8571428571428571,6.0,7,0.0
MTG45,45_BostonCC_02022022,BostonCC_02022022,BostonCC_02022022_2022-0246,non-decision,Other,deepseek_reasoning,budget_06,run_04,1.0,7.0,7,0.0
MTG45,45_BostonCC_02022022,BostonCC_02022022,BostonCC_02022022_2022-0246,non-decision,Other,deepseek_reasoning,budget_06,run_05,0.8571428571428571,6.0,7,0.0
MTG45,45_BostonCC_02022022,BostonCC_02022022,BostonCC_02022022_2022-0246,non-decision,Other,deepseek_temp1_chat,budget_02,run_01,0.42857142857142855,3.0,7,0.0
MTG45,45_BostonCC_02022022,BostonCC_02022022,BostonCC_02022022_2022-0246,non-decision,Other,deepseek_temp1_chat,budget_02,run_02,0.7857142857142857,5.5,7,0.2
MTG45,45_BostonCC_02022022,BostonCC_02022022,BostonCC_02022022_2022-0246,non-decision,Other,deepseek_temp1_chat,budget_02,run_03,1.0,7.0,7,0.0
MTG45,45_BostonCC_02022022,BostonCC_02022022,BostonCC_02022022_2022-0246,non-decision,Other,deepseek_temp1_chat,budget_02,run_04,0.8571428571428571,6.0,7,0.0
MTG45,45_BostonCC_02022022,BostonCC_02022022,BostonCC_02022022_2022-0246,non-decision,Other,deepseek_temp1_chat,budget_02,run_05,0.8571428571428571,6.0,7,0.0
MTG45,45_BostonCC_02022022,BostonCC_02022022,BostonCC_02022022_2022-0246,non-decision,Other,deepseek_temp1_chat,budget_03,run_01,0.8571428571428571,6.0,7,0.0
MTG45,45_BostonCC_02022022,BostonCC_02022022,BostonCC_02022022_2022-0246,non-decision,Other,deepseek_temp1_chat,budget_03,run_02,0.8571428571428571,6.0,7,0.0
MTG45,45_BostonCC_02022022,BostonCC_02022022,BostonCC_02022022_2022-0246,non-decision,Other,deepseek_temp1_chat,budget_03,run_03,0.8571428571428571,6.0,7,0.0
MTG45,45_BostonCC_02022022,BostonCC_02022022,BostonCC_02022022_2022-0246,non-decision,Other,deepseek_temp1_chat,budget_03,run_04,0.8571428571428571,6.0,7,0.0
MTG45,45_BostonCC_02022022,BostonCC_02022022,BostonCC_02022022_2022-0246,non-decision,Other,deepseek_temp1_chat,budget_03,run_05,0.8571428571428571,6.0,7,0.0
MTG45,45_BostonCC_02022022,BostonCC_02022022,BostonCC_02022022_2022-0246,non-decision,Other,deepseek_temp1_chat,budget_06,run_01,0.8571428571428571,6.0,7,0.0
MTG45,45_BostonCC_02022022,BostonCC_02022022,BostonCC_02022022_2022-0246,non-decision,Other,deepseek_temp1_chat,budget_06,run_02,0.8571428571428571,6.0,7,0.0
MTG45,45_BostonCC_02022022,BostonCC_02022022,BostonCC_02022022_2022-0246,non-decision,Other,deepseek_temp1_chat,budget_06,run_03,1.0,7.0,7,0.0
MTG45,45_BostonCC_02022022,BostonCC_02022022,BostonCC_02022022_2022-0246,non-decision,Other,deepseek_temp1_chat,budget_06,run_04,1.0,7.0,7,0.0
MTG45,45_BostonCC_02022022,BostonCC_02022022,BostonCC_02022022_2022-0246,non-decision,Other,deepseek_temp1_chat,budget_06,run_05,0.8571428571428571,6.0,7,0.0
MTG45,45_BostonCC_02022022,BostonCC_02022022,BostonCC_02022022_2022-0246,non-decision,Other,gemini_2_5_flash_lite,budget_02,run_01,0.7142857142857143,5.0,7,0.0
MTG45,45_BostonCC_02022022,BostonCC_02022022,BostonCC_02022022_2022-0246,non-decision,Other,gemini_2_5_flash_lite,budget_02,run_02,0.5714285714285714,4.0,7,0.0
MTG45,45_BostonCC_02022022,BostonCC_02022022,BostonCC_02022022_2022-0246,non-decision,Other,gemini_2_5_flash_lite,budget_02,run_03,0.8571428571428571,6.0,7,0.0
MTG45,45_BostonCC_02022022,BostonCC_02022022,BostonCC_02022022_2022-0246,non-decision,Other,gemini_2_5_flash_lite,budget_02,run_04,0.5714285714285714,4.0,7,0.0
MTG45,45_BostonCC_02022022,BostonCC_02022022,BostonCC_02022022_2022-0246,non-decision,Other,gemini_2_5_flash_lite,budget_02,run_05,0.5714285714285714,4.0,7,0.0
MTG45,45_BostonCC_02022022,BostonCC_02022022,BostonCC_02022022_2022-0246,non-decision,Other,gemini_2_5_flash_lite,budget_03,run_01,0.7142857142857143,5.0,7,0.0
MTG45,45_BostonCC_02022022,BostonCC_02022022,BostonCC_02022022_2022-0246,non-decision,Other,gemini_2_5_flash_lite,budget_03,run_02,0.7142857142857143,5.0,7,0.0
MTG45,45_BostonCC_02022022,BostonCC_02022022,BostonCC_02022022_2022-0246,non-decision,Other,gemini_2_5_flash_lite,budget_03,run_03,0.8571428571428571,6.0,7,0.0
MTG45,45_BostonCC_02022022,BostonCC_02022022,BostonCC_02022022_2022-0246,non-decision,Other,gemini_2_5_flash_lite,budget_03,run_04,0.8571428571428571,6.0,7,0.0
MTG45,45_BostonCC_02022022,BostonCC_02022022,BostonCC_02022022_2022-0246,non-decision,Other,gemini_2_5_flash_lite,budget_03,run_05,0.8571428571428571,6.0,7,0.0
MTG45,45_BostonCC_02022022,BostonCC_02022022,BostonCC_02022022_2022-0246,non-decision,Other,gemini_2_5_flash_lite,budget_06,run_01,1.0,7.0,7,0.0
MTG45,45_BostonCC_02022022,BostonCC_02022022,BostonCC_02022022_2022-0246,non-decision,Other,gemini_2_5_flash_lite,budget_06,run_02,0.8571428571428571,6.0,7,0.0
MTG45,45_BostonCC_02022022,BostonCC_02022022,BostonCC_02022022_2022-0246,non-decision,Other,gemini_2_5_flash_lite,budget_06,run_03,1.0,7.0,7,0.0
MTG45,45_BostonCC_02022022,BostonCC_02022022,BostonCC_02022022_2022-0246,non-decision,Other,gemini_2_5_flash_lite,budget_06,run_04,1.0,7.0,7,0.0
MTG45,45_BostonCC_02022022,BostonCC_02022022,BostonCC_02022022_2022-0246,non-decision,Other,gemini_2_5_flash_lite,budget_06,run_05,1.0,7.0,7,0.0
MTG46,46_BostonCC_03162022,BostonCC_03162022,BostonCC_03162022_2022-0381,non-decision,Other,deepseek_reasoning,budget_02,run_01,0.7142857142857143,5.0,7,0.0
MTG46,46_BostonCC_03162022,BostonCC_03162022,BostonCC_03162022_2022-0381,non-decision,Other,deepseek_reasoning,budget_02,run_02,0.7142857142857143,5.0,7,0.0
MTG46,46_BostonCC_03162022,BostonCC_03162022,BostonCC_03162022_2022-0381,non-decision,Other,deepseek_reasoning,budget_02,run_03,0.7142857142857143,5.0,7,0.0
MTG46,46_BostonCC_03162022,BostonCC_03162022,BostonCC_03162022_2022-0381,non-decision,Other,deepseek_reasoning,budget_02,run_04,0.8571428571428571,6.0,7,0.0
MTG46,46_BostonCC_03162022,BostonCC_03162022,BostonCC_03162022_2022-0381,non-decision,Other,deepseek_reasoning,budget_02,run_05,0.8571428571428571,6.0,7,0.0
MTG46,46_BostonCC_03162022,BostonCC_03162022,BostonCC_03162022_2022-0381,non-decision,Other,deepseek_reasoning,budget_03,run_01,0.8571428571428571,6.0,7,0.0
MTG46,46_BostonCC_03162022,BostonCC_03162022,BostonCC_03162022_2022-0381,non-decision,Other,deepseek_reasoning,budget_03,run_02,1.0,7.0,7,0.0
MTG46,46_BostonCC_03162022,BostonCC_03162022,BostonCC_03162022_2022-0381,non-decision,Other,deepseek_reasoning,budget_03,run_03,0.8571428571428571,6.0,7,0.0
MTG46,46_BostonCC_03162022,BostonCC_03162022,BostonCC_03162022_2022-0381,non-decision,Other,deepseek_reasoning,budget_03,run_04,0.7142857142857143,5.0,7,0.0
MTG46,46_BostonCC_03162022,BostonCC_03162022,BostonCC_03162022_2022-0381,non-decision,Other,deepseek_reasoning,budget_03,run_05,0.9285714285714286,6.5,7,0.0
MTG46,46_BostonCC_03162022,BostonCC_03162022,BostonCC_03162022_2022-0381,non-decision,Other,deepseek_reasoning,budget_06,run_01,1.0,7.0,7,0.0
MTG46,46_BostonCC_03162022,BostonCC_03162022,BostonCC_03162022_2022-0381,non-decision,Other,deepseek_reasoning,budget_06,run_02,0.8571428571428571,6.0,7,0.0
MTG46,46_BostonCC_03162022,BostonCC_03162022,BostonCC_03162022_2022-0381,non-decision,Other,deepseek_reasoning,budget_06,run_03,1.0,7.0,7,0.0
MTG46,46_BostonCC_03162022,BostonCC_03162022,BostonCC_03162022_2022-0381,non-decision,Other,deepseek_reasoning,budget_06,run_04,1.0,7.0,7,0.0
MTG46,46_BostonCC_03162022,BostonCC_03162022,BostonCC_03162022_2022-0381,non-decision,Other,deepseek_reasoning,budget_06,run_05,0.8571428571428571,6.0,7,0.0
MTG46,46_BostonCC_03162022,BostonCC_03162022,BostonCC_03162022_2022-0381,non-decision,Other,deepseek_temp1_chat,budget_02,run_01,0.5714285714285714,4.0,7,0.0
MTG46,46_BostonCC_03162022,BostonCC_03162022,BostonCC_03162022_2022-0381,non-decision,Other,deepseek_temp1_chat,budget_02,run_02,0.7142857142857143,5.0,7,0.0
MTG46,46_BostonCC_03162022,BostonCC_03162022,BostonCC_03162022_2022-0381,non-decision,Other,deepseek_temp1_chat,budget_02,run_03,1.0,7.0,7,0.0
MTG46,46_BostonCC_03162022,BostonCC_03162022,BostonCC_03162022_2022-0381,non-decision,Other,deepseek_temp1_chat,budget_02,run_04,0.7857142857142857,5.5,7,0.0
MTG46,46_BostonCC_03162022,BostonCC_03162022,BostonCC_03162022_2022-0381,non-decision,Other,deepseek_temp1_chat,budget_02,run_05,0.7142857142857143,5.0,7,0.0
MTG46,46_BostonCC_03162022,BostonCC_03162022,BostonCC_03162022_2022-0381,non-decision,Other,deepseek_temp1_chat,budget_03,run_01,1.0,7.0,7,0.0
MTG46,46_BostonCC_03162022,BostonCC_03162022,BostonCC_03162022_2022-0381,non-decision,Other,deepseek_temp1_chat,budget_03,run_02,0.9285714285714286,6.5,7,0.0
MTG46,46_BostonCC_03162022,BostonCC_03162022,BostonCC_03162022_2022-0381,non-decision,Other,deepseek_temp1_chat,budget_03,run_03,0.8571428571428571,6.0,7,0.0
MTG46,46_BostonCC_03162022,BostonCC_03162022,BostonCC_03162022_2022-0381,non-decision,Other,deepseek_temp1_chat,budget_03,run_04,0.7857142857142857,5.5,7,0.0
MTG46,46_BostonCC_03162022,BostonCC_03162022,BostonCC_03162022_2022-0381,non-decision,Other,deepseek_temp1_chat,budget_03,run_05,0.7142857142857143,5.0,7,0.0
MTG46,46_BostonCC_03162022,BostonCC_03162022,BostonCC_03162022_2022-0381,non-decision,Other,deepseek_temp1_chat,budget_06,run_01,1.0,7.0,7,0.0
MTG46,46_BostonCC_03162022,BostonCC_03162022,BostonCC_03162022_2022-0381,non-decision,Other,deepseek_temp1_chat,budget_06,run_02,0.8571428571428571,6.0,7,0.0
MTG46,46_BostonCC_03162022,BostonCC_03162022,BostonCC_03162022_2022-0381,non-decision,Other,deepseek_temp1_chat,budget_06,run_03,0.8571428571428571,6.0,7,0.0
MTG46,46_BostonCC_03162022,BostonCC_03162022,BostonCC_03162022_2022-0381,non-decision,Other,deepseek_temp1_chat,budget_06,run_04,1.0,7.0,7,0.0
MTG46,46_BostonCC_03162022,BostonCC_03162022,BostonCC_03162022_2022-0381,non-decision,Other,deepseek_temp1_chat,budget_06,run_05,0.7142857142857143,5.0,7,0.0
MTG46,46_BostonCC_03162022,BostonCC_03162022,BostonCC_03162022_2022-0381,non-decision,Other,gemini_2_5_flash_lite,budget_02,run_01,0.42857142857142855,3.0,7,0.0
MTG46,46_BostonCC_03162022,BostonCC_03162022,BostonCC_03162022_2022-0381,non-decision,Other,gemini_2_5_flash_lite,budget_02,run_02,0.6428571428571429,4.5,7,0.0
MTG46,46_BostonCC_03162022,BostonCC_03162022,BostonCC_03162022_2022-0381,non-decision,Other,gemini_2_5_flash_lite,budget_02,run_03,0.7142857142857143,5.0,7,0.0
MTG46,46_BostonCC_03162022,BostonCC_03162022,BostonCC_03162022_2022-0381,non-decision,Other,gemini_2_5_flash_lite,budget_02,run_04,0.7142857142857143,5.0,7,0.0
MTG46,46_BostonCC_03162022,BostonCC_03162022,BostonCC_03162022_2022-0381,non-decision,Other,gemini_2_5_flash_lite,budget_02,run_05,0.7142857142857143,5.0,7,0.0
MTG46,46_BostonCC_03162022,BostonCC_03162022,BostonCC_03162022_2022-0381,non-decision,Other,gemini_2_5_flash_lite,budget_03,run_01,0.8571428571428571,6.0,7,0.0
MTG46,46_BostonCC_03162022,BostonCC_03162022,BostonCC_03162022_2022-0381,non-decision,Other,gemini_2_5_flash_lite,budget_03,run_02,1.0,7.0,7,0.0
MTG46,46_BostonCC_03162022,BostonCC_03162022,BostonCC_03162022_2022-0381,non-decision,Other,gemini_2_5_flash_lite,budget_03,run_03,0.9285714285714286,6.5,7,0.0
MTG46,46_BostonCC_03162022,BostonCC_03162022,BostonCC_03162022_2022-0381,non-decision,Other,gemini_2_5_flash_lite,budget_03,run_04,0.5,3.5,7,0.0
MTG46,46_BostonCC_03162022,BostonCC_03162022,BostonCC_03162022_2022-0381,non-decision,Other,gemini_2_5_flash_lite,budget_03,run_05,0.5,3.5,7,0.0
MTG46,46_BostonCC_03162022,BostonCC_03162022,BostonCC_03162022_2022-0381,non-decision,Other,gemini_2_5_flash_lite,budget_06,run_01,0.7857142857142857,5.5,7,0.0
MTG46,46_BostonCC_03162022,BostonCC_03162022,BostonCC_03162022_2022-0381,non-decision,Other,gemini_2_5_flash_lite,budget_06,run_02,0.8571428571428571,6.0,7,0.0
MTG46,46_BostonCC_03162022,BostonCC_03162022,BostonCC_03162022_2022-0381,non-decision,Other,gemini_2_5_flash_lite,budget_06,run_03,0.8571428571428571,6.0,7,0.0
MTG46,46_BostonCC_03162022,BostonCC_03162022,BostonCC_03162022_2022-0381,non-decision,Other,gemini_2_5_flash_lite,budget_06,run_04,0.7142857142857143,5.0,7,0.0
MTG46,46_BostonCC_03162022,BostonCC_03162022,BostonCC_03162022_2022-0381,non-decision,Other,gemini_2_5_flash_lite,budget_06,run_05,0.7142857142857143,5.0,7,0.0
MTG47,47_SeattleCityCouncil_05022016,SeattleCityCouncil_05022016,SeattleCityCouncil_05022016_CF 312905,non-decision,Other,deepseek_reasoning,budget_02,run_01,0.8571428571428571,6.0,7,0.0
MTG47,47_SeattleCityCouncil_05022016,SeattleCityCouncil_05022016,SeattleCityCouncil_05022016_CF 312905,non-decision,Other,deepseek_reasoning,budget_02,run_02,0.7142857142857143,5.0,7,0.0
MTG47,47_SeattleCityCouncil_05022016,SeattleCityCouncil_05022016,SeattleCityCouncil_05022016_CF 312905,non-decision,Other,deepseek_reasoning,budget_02,run_03,0.7857142857142857,5.5,7,0.0
MTG47,47_SeattleCityCouncil_05022016,SeattleCityCouncil_05022016,SeattleCityCouncil_05022016_CF 312905,non-decision,Other,deepseek_reasoning,budget_02,run_04,0.7142857142857143,5.0,7,0.0
MTG47,47_SeattleCityCouncil_05022016,SeattleCityCouncil_05022016,SeattleCityCouncil_05022016_CF 312905,non-decision,Other,deepseek_reasoning,budget_02,run_05,0.6428571428571429,4.5,7,0.0
MTG47,47_SeattleCityCouncil_05022016,SeattleCityCouncil_05022016,SeattleCityCouncil_05022016_CF 312905,non-decision,Other,deepseek_reasoning,budget_03,run_01,0.7142857142857143,5.0,7,0.4
MTG47,47_SeattleCityCouncil_05022016,SeattleCityCouncil_05022016,SeattleCityCouncil_05022016_CF 312905,non-decision,Other,deepseek_reasoning,budget_03,run_02,0.9285714285714286,6.5,7,0.0
MTG47,47_SeattleCityCouncil_05022016,SeattleCityCouncil_05022016,SeattleCityCouncil_05022016_CF 312905,non-decision,Other,deepseek_reasoning,budget_03,run_03,0.8571428571428571,6.0,7,0.16666666666666666
MTG47,47_SeattleCityCouncil_05022016,SeattleCityCouncil_05022016,SeattleCityCouncil_05022016_CF 312905,non-decision,Other,deepseek_reasoning,budget_03,run_04,0.8571428571428571,6.0,7,0.16666666666666666
MTG47,47_SeattleCityCouncil_05022016,SeattleCityCouncil_05022016,SeattleCityCouncil_05022016_CF 312905,non-decision,Other,deepseek_reasoning,budget_03,run_05,0.7857142857142857,5.5,7,0.6
MTG47,47_SeattleCityCouncil_05022016,SeattleCityCouncil_05022016,SeattleCityCouncil_05022016_CF 312905,non-decision,Other,deepseek_reasoning,budget_06,run_01,0.9285714285714286,6.5,7,0.14285714285714285
MTG47,47_SeattleCityCouncil_05022016,SeattleCityCouncil_05022016,SeattleCityCouncil_05022016_CF 312905,non-decision,Other,deepseek_reasoning,budget_06,run_02,0.42857142857142855,3.0,7,0.0
MTG47,47_SeattleCityCouncil_05022016,SeattleCityCouncil_05022016,SeattleCityCouncil_05022016_CF 312905,non-decision,Other,deepseek_reasoning,budget_06,run_03,0.8571428571428571,6.0,7,0.0
MTG47,47_SeattleCityCouncil_05022016,SeattleCityCouncil_05022016,SeattleCityCouncil_05022016_CF 312905,non-decision,Other,deepseek_reasoning,budget_06,run_04,0.7142857142857143,5.0,7,0.0
MTG47,47_SeattleCityCouncil_05022016,SeattleCityCouncil_05022016,SeattleCityCouncil_05022016_CF 312905,non-decision,Other,deepseek_reasoning,budget_06,run_05,0.7857142857142857,5.5,7,0.3333333333333333
MTG47,47_SeattleCityCouncil_05022016,SeattleCityCouncil_05022016,SeattleCityCouncil_05022016_CF 312905,non-decision,Other,deepseek_temp1_chat,budget_02,run_01,0.6428571428571429,4.5,7,0.2
MTG47,47_SeattleCityCouncil_05022016,SeattleCityCouncil_05022016,SeattleCityCouncil_05022016_CF 312905,non-decision,Other,deepseek_temp1_chat,budget_02,run_02,0.7142857142857143,5.0,7,0.2
MTG47,47_SeattleCityCouncil_05022016,SeattleCityCouncil_05022016,SeattleCityCouncil_05022016_CF 312905,non-decision,Other,deepseek_temp1_chat,budget_02,run_03,0.8571428571428571,6.0,7,0.0
MTG47,47_SeattleCityCouncil_05022016,SeattleCityCouncil_05022016,SeattleCityCouncil_05022016_CF 312905,non-decision,Other,deepseek_temp1_chat,budget_02,run_04,0.5,3.5,7,0.0
MTG47,47_SeattleCityCouncil_05022016,SeattleCityCouncil_05022016,SeattleCityCouncil_05022016_CF 312905,non-decision,Other,deepseek_temp1_chat,budget_02,run_05,0.7857142857142857,5.5,7,0.4
MTG47,47_SeattleCityCouncil_05022016,SeattleCityCouncil_05022016,SeattleCityCouncil_05022016_CF 312905,non-decision,Other,deepseek_temp1_chat,budget_03,run_01,0.42857142857142855,3.0,7,0.3333333333333333
MTG47,47_SeattleCityCouncil_05022016,SeattleCityCouncil_05022016,SeattleCityCouncil_05022016_CF 312905,non-decision,Other,deepseek_temp1_chat,budget_03,run_02,0.7142857142857143,5.0,7,0.25
MTG47,47_SeattleCityCouncil_05022016,SeattleCityCouncil_05022016,SeattleCityCouncil_05022016_CF 312905,non-decision,Other,deepseek_temp1_chat,budget_03,run_03,0.5,3.5,7,0.75
MTG47,47_SeattleCityCouncil_05022016,SeattleCityCouncil_05022016,SeattleCityCouncil_05022016_CF 312905,non-decision,Other,deepseek_temp1_chat,budget_03,run_04,0.5714285714285714,4.0,7,0.25
MTG47,47_SeattleCityCouncil_05022016,SeattleCityCouncil_05022016,SeattleCityCouncil_05022016_CF 312905,non-decision,Other,deepseek_temp1_chat,budget_03,run_05,0.7857142857142857,5.5,7,0.16666666666666666
MTG47,47_SeattleCityCouncil_05022016,SeattleCityCouncil_05022016,SeattleCityCouncil_05022016_CF 312905,non-decision,Other,deepseek_temp1_chat,budget_06,run_01,0.8571428571428571,6.0,7,0.16666666666666666
MTG47,47_SeattleCityCouncil_05022016,SeattleCityCouncil_05022016,SeattleCityCouncil_05022016_CF 312905,non-decision,Other,deepseek_temp1_chat,budget_06,run_02,0.7142857142857143,5.0,7,0.2
MTG47,47_SeattleCityCouncil_05022016,SeattleCityCouncil_05022016,SeattleCityCouncil_05022016_CF 312905,non-decision,Other,deepseek_temp1_chat,budget_06,run_03,0.9285714285714286,6.5,7,0.0
MTG47,47_SeattleCityCouncil_05022016,SeattleCityCouncil_05022016,SeattleCityCouncil_05022016_CF 312905,non-decision,Other,deepseek_temp1_chat,budget_06,run_04,0.8571428571428571,6.0,7,0.0
MTG47,47_SeattleCityCouncil_05022016,SeattleCityCouncil_05022016,SeattleCityCouncil_05022016_CF 312905,non-decision,Other,deepseek_temp1_chat,budget_06,run_05,0.9285714285714286,6.5,7,0.42857142857142855
MTG47,47_SeattleCityCouncil_05022016,SeattleCityCouncil_05022016,SeattleCityCouncil_05022016_CF 312905,non-decision,Other,gemini_2_5_flash_lite,budget_02,run_01,0.6428571428571429,4.5,7,0.8
MTG47,47_SeattleCityCouncil_05022016,SeattleCityCouncil_05022016,SeattleCityCouncil_05022016_CF 312905,non-decision,Other,gemini_2_5_flash_lite,budget_02,run_02,0.42857142857142855,3.0,7,0.6666666666666666
MTG47,47_SeattleCityCouncil_05022016,SeattleCityCouncil_05022016,SeattleCityCouncil_05022016_CF 312905,non-decision,Other,gemini_2_5_flash_lite,budget_02,run_03,0.7142857142857143,5.0,7,0.0
MTG47,47_SeattleCityCouncil_05022016,SeattleCityCouncil_05022016,SeattleCityCouncil_05022016_CF 312905,non-decision,Other,gemini_2_5_flash_lite,budget_02,run_04,0.6428571428571429,4.5,7,0.4
MTG47,47_SeattleCityCouncil_05022016,SeattleCityCouncil_05022016,SeattleCityCouncil_05022016_CF 312905,non-decision,Other,gemini_2_5_flash_lite,budget_02,run_05,0.6428571428571429,4.5,7,0.0
MTG47,47_SeattleCityCouncil_05022016,SeattleCityCouncil_05022016,SeattleCityCouncil_05022016_CF 312905,non-decision,Other,gemini_2_5_flash_lite,budget_03,run_01,0.8571428571428571,6.0,7,0.3333333333333333
MTG47,47_SeattleCityCouncil_05022016,SeattleCityCouncil_05022016,SeattleCityCouncil_05022016_CF 312905,non-decision,Other,gemini_2_5_flash_lite,budget_03,run_02,0.35714285714285715,2.5,7,0.0
MTG47,47_SeattleCityCouncil_05022016,SeattleCityCouncil_05022016,SeattleCityCouncil_05022016_CF 312905,non-decision,Other,gemini_2_5_flash_lite,budget_03,run_03,0.42857142857142855,3.0,7,0.0
MTG47,47_SeattleCityCouncil_05022016,SeattleCityCouncil_05022016,SeattleCityCouncil_05022016_CF 312905,non-decision,Other,gemini_2_5_flash_lite,budget_03,run_04,0.6428571428571429,4.5,7,0.0
MTG47,47_SeattleCityCouncil_05022016,SeattleCityCouncil_05022016,SeattleCityCouncil_05022016_CF 312905,non-decision,Other,gemini_2_5_flash_lite,budget_03,run_05,0.42857142857142855,3.0,7,0.75
MTG47,47_SeattleCityCouncil_05022016,SeattleCityCouncil_05022016,SeattleCityCouncil_05022016_CF 312905,non-decision,Other,gemini_2_5_flash_lite,budget_06,run_01,0.6428571428571429,4.5,7,0.0
MTG47,47_SeattleCityCouncil_05022016,SeattleCityCouncil_05022016,SeattleCityCouncil_05022016_CF 312905,non-decision,Other,gemini_2_5_flash_lite,budget_06,run_02,0.42857142857142855,3.0,7,0.75
MTG47,47_SeattleCityCouncil_05022016,SeattleCityCouncil_05022016,SeattleCityCouncil_05022016_CF 312905,non-decision,Other,gemini_2_5_flash_lite,budget_06,run_03,0.42857142857142855,3.0,7,0.0
MTG47,47_SeattleCityCouncil_05022016,SeattleCityCouncil_05022016,SeattleCityCouncil_05022016_CF 312905,non-decision,Other,gemini_2_5_flash_lite,budget_06,run_04,0.5,3.5,7,0.0
MTG47,47_SeattleCityCouncil_05022016,SeattleCityCouncil_05022016,SeattleCityCouncil_05022016_CF 312905,non-decision,Other,gemini_2_5_flash_lite,budget_06,run_05,0.6428571428571429,4.5,7,0.0
MTG48,48_BostonCC_06082022,BostonCC_06082022,BostonCC_06082022_2022-0486,non-decision,Other,deepseek_reasoning,budget_02,run_01,0.8571428571428571,6.0,7,0.3333333333333333
MTG48,48_BostonCC_06082022,BostonCC_06082022,BostonCC_06082022_2022-0486,non-decision,Other,deepseek_reasoning,budget_02,run_02,0.8571428571428571,6.0,7,0.0
MTG48,48_BostonCC_06082022,BostonCC_06082022,BostonCC_06082022_2022-0486,non-decision,Other,deepseek_reasoning,budget_02,run_03,0.7142857142857143,5.0,7,0.0
MTG48,48_BostonCC_06082022,BostonCC_06082022,BostonCC_06082022_2022-0486,non-decision,Other,deepseek_reasoning,budget_02,run_04,0.7142857142857143,5.0,7,0.0
MTG48,48_BostonCC_06082022,BostonCC_06082022,BostonCC_06082022_2022-0486,non-decision,Other,deepseek_reasoning,budget_02,run_05,0.6428571428571429,4.5,7,0.0
MTG48,48_BostonCC_06082022,BostonCC_06082022,BostonCC_06082022_2022-0486,non-decision,Other,deepseek_reasoning,budget_03,run_01,0.7857142857142857,5.5,7,0.3333333333333333
MTG48,48_BostonCC_06082022,BostonCC_06082022,BostonCC_06082022_2022-0486,non-decision,Other,deepseek_reasoning,budget_03,run_02,0.8571428571428571,6.0,7,0.16666666666666666
MTG48,48_BostonCC_06082022,BostonCC_06082022,BostonCC_06082022_2022-0486,non-decision,Other,deepseek_reasoning,budget_03,run_03,0.8571428571428571,6.0,7,0.3333333333333333
MTG48,48_BostonCC_06082022,BostonCC_06082022,BostonCC_06082022_2022-0486,non-decision,Other,deepseek_reasoning,budget_03,run_04,0.7142857142857143,5.0,7,0.0
MTG48,48_BostonCC_06082022,BostonCC_06082022,BostonCC_06082022_2022-0486,non-decision,Other,deepseek_reasoning,budget_03,run_05,1.0,7.0,7,0.2857142857142857
MTG48,48_BostonCC_06082022,BostonCC_06082022,BostonCC_06082022_2022-0486,non-decision,Other,deepseek_reasoning,budget_06,run_01,1.0,7.0,7,0.14285714285714285
MTG48,48_BostonCC_06082022,BostonCC_06082022,BostonCC_06082022_2022-0486,non-decision,Other,deepseek_reasoning,budget_06,run_02,1.0,7.0,7,0.14285714285714285
MTG48,48_BostonCC_06082022,BostonCC_06082022,BostonCC_06082022_2022-0486,non-decision,Other,deepseek_reasoning,budget_06,run_03,0.9285714285714286,6.5,7,0.14285714285714285
MTG48,48_BostonCC_06082022,BostonCC_06082022,BostonCC_06082022_2022-0486,non-decision,Other,deepseek_reasoning,budget_06,run_04,0.8571428571428571,6.0,7,0.16666666666666666
MTG48,48_BostonCC_06082022,BostonCC_06082022,BostonCC_06082022_2022-0486,non-decision,Other,deepseek_reasoning,budget_06,run_05,0.8571428571428571,6.0,7,0.16666666666666666
MTG48,48_BostonCC_06082022,BostonCC_06082022,BostonCC_06082022_2022-0486,non-decision,Other,deepseek_temp1_chat,budget_02,run_01,0.7142857142857143,5.0,7,0.0
MTG48,48_BostonCC_06082022,BostonCC_06082022,BostonCC_06082022_2022-0486,non-decision,Other,deepseek_temp1_chat,budget_02,run_02,0.8571428571428571,6.0,7,0.3333333333333333
MTG48,48_BostonCC_06082022,BostonCC_06082022,BostonCC_06082022_2022-0486,non-decision,Other,deepseek_temp1_chat,budget_02,run_03,0.5714285714285714,4.0,7,0.0
MTG48,48_BostonCC_06082022,BostonCC_06082022,BostonCC_06082022_2022-0486,non-decision,Other,deepseek_temp1_chat,budget_02,run_04,0.8571428571428571,6.0,7,0.16666666666666666
MTG48,48_BostonCC_06082022,BostonCC_06082022,BostonCC_06082022_2022-0486,non-decision,Other,deepseek_temp1_chat,budget_02,run_05,0.7142857142857143,5.0,7,0.4
MTG48,48_BostonCC_06082022,BostonCC_06082022,BostonCC_06082022_2022-0486,non-decision,Other,deepseek_temp1_chat,budget_03,run_01,0.8571428571428571,6.0,7,0.16666666666666666
MTG48,48_BostonCC_06082022,BostonCC_06082022,BostonCC_06082022_2022-0486,non-decision,Other,deepseek_temp1_chat,budget_03,run_02,0.8571428571428571,6.0,7,0.0
MTG48,48_BostonCC_06082022,BostonCC_06082022,BostonCC_06082022_2022-0486,non-decision,Other,deepseek_temp1_chat,budget_03,run_03,1.0,7.0,7,0.2857142857142857
MTG48,48_BostonCC_06082022,BostonCC_06082022,BostonCC_06082022_2022-0486,non-decision,Other,deepseek_temp1_chat,budget_03,run_04,0.8571428571428571,6.0,7,0.0
MTG48,48_BostonCC_06082022,BostonCC_06082022,BostonCC_06082022_2022-0486,non-decision,Other,deepseek_temp1_chat,budget_03,run_05,0.8571428571428571,6.0,7,0.16666666666666666
MTG48,48_BostonCC_06082022,BostonCC_06082022,BostonCC_06082022_2022-0486,non-decision,Other,deepseek_temp1_chat,budget_06,run_01,0.9285714285714286,6.5,7,0.14285714285714285
MTG48,48_BostonCC_06082022,BostonCC_06082022,BostonCC_06082022_2022-0486,non-decision,Other,deepseek_temp1_chat,budget_06,run_02,1.0,7.0,7,0.14285714285714285
MTG48,48_BostonCC_06082022,BostonCC_06082022,BostonCC_06082022_2022-0486,non-decision,Other,deepseek_temp1_chat,budget_06,run_03,0.8571428571428571,6.0,7,0.3333333333333333
MTG48,48_BostonCC_06082022,BostonCC_06082022,BostonCC_06082022_2022-0486,non-decision,Other,deepseek_temp1_chat,budget_06,run_04,0.8571428571428571,6.0,7,0.3333333333333333
MTG48,48_BostonCC_06082022,BostonCC_06082022,BostonCC_06082022_2022-0486,non-decision,Other,deepseek_temp1_chat,budget_06,run_05,0.8571428571428571,6.0,7,0.16666666666666666
MTG48,48_BostonCC_06082022,BostonCC_06082022,BostonCC_06082022_2022-0486,non-decision,Other,gemini_2_5_flash_lite,budget_02,run_01,0.7142857142857143,5.0,7,0.0
MTG48,48_BostonCC_06082022,BostonCC_06082022,BostonCC_06082022_2022-0486,non-decision,Other,gemini_2_5_flash_lite,budget_02,run_02,0.7142857142857143,5.0,7,0.0
MTG48,48_BostonCC_06082022,BostonCC_06082022,BostonCC_06082022_2022-0486,non-decision,Other,gemini_2_5_flash_lite,budget_02,run_03,0.7142857142857143,5.0,7,0.0
MTG48,48_BostonCC_06082022,BostonCC_06082022,BostonCC_06082022_2022-0486,non-decision,Other,gemini_2_5_flash_lite,budget_02,run_04,0.7142857142857143,5.0,7,0.0
MTG48,48_BostonCC_06082022,BostonCC_06082022,BostonCC_06082022_2022-0486,non-decision,Other,gemini_2_5_flash_lite,budget_02,run_05,0.5714285714285714,4.0,7,0.0
MTG48,48_BostonCC_06082022,BostonCC_06082022,BostonCC_06082022_2022-0486,non-decision,Other,gemini_2_5_flash_lite,budget_03,run_01,0.6428571428571429,4.5,7,0.0
MTG48,48_BostonCC_06082022,BostonCC_06082022,BostonCC_06082022_2022-0486,non-decision,Other,gemini_2_5_flash_lite,budget_03,run_02,0.7857142857142857,5.5,7,0.0
MTG48,48_BostonCC_06082022,BostonCC_06082022,BostonCC_06082022_2022-0486,non-decision,Other,gemini_2_5_flash_lite,budget_03,run_03,0.7142857142857143,5.0,7,0.0
MTG48,48_BostonCC_06082022,BostonCC_06082022,BostonCC_06082022_2022-0486,non-decision,Other,gemini_2_5_flash_lite,budget_03,run_04,0.5714285714285714,4.0,7,0.0
MTG48,48_BostonCC_06082022,BostonCC_06082022,BostonCC_06082022_2022-0486,non-decision,Other,gemini_2_5_flash_lite,budget_03,run_05,0.7142857142857143,5.0,7,0.8
MTG48,48_BostonCC_06082022,BostonCC_06082022,BostonCC_06082022_2022-0486,non-decision,Other,gemini_2_5_flash_lite,budget_06,run_01,0.6428571428571429,4.5,7,0.6
MTG48,48_BostonCC_06082022,BostonCC_06082022,BostonCC_06082022_2022-0486,non-decision,Other,gemini_2_5_flash_lite,budget_06,run_02,0.7142857142857143,5.0,7,0.0
MTG48,48_BostonCC_06082022,BostonCC_06082022,BostonCC_06082022_2022-0486,non-decision,Other,gemini_2_5_flash_lite,budget_06,run_03,0.7142857142857143,5.0,7,0.2
MTG48,48_BostonCC_06082022,BostonCC_06082022,BostonCC_06082022_2022-0486,non-decision,Other,gemini_2_5_flash_lite,budget_06,run_04,0.6428571428571429,4.5,7,0.0
MTG48,48_BostonCC_06082022,BostonCC_06082022,BostonCC_06082022_2022-0486,non-decision,Other,gemini_2_5_flash_lite,budget_06,run_05,1.0,7.0,7,0.14285714285714285
MTG49,49_LongBeachCC_09112018,LongBeachCC_09112018,LongBeachCC_09112018_18-0800,non-decision,Other,deepseek_reasoning,budget_02,run_01,0.5714285714285714,4.0,7,0.75
MTG49,49_LongBeachCC_09112018,LongBeachCC_09112018,LongBeachCC_09112018_18-0800,non-decision,Other,deepseek_reasoning,budget_02,run_02,0.5714285714285714,4.0,7,0.0
MTG49,49_LongBeachCC_09112018,LongBeachCC_09112018,LongBeachCC_09112018_18-0800,non-decision,Other,deepseek_reasoning,budget_02,run_03,0.2857142857142857,2.0,7,0.5
MTG49,49_LongBeachCC_09112018,LongBeachCC_09112018,LongBeachCC_09112018_18-0800,non-decision,Other,deepseek_reasoning,budget_02,run_04,0.5714285714285714,4.0,7,0.75
MTG49,49_LongBeachCC_09112018,LongBeachCC_09112018,LongBeachCC_09112018_18-0800,non-decision,Other,deepseek_reasoning,budget_02,run_05,0.42857142857142855,3.0,7,0.6666666666666666
MTG49,49_LongBeachCC_09112018,LongBeachCC_09112018,LongBeachCC_09112018_18-0800,non-decision,Other,deepseek_reasoning,budget_03,run_01,0.7142857142857143,5.0,7,0.6
MTG49,49_LongBeachCC_09112018,LongBeachCC_09112018,LongBeachCC_09112018_18-0800,non-decision,Other,deepseek_reasoning,budget_03,run_02,0.7857142857142857,5.5,7,0.16666666666666666
MTG49,49_LongBeachCC_09112018,LongBeachCC_09112018,LongBeachCC_09112018_18-0800,non-decision,Other,deepseek_reasoning,budget_03,run_03,0.42857142857142855,3.0,7,0.3333333333333333
MTG49,49_LongBeachCC_09112018,LongBeachCC_09112018,LongBeachCC_09112018_18-0800,non-decision,Other,deepseek_reasoning,budget_03,run_04,0.42857142857142855,3.0,7,0.3333333333333333
MTG49,49_LongBeachCC_09112018,LongBeachCC_09112018,LongBeachCC_09112018_18-0800,non-decision,Other,deepseek_reasoning,budget_03,run_05,0.7857142857142857,5.5,7,0.6666666666666666
MTG49,49_LongBeachCC_09112018,LongBeachCC_09112018,LongBeachCC_09112018_18-0800,non-decision,Other,deepseek_reasoning,budget_06,run_01,1.0,7.0,7,0.42857142857142855
MTG49,49_LongBeachCC_09112018,LongBeachCC_09112018,LongBeachCC_09112018_18-0800,non-decision,Other,deepseek_reasoning,budget_06,run_02,1.0,7.0,7,0.42857142857142855
MTG49,49_LongBeachCC_09112018,LongBeachCC_09112018,LongBeachCC_09112018_18-0800,non-decision,Other,deepseek_reasoning,budget_06,run_03,0.5714285714285714,4.0,7,1.0
MTG49,49_LongBeachCC_09112018,LongBeachCC_09112018,LongBeachCC_09112018_18-0800,non-decision,Other,deepseek_reasoning,budget_06,run_04,1.0,7.0,7,0.0
MTG49,49_LongBeachCC_09112018,LongBeachCC_09112018,LongBeachCC_09112018_18-0800,non-decision,Other,deepseek_reasoning,budget_06,run_05,1.0,7.0,7,0.42857142857142855
MTG49,49_LongBeachCC_09112018,LongBeachCC_09112018,LongBeachCC_09112018_18-0800,non-decision,Other,deepseek_temp1_chat,budget_02,run_01,0.42857142857142855,3.0,7,1.0
MTG49,49_LongBeachCC_09112018,LongBeachCC_09112018,LongBeachCC_09112018_18-0800,non-decision,Other,deepseek_temp1_chat,budget_02,run_02,0.42857142857142855,3.0,7,0.6666666666666666
MTG49,49_LongBeachCC_09112018,LongBeachCC_09112018,LongBeachCC_09112018_18-0800,non-decision,Other,deepseek_temp1_chat,budget_02,run_03,0.5714285714285714,4.0,7,0.5
MTG49,49_LongBeachCC_09112018,LongBeachCC_09112018,LongBeachCC_09112018_18-0800,non-decision,Other,deepseek_temp1_chat,budget_02,run_04,0.5714285714285714,4.0,7,1.0
MTG49,49_LongBeachCC_09112018,LongBeachCC_09112018,LongBeachCC_09112018_18-0800,non-decision,Other,deepseek_temp1_chat,budget_02,run_05,0.8571428571428571,6.0,7,0.6666666666666666
MTG49,49_LongBeachCC_09112018,LongBeachCC_09112018,LongBeachCC_09112018_18-0800,non-decision,Other,deepseek_temp1_chat,budget_03,run_01,0.7857142857142857,5.5,7,0.5
MTG49,49_LongBeachCC_09112018,LongBeachCC_09112018,LongBeachCC_09112018_18-0800,non-decision,Other,deepseek_temp1_chat,budget_03,run_02,1.0,7.0,7,0.8571428571428571
MTG49,49_LongBeachCC_09112018,LongBeachCC_09112018,LongBeachCC_09112018_18-0800,non-decision,Other,deepseek_temp1_chat,budget_03,run_03,0.7142857142857143,5.0,7,0.4
MTG49,49_LongBeachCC_09112018,LongBeachCC_09112018,LongBeachCC_09112018_18-0800,non-decision,Other,deepseek_temp1_chat,budget_03,run_04,0.6428571428571429,4.5,7,0.8
MTG49,49_LongBeachCC_09112018,LongBeachCC_09112018,LongBeachCC_09112018_18-0800,non-decision,Other,deepseek_temp1_chat,budget_03,run_05,0.7857142857142857,5.5,7,0.6666666666666666
MTG49,49_LongBeachCC_09112018,LongBeachCC_09112018,LongBeachCC_09112018_18-0800,non-decision,Other,deepseek_temp1_chat,budget_06,run_01,1.0,7.0,7,0.5714285714285714
MTG49,49_LongBeachCC_09112018,LongBeachCC_09112018,LongBeachCC_09112018_18-0800,non-decision,Other,deepseek_temp1_chat,budget_06,run_02,1.0,7.0,7,0.7142857142857143
MTG49,49_LongBeachCC_09112018,LongBeachCC_09112018,LongBeachCC_09112018_18-0800,non-decision,Other,deepseek_temp1_chat,budget_06,run_03,0.7142857142857143,5.0,7,0.6
MTG49,49_LongBeachCC_09112018,LongBeachCC_09112018,LongBeachCC_09112018_18-0800,non-decision,Other,deepseek_temp1_chat,budget_06,run_04,1.0,7.0,7,0.42857142857142855
MTG49,49_LongBeachCC_09112018,LongBeachCC_09112018,LongBeachCC_09112018_18-0800,non-decision,Other,deepseek_temp1_chat,budget_06,run_05,1.0,7.0,7,0.5714285714285714
MTG49,49_LongBeachCC_09112018,LongBeachCC_09112018,LongBeachCC_09112018_18-0800,non-decision,Other,gemini_2_5_flash_lite,budget_02,run_01,0.5714285714285714,4.0,7,1.0
MTG49,49_LongBeachCC_09112018,LongBeachCC_09112018,LongBeachCC_09112018_18-0800,non-decision,Other,gemini_2_5_flash_lite,budget_02,run_02,0.7857142857142857,5.5,7,0.8333333333333334
MTG49,49_LongBeachCC_09112018,LongBeachCC_09112018,LongBeachCC_09112018_18-0800,non-decision,Other,gemini_2_5_flash_lite,budget_02,run_03,0.42857142857142855,3.0,7,0.0
MTG49,49_LongBeachCC_09112018,LongBeachCC_09112018,LongBeachCC_09112018_18-0800,non-decision,Other,gemini_2_5_flash_lite,budget_02,run_04,0.8571428571428571,6.0,7,0.0
MTG49,49_LongBeachCC_09112018,LongBeachCC_09112018,LongBeachCC_09112018_18-0800,non-decision,Other,gemini_2_5_flash_lite,budget_02,run_05,0.5714285714285714,4.0,7,1.0
MTG49,49_LongBeachCC_09112018,LongBeachCC_09112018,LongBeachCC_09112018_18-0800,non-decision,Other,gemini_2_5_flash_lite,budget_03,run_01,0.7142857142857143,5.0,7,1.0
MTG49,49_LongBeachCC_09112018,LongBeachCC_09112018,LongBeachCC_09112018_18-0800,non-decision,Other,gemini_2_5_flash_lite,budget_03,run_02,0.7142857142857143,5.0,7,1.0
MTG49,49_LongBeachCC_09112018,LongBeachCC_09112018,LongBeachCC_09112018_18-0800,non-decision,Other,gemini_2_5_flash_lite,budget_03,run_03,0.7857142857142857,5.5,7,1.0
MTG49,49_LongBeachCC_09112018,LongBeachCC_09112018,LongBeachCC_09112018_18-0800,non-decision,Other,gemini_2_5_flash_lite,budget_03,run_04,0.5714285714285714,4.0,7,0.0
MTG49,49_LongBeachCC_09112018,LongBeachCC_09112018,LongBeachCC_09112018_18-0800,non-decision,Other,gemini_2_5_flash_lite,budget_03,run_05,1.0,7.0,7,1.0
MTG49,49_LongBeachCC_09112018,LongBeachCC_09112018,LongBeachCC_09112018_18-0800,non-decision,Other,gemini_2_5_flash_lite,budget_06,run_01,0.5,3.5,7,1.0
MTG49,49_LongBeachCC_09112018,LongBeachCC_09112018,LongBeachCC_09112018_18-0800,non-decision,Other,gemini_2_5_flash_lite,budget_06,run_02,0.8571428571428571,6.0,7,0.0
MTG49,49_LongBeachCC_09112018,LongBeachCC_09112018,LongBeachCC_09112018_18-0800,non-decision,Other,gemini_2_5_flash_lite,budget_06,run_03,0.7142857142857143,5.0,7,0.0
MTG49,49_LongBeachCC_09112018,LongBeachCC_09112018,LongBeachCC_09112018_18-0800,non-decision,Other,gemini_2_5_flash_lite,budget_06,run_04,0.5714285714285714,4.0,7,0.0
MTG49,49_LongBeachCC_09112018,LongBeachCC_09112018,LongBeachCC_09112018_18-0800,non-decision,Other,gemini_2_5_flash_lite,budget_06,run_05,0.5714285714285714,4.0,7,0.0
MTG5,05_LongBeachCC_01192021,LongBeachCC_01192021,LongBeachCC_01192021_21-0056,decision-bearing,Ordinance,deepseek_reasoning,budget_02,run_01,1.0,7.0,7,0.2857142857142857
MTG5,05_LongBeachCC_01192021,LongBeachCC_01192021,LongBeachCC_01192021_21-0056,decision-bearing,Ordinance,deepseek_reasoning,budget_02,run_02,0.5714285714285714,4.0,7,0.5
MTG5,05_LongBeachCC_01192021,LongBeachCC_01192021,LongBeachCC_01192021_21-0056,decision-bearing,Ordinance,deepseek_reasoning,budget_02,run_03,0.5714285714285714,4.0,7,0.5
MTG5,05_LongBeachCC_01192021,LongBeachCC_01192021,LongBeachCC_01192021_21-0056,decision-bearing,Ordinance,deepseek_reasoning,budget_02,run_04,1.0,7.0,7,0.2857142857142857
MTG5,05_LongBeachCC_01192021,LongBeachCC_01192021,LongBeachCC_01192021_21-0056,decision-bearing,Ordinance,deepseek_reasoning,budget_02,run_05,0.5714285714285714,4.0,7,0.75
MTG5,05_LongBeachCC_01192021,LongBeachCC_01192021,LongBeachCC_01192021_21-0056,decision-bearing,Ordinance,deepseek_reasoning,budget_03,run_01,1.0,7.0,7,0.2857142857142857
MTG5,05_LongBeachCC_01192021,LongBeachCC_01192021,LongBeachCC_01192021_21-0056,decision-bearing,Ordinance,deepseek_reasoning,budget_03,run_02,0.5714285714285714,4.0,7,0.75
MTG5,05_LongBeachCC_01192021,LongBeachCC_01192021,LongBeachCC_01192021_21-0056,decision-bearing,Ordinance,deepseek_reasoning,budget_03,run_03,1.0,7.0,7,0.42857142857142855
MTG5,05_LongBeachCC_01192021,LongBeachCC_01192021,LongBeachCC_01192021_21-0056,decision-bearing,Ordinance,deepseek_reasoning,budget_03,run_04,1.0,7.0,7,0.2857142857142857
MTG5,05_LongBeachCC_01192021,LongBeachCC_01192021,LongBeachCC_01192021_21-0056,decision-bearing,Ordinance,deepseek_reasoning,budget_03,run_05,0.5714285714285714,4.0,7,0.75
MTG5,05_LongBeachCC_01192021,LongBeachCC_01192021,LongBeachCC_01192021_21-0056,decision-bearing,Ordinance,deepseek_reasoning,budget_06,run_01,1.0,7.0,7,0.2857142857142857
MTG5,05_LongBeachCC_01192021,LongBeachCC_01192021,LongBeachCC_01192021_21-0056,decision-bearing,Ordinance,deepseek_reasoning,budget_06,run_02,1.0,7.0,7,0.42857142857142855
MTG5,05_LongBeachCC_01192021,LongBeachCC_01192021,LongBeachCC_01192021_21-0056,decision-bearing,Ordinance,deepseek_reasoning,budget_06,run_03,0.5714285714285714,4.0,7,0.5
MTG5,05_LongBeachCC_01192021,LongBeachCC_01192021,LongBeachCC_01192021_21-0056,decision-bearing,Ordinance,deepseek_reasoning,budget_06,run_04,1.0,7.0,7,0.42857142857142855
MTG5,05_LongBeachCC_01192021,LongBeachCC_01192021,LongBeachCC_01192021_21-0056,decision-bearing,Ordinance,deepseek_reasoning,budget_06,run_05,1.0,7.0,7,0.2857142857142857
MTG5,05_LongBeachCC_01192021,LongBeachCC_01192021,LongBeachCC_01192021_21-0056,decision-bearing,Ordinance,deepseek_temp1_chat,budget_02,run_01,0.5714285714285714,4.0,7,0.5
MTG5,05_LongBeachCC_01192021,LongBeachCC_01192021,LongBeachCC_01192021_21-0056,decision-bearing,Ordinance,deepseek_temp1_chat,budget_02,run_02,0.5714285714285714,4.0,7,0.5
MTG5,05_LongBeachCC_01192021,LongBeachCC_01192021,LongBeachCC_01192021_21-0056,decision-bearing,Ordinance,deepseek_temp1_chat,budget_02,run_03,0.8571428571428571,6.0,7,0.3333333333333333
MTG5,05_LongBeachCC_01192021,LongBeachCC_01192021,LongBeachCC_01192021_21-0056,decision-bearing,Ordinance,deepseek_temp1_chat,budget_02,run_04,0.5714285714285714,4.0,7,0.5
MTG5,05_LongBeachCC_01192021,LongBeachCC_01192021,LongBeachCC_01192021_21-0056,decision-bearing,Ordinance,deepseek_temp1_chat,budget_02,run_05,0.5714285714285714,4.0,7,0.5
MTG5,05_LongBeachCC_01192021,LongBeachCC_01192021,LongBeachCC_01192021_21-0056,decision-bearing,Ordinance,deepseek_temp1_chat,budget_03,run_01,0.5714285714285714,4.0,7,0.75
MTG5,05_LongBeachCC_01192021,LongBeachCC_01192021,LongBeachCC_01192021_21-0056,decision-bearing,Ordinance,deepseek_temp1_chat,budget_03,run_02,1.0,7.0,7,0.14285714285714285
MTG5,05_LongBeachCC_01192021,LongBeachCC_01192021,LongBeachCC_01192021_21-0056,decision-bearing,Ordinance,deepseek_temp1_chat,budget_03,run_03,1.0,7.0,7,0.2857142857142857
MTG5,05_LongBeachCC_01192021,LongBeachCC_01192021,LongBeachCC_01192021_21-0056,decision-bearing,Ordinance,deepseek_temp1_chat,budget_03,run_04,1.0,7.0,7,0.2857142857142857
MTG5,05_LongBeachCC_01192021,LongBeachCC_01192021,LongBeachCC_01192021_21-0056,decision-bearing,Ordinance,deepseek_temp1_chat,budget_03,run_05,0.8571428571428571,6.0,7,0.3333333333333333
MTG5,05_LongBeachCC_01192021,LongBeachCC_01192021,LongBeachCC_01192021_21-0056,decision-bearing,Ordinance,deepseek_temp1_chat,budget_06,run_01,0.8571428571428571,6.0,7,0.16666666666666666
MTG5,05_LongBeachCC_01192021,LongBeachCC_01192021,LongBeachCC_01192021_21-0056,decision-bearing,Ordinance,deepseek_temp1_chat,budget_06,run_02,1.0,7.0,7,0.2857142857142857
MTG5,05_LongBeachCC_01192021,LongBeachCC_01192021,LongBeachCC_01192021_21-0056,decision-bearing,Ordinance,deepseek_temp1_chat,budget_06,run_03,1.0,7.0,7,0.14285714285714285
MTG5,05_LongBeachCC_01192021,LongBeachCC_01192021,LongBeachCC_01192021_21-0056,decision-bearing,Ordinance,deepseek_temp1_chat,budget_06,run_04,1.0,7.0,7,0.2857142857142857
MTG5,05_LongBeachCC_01192021,LongBeachCC_01192021,LongBeachCC_01192021_21-0056,decision-bearing,Ordinance,deepseek_temp1_chat,budget_06,run_05,0.5714285714285714,4.0,7,0.5
MTG5,05_LongBeachCC_01192021,LongBeachCC_01192021,LongBeachCC_01192021_21-0056,decision-bearing,Ordinance,gemini_2_5_flash_lite,budget_02,run_01,0.42857142857142855,3.0,7,0.0
MTG5,05_LongBeachCC_01192021,LongBeachCC_01192021,LongBeachCC_01192021_21-0056,decision-bearing,Ordinance,gemini_2_5_flash_lite,budget_02,run_02,0.42857142857142855,3.0,7,0.0
MTG5,05_LongBeachCC_01192021,LongBeachCC_01192021,LongBeachCC_01192021_21-0056,decision-bearing,Ordinance,gemini_2_5_flash_lite,budget_02,run_03,0.42857142857142855,3.0,7,0.0
MTG5,05_LongBeachCC_01192021,LongBeachCC_01192021,LongBeachCC_01192021_21-0056,decision-bearing,Ordinance,gemini_2_5_flash_lite,budget_02,run_04,0.14285714285714285,1.0,7,0.0
MTG5,05_LongBeachCC_01192021,LongBeachCC_01192021,LongBeachCC_01192021_21-0056,decision-bearing,Ordinance,gemini_2_5_flash_lite,budget_02,run_05,0.5714285714285714,4.0,7,0.0
MTG5,05_LongBeachCC_01192021,LongBeachCC_01192021,LongBeachCC_01192021_21-0056,decision-bearing,Ordinance,gemini_2_5_flash_lite,budget_03,run_01,0.5,3.5,7,0.25
MTG5,05_LongBeachCC_01192021,LongBeachCC_01192021,LongBeachCC_01192021_21-0056,decision-bearing,Ordinance,gemini_2_5_flash_lite,budget_03,run_02,0.42857142857142855,3.0,7,0.0
MTG5,05_LongBeachCC_01192021,LongBeachCC_01192021,LongBeachCC_01192021_21-0056,decision-bearing,Ordinance,gemini_2_5_flash_lite,budget_03,run_03,0.2857142857142857,2.0,7,0.0
MTG5,05_LongBeachCC_01192021,LongBeachCC_01192021,LongBeachCC_01192021_21-0056,decision-bearing,Ordinance,gemini_2_5_flash_lite,budget_03,run_04,0.5714285714285714,4.0,7,0.0
MTG5,05_LongBeachCC_01192021,LongBeachCC_01192021,LongBeachCC_01192021_21-0056,decision-bearing,Ordinance,gemini_2_5_flash_lite,budget_03,run_05,0.42857142857142855,3.0,7,0.0
MTG5,05_LongBeachCC_01192021,LongBeachCC_01192021,LongBeachCC_01192021_21-0056,decision-bearing,Ordinance,gemini_2_5_flash_lite,budget_06,run_01,0.8571428571428571,6.0,7,0.0
MTG5,05_LongBeachCC_01192021,LongBeachCC_01192021,LongBeachCC_01192021_21-0056,decision-bearing,Ordinance,gemini_2_5_flash_lite,budget_06,run_02,0.8571428571428571,6.0,7,0.3333333333333333
MTG5,05_LongBeachCC_01192021,LongBeachCC_01192021,LongBeachCC_01192021_21-0056,decision-bearing,Ordinance,gemini_2_5_flash_lite,budget_06,run_03,0.8571428571428571,6.0,7,0.16666666666666666
MTG5,05_LongBeachCC_01192021,LongBeachCC_01192021,LongBeachCC_01192021_21-0056,decision-bearing,Ordinance,gemini_2_5_flash_lite,budget_06,run_04,0.6428571428571429,4.5,7,0.4
MTG5,05_LongBeachCC_01192021,LongBeachCC_01192021,LongBeachCC_01192021_21-0056,decision-bearing,Ordinance,gemini_2_5_flash_lite,budget_06,run_05,0.5714285714285714,4.0,7,0.0
MTG50,50_AlamedaCC_04072015,AlamedaCC_04072015,AlamedaCC_AlamedaCC_04072015_2020-7929,non-decision,Other,deepseek_reasoning,budget_02,run_01,0.5714285714285714,4.0,7,0.5
MTG50,50_AlamedaCC_04072015,AlamedaCC_04072015,AlamedaCC_AlamedaCC_04072015_2020-7929,non-decision,Other,deepseek_reasoning,budget_02,run_02,0.5714285714285714,4.0,7,0.0
MTG50,50_AlamedaCC_04072015,AlamedaCC_04072015,AlamedaCC_AlamedaCC_04072015_2020-7929,non-decision,Other,deepseek_reasoning,budget_02,run_03,0.42857142857142855,3.0,7,0.6666666666666666
MTG50,50_AlamedaCC_04072015,AlamedaCC_04072015,AlamedaCC_AlamedaCC_04072015_2020-7929,non-decision,Other,deepseek_reasoning,budget_02,run_04,0.5,3.5,7,0.5
MTG50,50_AlamedaCC_04072015,AlamedaCC_04072015,AlamedaCC_AlamedaCC_04072015_2020-7929,non-decision,Other,deepseek_reasoning,budget_02,run_05,0.9285714285714286,6.5,7,0.0
MTG50,50_AlamedaCC_04072015,AlamedaCC_04072015,AlamedaCC_AlamedaCC_04072015_2020-7929,non-decision,Other,deepseek_reasoning,budget_03,run_01,1.0,7.0,7,0.2857142857142857
MTG50,50_AlamedaCC_04072015,AlamedaCC_04072015,AlamedaCC_AlamedaCC_04072015_2020-7929,non-decision,Other,deepseek_reasoning,budget_03,run_02,0.9285714285714286,6.5,7,0.0
MTG50,50_AlamedaCC_04072015,AlamedaCC_04072015,AlamedaCC_AlamedaCC_04072015_2020-7929,non-decision,Other,deepseek_reasoning,budget_03,run_03,0.5714285714285714,4.0,7,0.0
MTG50,50_AlamedaCC_04072015,AlamedaCC_04072015,AlamedaCC_AlamedaCC_04072015_2020-7929,non-decision,Other,deepseek_reasoning,budget_03,run_04,1.0,7.0,7,0.2857142857142857
MTG50,50_AlamedaCC_04072015,AlamedaCC_04072015,AlamedaCC_AlamedaCC_04072015_2020-7929,non-decision,Other,deepseek_reasoning,budget_03,run_05,1.0,7.0,7,0.2857142857142857
MTG50,50_AlamedaCC_04072015,AlamedaCC_04072015,AlamedaCC_AlamedaCC_04072015_2020-7929,non-decision,Other,deepseek_reasoning,budget_06,run_01,1.0,7.0,7,0.0
MTG50,50_AlamedaCC_04072015,AlamedaCC_04072015,AlamedaCC_AlamedaCC_04072015_2020-7929,non-decision,Other,deepseek_reasoning,budget_06,run_02,1.0,7.0,7,0.2857142857142857
MTG50,50_AlamedaCC_04072015,AlamedaCC_04072015,AlamedaCC_AlamedaCC_04072015_2020-7929,non-decision,Other,deepseek_reasoning,budget_06,run_03,1.0,7.0,7,0.0
MTG50,50_AlamedaCC_04072015,AlamedaCC_04072015,AlamedaCC_AlamedaCC_04072015_2020-7929,non-decision,Other,deepseek_reasoning,budget_06,run_04,1.0,7.0,7,0.2857142857142857
MTG50,50_AlamedaCC_04072015,AlamedaCC_04072015,AlamedaCC_AlamedaCC_04072015_2020-7929,non-decision,Other,deepseek_reasoning,budget_06,run_05,1.0,7.0,7,0.2857142857142857
MTG50,50_AlamedaCC_04072015,AlamedaCC_04072015,AlamedaCC_AlamedaCC_04072015_2020-7929,non-decision,Other,deepseek_temp1_chat,budget_02,run_01,0.5714285714285714,4.0,7,0.0
MTG50,50_AlamedaCC_04072015,AlamedaCC_04072015,AlamedaCC_AlamedaCC_04072015_2020-7929,non-decision,Other,deepseek_temp1_chat,budget_02,run_02,0.42857142857142855,3.0,7,0.6666666666666666
MTG50,50_AlamedaCC_04072015,AlamedaCC_04072015,AlamedaCC_AlamedaCC_04072015_2020-7929,non-decision,Other,deepseek_temp1_chat,budget_02,run_03,0.5714285714285714,4.0,7,0.0
MTG50,50_AlamedaCC_04072015,AlamedaCC_04072015,AlamedaCC_AlamedaCC_04072015_2020-7929,non-decision,Other,deepseek_temp1_chat,budget_02,run_04,0.6428571428571429,4.5,7,0.0
MTG50,50_AlamedaCC_04072015,AlamedaCC_04072015,AlamedaCC_AlamedaCC_04072015_2020-7929,non-decision,Other,deepseek_temp1_chat,budget_02,run_05,0.5714285714285714,4.0,7,0.0
MTG50,50_AlamedaCC_04072015,AlamedaCC_04072015,AlamedaCC_AlamedaCC_04072015_2020-7929,non-decision,Other,deepseek_temp1_chat,budget_03,run_01,1.0,7.0,7,0.0
MTG50,50_AlamedaCC_04072015,AlamedaCC_04072015,AlamedaCC_AlamedaCC_04072015_2020-7929,non-decision,Other,deepseek_temp1_chat,budget_03,run_02,0.5714285714285714,4.0,7,0.25
MTG50,50_AlamedaCC_04072015,AlamedaCC_04072015,AlamedaCC_AlamedaCC_04072015_2020-7929,non-decision,Other,deepseek_temp1_chat,budget_03,run_03,0.7857142857142857,5.5,7,0.3333333333333333
MTG50,50_AlamedaCC_04072015,AlamedaCC_04072015,AlamedaCC_AlamedaCC_04072015_2020-7929,non-decision,Other,deepseek_temp1_chat,budget_03,run_04,1.0,7.0,7,0.14285714285714285
MTG50,50_AlamedaCC_04072015,AlamedaCC_04072015,AlamedaCC_AlamedaCC_04072015_2020-7929,non-decision,Other,deepseek_temp1_chat,budget_03,run_05,0.8571428571428571,6.0,7,0.3333333333333333
MTG50,50_AlamedaCC_04072015,AlamedaCC_04072015,AlamedaCC_AlamedaCC_04072015_2020-7929,non-decision,Other,deepseek_temp1_chat,budget_06,run_01,1.0,7.0,7,0.0
MTG50,50_AlamedaCC_04072015,AlamedaCC_04072015,AlamedaCC_AlamedaCC_04072015_2020-7929,non-decision,Other,deepseek_temp1_chat,budget_06,run_02,1.0,7.0,7,0.0
MTG50,50_AlamedaCC_04072015,AlamedaCC_04072015,AlamedaCC_AlamedaCC_04072015_2020-7929,non-decision,Other,deepseek_temp1_chat,budget_06,run_03,1.0,7.0,7,0.2857142857142857
MTG50,50_AlamedaCC_04072015,AlamedaCC_04072015,AlamedaCC_AlamedaCC_04072015_2020-7929,non-decision,Other,deepseek_temp1_chat,budget_06,run_04,1.0,7.0,7,0.0
MTG50,50_AlamedaCC_04072015,AlamedaCC_04072015,AlamedaCC_AlamedaCC_04072015_2020-7929,non-decision,Other,deepseek_temp1_chat,budget_06,run_05,1.0,7.0,7,0.2857142857142857
MTG50,50_AlamedaCC_04072015,AlamedaCC_04072015,AlamedaCC_AlamedaCC_04072015_2020-7929,non-decision,Other,gemini_2_5_flash_lite,budget_02,run_01,0.5714285714285714,4.0,7,0.0
MTG50,50_AlamedaCC_04072015,AlamedaCC_04072015,AlamedaCC_AlamedaCC_04072015_2020-7929,non-decision,Other,gemini_2_5_flash_lite,budget_02,run_02,0.5714285714285714,4.0,7,0.0
MTG50,50_AlamedaCC_04072015,AlamedaCC_04072015,AlamedaCC_AlamedaCC_04072015_2020-7929,non-decision,Other,gemini_2_5_flash_lite,budget_02,run_03,0.2857142857142857,2.0,7,0.0
MTG50,50_AlamedaCC_04072015,AlamedaCC_04072015,AlamedaCC_AlamedaCC_04072015_2020-7929,non-decision,Other,gemini_2_5_flash_lite,budget_02,run_04,0.5714285714285714,4.0,7,0.0
MTG50,50_AlamedaCC_04072015,AlamedaCC_04072015,AlamedaCC_AlamedaCC_04072015_2020-7929,non-decision,Other,gemini_2_5_flash_lite,budget_02,run_05,0.7142857142857143,5.0,7,0.0
MTG50,50_AlamedaCC_04072015,AlamedaCC_04072015,AlamedaCC_AlamedaCC_04072015_2020-7929,non-decision,Other,gemini_2_5_flash_lite,budget_03,run_01,0.5714285714285714,4.0,7,0.0
MTG50,50_AlamedaCC_04072015,AlamedaCC_04072015,AlamedaCC_AlamedaCC_04072015_2020-7929,non-decision,Other,gemini_2_5_flash_lite,budget_03,run_02,0.42857142857142855,3.0,7,0.6666666666666666
MTG50,50_AlamedaCC_04072015,AlamedaCC_04072015,AlamedaCC_AlamedaCC_04072015_2020-7929,non-decision,Other,gemini_2_5_flash_lite,budget_03,run_03,0.35714285714285715,2.5,7,0.0
MTG50,50_AlamedaCC_04072015,AlamedaCC_04072015,AlamedaCC_AlamedaCC_04072015_2020-7929,non-decision,Other,gemini_2_5_flash_lite,budget_03,run_04,0.8571428571428571,6.0,7,0.0
MTG50,50_AlamedaCC_04072015,AlamedaCC_04072015,AlamedaCC_AlamedaCC_04072015_2020-7929,non-decision,Other,gemini_2_5_flash_lite,budget_03,run_05,0.5714285714285714,4.0,7,0.0
MTG50,50_AlamedaCC_04072015,AlamedaCC_04072015,AlamedaCC_AlamedaCC_04072015_2020-7929,non-decision,Other,gemini_2_5_flash_lite,budget_06,run_01,0.8571428571428571,6.0,7,0.0
MTG50,50_AlamedaCC_04072015,AlamedaCC_04072015,AlamedaCC_AlamedaCC_04072015_2020-7929,non-decision,Other,gemini_2_5_flash_lite,budget_06,run_02,0.9285714285714286,6.5,7,0.42857142857142855
MTG50,50_AlamedaCC_04072015,AlamedaCC_04072015,AlamedaCC_AlamedaCC_04072015_2020-7929,non-decision,Other,gemini_2_5_flash_lite,budget_06,run_03,0.8571428571428571,6.0,7,0.0
MTG50,50_AlamedaCC_04072015,AlamedaCC_04072015,AlamedaCC_AlamedaCC_04072015_2020-7929,non-decision,Other,gemini_2_5_flash_lite,budget_06,run_04,0.8571428571428571,6.0,7,0.0
MTG50,50_AlamedaCC_04072015,AlamedaCC_04072015,AlamedaCC_AlamedaCC_04072015_2020-7929,non-decision,Other,gemini_2_5_flash_lite,budget_06,run_05,0.8571428571428571,6.0,7,0.0
MTG6,06_DenverCityCouncil_09252017,DenverCityCouncil_09252017,DenverCityCouncil_09252017_17-1060,non-decision,Other,deepseek_reasoning,budget_02,run_01,0.5714285714285714,4.0,7,0.0
MTG6,06_DenverCityCouncil_09252017,DenverCityCouncil_09252017,DenverCityCouncil_09252017_17-1060,non-decision,Other,deepseek_reasoning,budget_02,run_02,0.5714285714285714,4.0,7,0.0
MTG6,06_DenverCityCouncil_09252017,DenverCityCouncil_09252017,DenverCityCouncil_09252017_17-1060,non-decision,Other,deepseek_reasoning,budget_02,run_03,0.5714285714285714,4.0,7,0.0
MTG6,06_DenverCityCouncil_09252017,DenverCityCouncil_09252017,DenverCityCouncil_09252017_17-1060,non-decision,Other,deepseek_reasoning,budget_02,run_04,0.5714285714285714,4.0,7,0.0
MTG6,06_DenverCityCouncil_09252017,DenverCityCouncil_09252017,DenverCityCouncil_09252017_17-1060,non-decision,Other,deepseek_reasoning,budget_02,run_05,0.5,3.5,7,0.25
MTG6,06_DenverCityCouncil_09252017,DenverCityCouncil_09252017,DenverCityCouncil_09252017_17-1060,non-decision,Other,deepseek_reasoning,budget_03,run_01,0.8571428571428571,6.0,7,0.0
MTG6,06_DenverCityCouncil_09252017,DenverCityCouncil_09252017,DenverCityCouncil_09252017_17-1060,non-decision,Other,deepseek_reasoning,budget_03,run_02,0.5714285714285714,4.0,7,0.0
MTG6,06_DenverCityCouncil_09252017,DenverCityCouncil_09252017,DenverCityCouncil_09252017_17-1060,non-decision,Other,deepseek_reasoning,budget_03,run_03,0.7142857142857143,5.0,7,0.0
MTG6,06_DenverCityCouncil_09252017,DenverCityCouncil_09252017,DenverCityCouncil_09252017_17-1060,non-decision,Other,deepseek_reasoning,budget_03,run_04,0.5714285714285714,4.0,7,0.0
MTG6,06_DenverCityCouncil_09252017,DenverCityCouncil_09252017,DenverCityCouncil_09252017_17-1060,non-decision,Other,deepseek_reasoning,budget_03,run_05,0.5714285714285714,4.0,7,0.0
MTG6,06_DenverCityCouncil_09252017,DenverCityCouncil_09252017,DenverCityCouncil_09252017_17-1060,non-decision,Other,deepseek_reasoning,budget_06,run_01,0.5714285714285714,4.0,7,0.0
MTG6,06_DenverCityCouncil_09252017,DenverCityCouncil_09252017,DenverCityCouncil_09252017_17-1060,non-decision,Other,deepseek_reasoning,budget_06,run_02,0.6428571428571429,4.5,7,0.0
MTG6,06_DenverCityCouncil_09252017,DenverCityCouncil_09252017,DenverCityCouncil_09252017_17-1060,non-decision,Other,deepseek_reasoning,budget_06,run_03,0.5714285714285714,4.0,7,0.0
MTG6,06_DenverCityCouncil_09252017,DenverCityCouncil_09252017,DenverCityCouncil_09252017_17-1060,non-decision,Other,deepseek_reasoning,budget_06,run_04,0.5714285714285714,4.0,7,0.0
MTG6,06_DenverCityCouncil_09252017,DenverCityCouncil_09252017,DenverCityCouncil_09252017_17-1060,non-decision,Other,deepseek_reasoning,budget_06,run_05,0.8571428571428571,6.0,7,0.0
MTG6,06_DenverCityCouncil_09252017,DenverCityCouncil_09252017,DenverCityCouncil_09252017_17-1060,non-decision,Other,deepseek_temp1_chat,budget_02,run_01,0.42857142857142855,3.0,7,0.0
MTG6,06_DenverCityCouncil_09252017,DenverCityCouncil_09252017,DenverCityCouncil_09252017_17-1060,non-decision,Other,deepseek_temp1_chat,budget_02,run_02,0.5714285714285714,4.0,7,0.0
MTG6,06_DenverCityCouncil_09252017,DenverCityCouncil_09252017,DenverCityCouncil_09252017_17-1060,non-decision,Other,deepseek_temp1_chat,budget_02,run_03,0.5714285714285714,4.0,7,0.0
MTG6,06_DenverCityCouncil_09252017,DenverCityCouncil_09252017,DenverCityCouncil_09252017_17-1060,non-decision,Other,deepseek_temp1_chat,budget_02,run_04,0.5714285714285714,4.0,7,0.0
MTG6,06_DenverCityCouncil_09252017,DenverCityCouncil_09252017,DenverCityCouncil_09252017_17-1060,non-decision,Other,deepseek_temp1_chat,budget_02,run_05,0.8571428571428571,6.0,7,0.14285714285714285
MTG6,06_DenverCityCouncil_09252017,DenverCityCouncil_09252017,DenverCityCouncil_09252017_17-1060,non-decision,Other,deepseek_temp1_chat,budget_03,run_01,0.5714285714285714,4.0,7,0.0
MTG6,06_DenverCityCouncil_09252017,DenverCityCouncil_09252017,DenverCityCouncil_09252017_17-1060,non-decision,Other,deepseek_temp1_chat,budget_03,run_02,0.5714285714285714,4.0,7,0.0
MTG6,06_DenverCityCouncil_09252017,DenverCityCouncil_09252017,DenverCityCouncil_09252017_17-1060,non-decision,Other,deepseek_temp1_chat,budget_03,run_03,0.5714285714285714,4.0,7,0.0
MTG6,06_DenverCityCouncil_09252017,DenverCityCouncil_09252017,DenverCityCouncil_09252017_17-1060,non-decision,Other,deepseek_temp1_chat,budget_03,run_04,0.5714285714285714,4.0,7,0.0
MTG6,06_DenverCityCouncil_09252017,DenverCityCouncil_09252017,DenverCityCouncil_09252017_17-1060,non-decision,Other,deepseek_temp1_chat,budget_03,run_05,0.5714285714285714,4.0,7,0.0
MTG6,06_DenverCityCouncil_09252017,DenverCityCouncil_09252017,DenverCityCouncil_09252017_17-1060,non-decision,Other,deepseek_temp1_chat,budget_06,run_01,0.5714285714285714,4.0,7,0.0
MTG6,06_DenverCityCouncil_09252017,DenverCityCouncil_09252017,DenverCityCouncil_09252017_17-1060,non-decision,Other,deepseek_temp1_chat,budget_06,run_02,0.5714285714285714,4.0,7,0.0
MTG6,06_DenverCityCouncil_09252017,DenverCityCouncil_09252017,DenverCityCouncil_09252017_17-1060,non-decision,Other,deepseek_temp1_chat,budget_06,run_03,0.5714285714285714,4.0,7,0.0
MTG6,06_DenverCityCouncil_09252017,DenverCityCouncil_09252017,DenverCityCouncil_09252017_17-1060,non-decision,Other,deepseek_temp1_chat,budget_06,run_04,0.5714285714285714,4.0,7,0.0
MTG6,06_DenverCityCouncil_09252017,DenverCityCouncil_09252017,DenverCityCouncil_09252017_17-1060,non-decision,Other,deepseek_temp1_chat,budget_06,run_05,0.7142857142857143,5.0,7,0.0
MTG6,06_DenverCityCouncil_09252017,DenverCityCouncil_09252017,DenverCityCouncil_09252017_17-1060,non-decision,Other,gemini_2_5_flash_lite,budget_02,run_01,0.5714285714285714,4.0,7,0.0
MTG6,06_DenverCityCouncil_09252017,DenverCityCouncil_09252017,DenverCityCouncil_09252017_17-1060,non-decision,Other,gemini_2_5_flash_lite,budget_02,run_02,0.5714285714285714,4.0,7,0.0
MTG6,06_DenverCityCouncil_09252017,DenverCityCouncil_09252017,DenverCityCouncil_09252017_17-1060,non-decision,Other,gemini_2_5_flash_lite,budget_02,run_03,0.5714285714285714,4.0,7,0.0
MTG6,06_DenverCityCouncil_09252017,DenverCityCouncil_09252017,DenverCityCouncil_09252017_17-1060,non-decision,Other,gemini_2_5_flash_lite,budget_02,run_04,0.5714285714285714,4.0,7,0.0
MTG6,06_DenverCityCouncil_09252017,DenverCityCouncil_09252017,DenverCityCouncil_09252017_17-1060,non-decision,Other,gemini_2_5_flash_lite,budget_02,run_05,0.5714285714285714,4.0,7,0.0
MTG6,06_DenverCityCouncil_09252017,DenverCityCouncil_09252017,DenverCityCouncil_09252017_17-1060,non-decision,Other,gemini_2_5_flash_lite,budget_03,run_01,0.5714285714285714,4.0,7,0.0
MTG6,06_DenverCityCouncil_09252017,DenverCityCouncil_09252017,DenverCityCouncil_09252017_17-1060,non-decision,Other,gemini_2_5_flash_lite,budget_03,run_02,0.42857142857142855,3.0,7,0.0
MTG6,06_DenverCityCouncil_09252017,DenverCityCouncil_09252017,DenverCityCouncil_09252017_17-1060,non-decision,Other,gemini_2_5_flash_lite,budget_03,run_03,0.8571428571428571,6.0,7,0.0
MTG6,06_DenverCityCouncil_09252017,DenverCityCouncil_09252017,DenverCityCouncil_09252017_17-1060,non-decision,Other,gemini_2_5_flash_lite,budget_03,run_04,0.5714285714285714,4.0,7,0.0
MTG6,06_DenverCityCouncil_09252017,DenverCityCouncil_09252017,DenverCityCouncil_09252017_17-1060,non-decision,Other,gemini_2_5_flash_lite,budget_03,run_05,0.5714285714285714,4.0,7,0.0
MTG6,06_DenverCityCouncil_09252017,DenverCityCouncil_09252017,DenverCityCouncil_09252017_17-1060,non-decision,Other,gemini_2_5_flash_lite,budget_06,run_01,0.5714285714285714,4.0,7,0.0
MTG6,06_DenverCityCouncil_09252017,DenverCityCouncil_09252017,DenverCityCouncil_09252017_17-1060,non-decision,Other,gemini_2_5_flash_lite,budget_06,run_02,0.8571428571428571,6.0,7,0.0
MTG6,06_DenverCityCouncil_09252017,DenverCityCouncil_09252017,DenverCityCouncil_09252017_17-1060,non-decision,Other,gemini_2_5_flash_lite,budget_06,run_03,0.5714285714285714,4.0,7,0.0
MTG6,06_DenverCityCouncil_09252017,DenverCityCouncil_09252017,DenverCityCouncil_09252017_17-1060,non-decision,Other,gemini_2_5_flash_lite,budget_06,run_04,0.5,3.5,7,0.0
MTG6,06_DenverCityCouncil_09252017,DenverCityCouncil_09252017,DenverCityCouncil_09252017_17-1060,non-decision,Other,gemini_2_5_flash_lite,budget_06,run_05,0.5714285714285714,4.0,7,0.0
MTG7,07_LongBeachCC_06102014,LongBeachCC_06102014,LongBeachCC_06102014_14-0426,non-decision,Other,deepseek_reasoning,budget_02,run_01,0.7142857142857143,5.0,7,0.0
MTG7,07_LongBeachCC_06102014,LongBeachCC_06102014,LongBeachCC_06102014_14-0426,non-decision,Other,deepseek_reasoning,budget_02,run_02,0.7857142857142857,5.5,7,0.5
MTG7,07_LongBeachCC_06102014,LongBeachCC_06102014,LongBeachCC_06102014_14-0426,non-decision,Other,deepseek_reasoning,budget_02,run_03,0.7142857142857143,5.0,7,0.0
MTG7,07_LongBeachCC_06102014,LongBeachCC_06102014,LongBeachCC_06102014_14-0426,non-decision,Other,deepseek_reasoning,budget_02,run_04,0.9285714285714286,6.5,7,0.0
MTG7,07_LongBeachCC_06102014,LongBeachCC_06102014,LongBeachCC_06102014_14-0426,non-decision,Other,deepseek_reasoning,budget_02,run_05,0.7142857142857143,5.0,7,0.0
MTG7,07_LongBeachCC_06102014,LongBeachCC_06102014,LongBeachCC_06102014_14-0426,non-decision,Other,deepseek_reasoning,budget_03,run_01,1.0,7.0,7,0.14285714285714285
MTG7,07_LongBeachCC_06102014,LongBeachCC_06102014,LongBeachCC_06102014_14-0426,non-decision,Other,deepseek_reasoning,budget_03,run_02,0.7142857142857143,5.0,7,0.0
MTG7,07_LongBeachCC_06102014,LongBeachCC_06102014,LongBeachCC_06102014_14-0426,non-decision,Other,deepseek_reasoning,budget_03,run_03,0.7142857142857143,5.0,7,0.0
MTG7,07_LongBeachCC_06102014,LongBeachCC_06102014,LongBeachCC_06102014_14-0426,non-decision,Other,deepseek_reasoning,budget_03,run_04,0.7142857142857143,5.0,7,0.0
MTG7,07_LongBeachCC_06102014,LongBeachCC_06102014,LongBeachCC_06102014_14-0426,non-decision,Other,deepseek_reasoning,budget_03,run_05,1.0,7.0,7,0.0
MTG7,07_LongBeachCC_06102014,LongBeachCC_06102014,LongBeachCC_06102014_14-0426,non-decision,Other,deepseek_reasoning,budget_06,run_01,1.0,7.0,7,0.0
MTG7,07_LongBeachCC_06102014,LongBeachCC_06102014,LongBeachCC_06102014_14-0426,non-decision,Other,deepseek_reasoning,budget_06,run_02,1.0,7.0,7,0.0
MTG7,07_LongBeachCC_06102014,LongBeachCC_06102014,LongBeachCC_06102014_14-0426,non-decision,Other,deepseek_reasoning,budget_06,run_03,1.0,7.0,7,0.0
MTG7,07_LongBeachCC_06102014,LongBeachCC_06102014,LongBeachCC_06102014_14-0426,non-decision,Other,deepseek_reasoning,budget_06,run_04,1.0,7.0,7,0.0
MTG7,07_LongBeachCC_06102014,LongBeachCC_06102014,LongBeachCC_06102014_14-0426,non-decision,Other,deepseek_reasoning,budget_06,run_05,1.0,7.0,7,0.0
MTG7,07_LongBeachCC_06102014,LongBeachCC_06102014,LongBeachCC_06102014_14-0426,non-decision,Other,deepseek_temp1_chat,budget_02,run_01,0.9285714285714286,6.5,7,0.0
MTG7,07_LongBeachCC_06102014,LongBeachCC_06102014,LongBeachCC_06102014_14-0426,non-decision,Other,deepseek_temp1_chat,budget_02,run_02,0.8571428571428571,6.0,7,0.3333333333333333
MTG7,07_LongBeachCC_06102014,LongBeachCC_06102014,LongBeachCC_06102014_14-0426,non-decision,Other,deepseek_temp1_chat,budget_02,run_03,0.6428571428571429,4.5,7,0.2
MTG7,07_LongBeachCC_06102014,LongBeachCC_06102014,LongBeachCC_06102014_14-0426,non-decision,Other,deepseek_temp1_chat,budget_02,run_04,0.9285714285714286,6.5,7,0.0
MTG7,07_LongBeachCC_06102014,LongBeachCC_06102014,LongBeachCC_06102014_14-0426,non-decision,Other,deepseek_temp1_chat,budget_02,run_05,0.5714285714285714,4.0,7,0.5
MTG7,07_LongBeachCC_06102014,LongBeachCC_06102014,LongBeachCC_06102014_14-0426,non-decision,Other,deepseek_temp1_chat,budget_03,run_01,0.8571428571428571,6.0,7,0.0
MTG7,07_LongBeachCC_06102014,LongBeachCC_06102014,LongBeachCC_06102014_14-0426,non-decision,Other,deepseek_temp1_chat,budget_03,run_02,0.7857142857142857,5.5,7,0.16666666666666666
MTG7,07_LongBeachCC_06102014,LongBeachCC_06102014,LongBeachCC_06102014_14-0426,non-decision,Other,deepseek_temp1_chat,budget_03,run_03,0.9285714285714286,6.5,7,0.0
MTG7,07_LongBeachCC_06102014,LongBeachCC_06102014,LongBeachCC_06102014_14-0426,non-decision,Other,deepseek_temp1_chat,budget_03,run_04,0.8571428571428571,6.0,7,0.0
MTG7,07_LongBeachCC_06102014,LongBeachCC_06102014,LongBeachCC_06102014_14-0426,non-decision,Other,deepseek_temp1_chat,budget_03,run_05,0.7857142857142857,5.5,7,0.0
MTG7,07_LongBeachCC_06102014,LongBeachCC_06102014,LongBeachCC_06102014_14-0426,non-decision,Other,deepseek_temp1_chat,budget_06,run_01,0.7142857142857143,5.0,7,0.0
MTG7,07_LongBeachCC_06102014,LongBeachCC_06102014,LongBeachCC_06102014_14-0426,non-decision,Other,deepseek_temp1_chat,budget_06,run_02,1.0,7.0,7,0.0
MTG7,07_LongBeachCC_06102014,LongBeachCC_06102014,LongBeachCC_06102014_14-0426,non-decision,Other,deepseek_temp1_chat,budget_06,run_03,1.0,7.0,7,0.0
MTG7,07_LongBeachCC_06102014,LongBeachCC_06102014,LongBeachCC_06102014_14-0426,non-decision,Other,deepseek_temp1_chat,budget_06,run_04,1.0,7.0,7,0.0
MTG7,07_LongBeachCC_06102014,LongBeachCC_06102014,LongBeachCC_06102014_14-0426,non-decision,Other,deepseek_temp1_chat,budget_06,run_05,0.8571428571428571,6.0,7,0.3333333333333333
MTG7,07_LongBeachCC_06102014,LongBeachCC_06102014,LongBeachCC_06102014_14-0426,non-decision,Other,gemini_2_5_flash_lite,budget_02,run_01,0.7142857142857143,5.0,7,0.0
MTG7,07_LongBeachCC_06102014,LongBeachCC_06102014,LongBeachCC_06102014_14-0426,non-decision,Other,gemini_2_5_flash_lite,budget_02,run_02,0.9285714285714286,6.5,7,0.0
MTG7,07_LongBeachCC_06102014,LongBeachCC_06102014,LongBeachCC_06102014_14-0426,non-decision,Other,gemini_2_5_flash_lite,budget_02,run_03,0.6428571428571429,4.5,7,0.0
MTG7,07_LongBeachCC_06102014,LongBeachCC_06102014,LongBeachCC_06102014_14-0426,non-decision,Other,gemini_2_5_flash_lite,budget_02,run_04,0.5714285714285714,4.0,7,0.4
MTG7,07_LongBeachCC_06102014,LongBeachCC_06102014,LongBeachCC_06102014_14-0426,non-decision,Other,gemini_2_5_flash_lite,budget_02,run_05,0.6428571428571429,4.5,7,0.4
MTG7,07_LongBeachCC_06102014,LongBeachCC_06102014,LongBeachCC_06102014_14-0426,non-decision,Other,gemini_2_5_flash_lite,budget_03,run_01,0.42857142857142855,3.0,7,0.0
MTG7,07_LongBeachCC_06102014,LongBeachCC_06102014,LongBeachCC_06102014_14-0426,non-decision,Other,gemini_2_5_flash_lite,budget_03,run_02,0.5714285714285714,4.0,7,1.0
MTG7,07_LongBeachCC_06102014,LongBeachCC_06102014,LongBeachCC_06102014_14-0426,non-decision,Other,gemini_2_5_flash_lite,budget_03,run_03,0.5,3.5,7,0.0
MTG7,07_LongBeachCC_06102014,LongBeachCC_06102014,LongBeachCC_06102014_14-0426,non-decision,Other,gemini_2_5_flash_lite,budget_03,run_04,0.9285714285714286,6.5,7,0.0
MTG7,07_LongBeachCC_06102014,LongBeachCC_06102014,LongBeachCC_06102014_14-0426,non-decision,Other,gemini_2_5_flash_lite,budget_03,run_05,0.7142857142857143,5.0,7,0.0
MTG7,07_LongBeachCC_06102014,LongBeachCC_06102014,LongBeachCC_06102014_14-0426,non-decision,Other,gemini_2_5_flash_lite,budget_06,run_01,0.7142857142857143,5.0,7,0.0
MTG7,07_LongBeachCC_06102014,LongBeachCC_06102014,LongBeachCC_06102014_14-0426,non-decision,Other,gemini_2_5_flash_lite,budget_06,run_02,0.8571428571428571,6.0,7,0.0
MTG7,07_LongBeachCC_06102014,LongBeachCC_06102014,LongBeachCC_06102014_14-0426,non-decision,Other,gemini_2_5_flash_lite,budget_06,run_03,0.8571428571428571,6.0,7,0.0
MTG7,07_LongBeachCC_06102014,LongBeachCC_06102014,LongBeachCC_06102014_14-0426,non-decision,Other,gemini_2_5_flash_lite,budget_06,run_04,0.7142857142857143,5.0,7,0.0
MTG7,07_LongBeachCC_06102014,LongBeachCC_06102014,LongBeachCC_06102014_14-0426,non-decision,Other,gemini_2_5_flash_lite,budget_06,run_05,1.0,7.0,7,0.0
MTG8,08_DenverCityCouncil_04132015,DenverCityCouncil_04132015,DenverCityCouncil_04132015_15-0201,non-decision,Other,deepseek_reasoning,budget_02,run_01,0.42857142857142855,3.0,7,0.3333333333333333
MTG8,08_DenverCityCouncil_04132015,DenverCityCouncil_04132015,DenverCityCouncil_04132015_15-0201,non-decision,Other,deepseek_reasoning,budget_02,run_02,0.8571428571428571,6.0,7,0.0
MTG8,08_DenverCityCouncil_04132015,DenverCityCouncil_04132015,DenverCityCouncil_04132015_15-0201,non-decision,Other,deepseek_reasoning,budget_02,run_03,0.7857142857142857,5.5,7,0.0
MTG8,08_DenverCityCouncil_04132015,DenverCityCouncil_04132015,DenverCityCouncil_04132015_15-0201,non-decision,Other,deepseek_reasoning,budget_02,run_04,0.7142857142857143,5.0,7,0.0
MTG8,08_DenverCityCouncil_04132015,DenverCityCouncil_04132015,DenverCityCouncil_04132015_15-0201,non-decision,Other,deepseek_reasoning,budget_02,run_05,0.42857142857142855,3.0,7,0.0
MTG8,08_DenverCityCouncil_04132015,DenverCityCouncil_04132015,DenverCityCouncil_04132015_15-0201,non-decision,Other,deepseek_reasoning,budget_03,run_01,0.5714285714285714,4.0,7,0.0
MTG8,08_DenverCityCouncil_04132015,DenverCityCouncil_04132015,DenverCityCouncil_04132015_15-0201,non-decision,Other,deepseek_reasoning,budget_03,run_02,0.7142857142857143,5.0,7,0.0
MTG8,08_DenverCityCouncil_04132015,DenverCityCouncil_04132015,DenverCityCouncil_04132015_15-0201,non-decision,Other,deepseek_reasoning,budget_03,run_03,0.7142857142857143,5.0,7,0.0
MTG8,08_DenverCityCouncil_04132015,DenverCityCouncil_04132015,DenverCityCouncil_04132015_15-0201,non-decision,Other,deepseek_reasoning,budget_03,run_04,0.8571428571428571,6.0,7,0.16666666666666666
MTG8,08_DenverCityCouncil_04132015,DenverCityCouncil_04132015,DenverCityCouncil_04132015_15-0201,non-decision,Other,deepseek_reasoning,budget_03,run_05,1.0,7.0,7,0.14285714285714285
MTG8,08_DenverCityCouncil_04132015,DenverCityCouncil_04132015,DenverCityCouncil_04132015_15-0201,non-decision,Other,deepseek_reasoning,budget_06,run_01,1.0,7.0,7,0.14285714285714285
MTG8,08_DenverCityCouncil_04132015,DenverCityCouncil_04132015,DenverCityCouncil_04132015_15-0201,non-decision,Other,deepseek_reasoning,budget_06,run_02,0.8571428571428571,6.0,7,0.0
MTG8,08_DenverCityCouncil_04132015,DenverCityCouncil_04132015,DenverCityCouncil_04132015_15-0201,non-decision,Other,deepseek_reasoning,budget_06,run_03,0.9285714285714286,6.5,7,0.14285714285714285
MTG8,08_DenverCityCouncil_04132015,DenverCityCouncil_04132015,DenverCityCouncil_04132015_15-0201,non-decision,Other,deepseek_reasoning,budget_06,run_04,1.0,7.0,7,0.0
MTG8,08_DenverCityCouncil_04132015,DenverCityCouncil_04132015,DenverCityCouncil_04132015_15-0201,non-decision,Other,deepseek_reasoning,budget_06,run_05,1.0,7.0,7,0.14285714285714285
MTG8,08_DenverCityCouncil_04132015,DenverCityCouncil_04132015,DenverCityCouncil_04132015_15-0201,non-decision,Other,deepseek_temp1_chat,budget_02,run_01,0.6428571428571429,4.5,7,0.2
MTG8,08_DenverCityCouncil_04132015,DenverCityCouncil_04132015,DenverCityCouncil_04132015_15-0201,non-decision,Other,deepseek_temp1_chat,budget_02,run_02,0.8571428571428571,6.0,7,0.0
MTG8,08_DenverCityCouncil_04132015,DenverCityCouncil_04132015,DenverCityCouncil_04132015_15-0201,non-decision,Other,deepseek_temp1_chat,budget_02,run_03,0.5,3.5,7,0.2
MTG8,08_DenverCityCouncil_04132015,DenverCityCouncil_04132015,DenverCityCouncil_04132015_15-0201,non-decision,Other,deepseek_temp1_chat,budget_02,run_04,0.7857142857142857,5.5,7,0.0
MTG8,08_DenverCityCouncil_04132015,DenverCityCouncil_04132015,DenverCityCouncil_04132015_15-0201,non-decision,Other,deepseek_temp1_chat,budget_02,run_05,0.8571428571428571,6.0,7,0.16666666666666666
MTG8,08_DenverCityCouncil_04132015,DenverCityCouncil_04132015,DenverCityCouncil_04132015_15-0201,non-decision,Other,deepseek_temp1_chat,budget_03,run_01,0.8571428571428571,6.0,7,0.16666666666666666
MTG8,08_DenverCityCouncil_04132015,DenverCityCouncil_04132015,DenverCityCouncil_04132015_15-0201,non-decision,Other,deepseek_temp1_chat,budget_03,run_02,0.8571428571428571,6.0,7,0.16666666666666666
MTG8,08_DenverCityCouncil_04132015,DenverCityCouncil_04132015,DenverCityCouncil_04132015_15-0201,non-decision,Other,deepseek_temp1_chat,budget_03,run_03,0.8571428571428571,6.0,7,0.16666666666666666
MTG8,08_DenverCityCouncil_04132015,DenverCityCouncil_04132015,DenverCityCouncil_04132015_15-0201,non-decision,Other,deepseek_temp1_chat,budget_03,run_04,0.8571428571428571,6.0,7,0.0
MTG8,08_DenverCityCouncil_04132015,DenverCityCouncil_04132015,DenverCityCouncil_04132015_15-0201,non-decision,Other,deepseek_temp1_chat,budget_03,run_05,0.7142857142857143,5.0,7,0.2
MTG8,08_DenverCityCouncil_04132015,DenverCityCouncil_04132015,DenverCityCouncil_04132015_15-0201,non-decision,Other,deepseek_temp1_chat,budget_06,run_01,1.0,7.0,7,0.14285714285714285
MTG8,08_DenverCityCouncil_04132015,DenverCityCouncil_04132015,DenverCityCouncil_04132015_15-0201,non-decision,Other,deepseek_temp1_chat,budget_06,run_02,1.0,7.0,7,0.0
MTG8,08_DenverCityCouncil_04132015,DenverCityCouncil_04132015,DenverCityCouncil_04132015_15-0201,non-decision,Other,deepseek_temp1_chat,budget_06,run_03,1.0,7.0,7,0.0
MTG8,08_DenverCityCouncil_04132015,DenverCityCouncil_04132015,DenverCityCouncil_04132015_15-0201,non-decision,Other,deepseek_temp1_chat,budget_06,run_04,1.0,7.0,7,0.0
MTG8,08_DenverCityCouncil_04132015,DenverCityCouncil_04132015,DenverCityCouncil_04132015_15-0201,non-decision,Other,deepseek_temp1_chat,budget_06,run_05,1.0,7.0,7,0.14285714285714285
MTG8,08_DenverCityCouncil_04132015,DenverCityCouncil_04132015,DenverCityCouncil_04132015_15-0201,non-decision,Other,gemini_2_5_flash_lite,budget_02,run_01,0.5,3.5,7,0.0
MTG8,08_DenverCityCouncil_04132015,DenverCityCouncil_04132015,DenverCityCouncil_04132015_15-0201,non-decision,Other,gemini_2_5_flash_lite,budget_02,run_02,0.35714285714285715,2.5,7,0.3333333333333333
MTG8,08_DenverCityCouncil_04132015,DenverCityCouncil_04132015,DenverCityCouncil_04132015_15-0201,non-decision,Other,gemini_2_5_flash_lite,budget_02,run_03,0.5,3.5,7,0.25
MTG8,08_DenverCityCouncil_04132015,DenverCityCouncil_04132015,DenverCityCouncil_04132015_15-0201,non-decision,Other,gemini_2_5_flash_lite,budget_02,run_04,0.42857142857142855,3.0,7,0.25
MTG8,08_DenverCityCouncil_04132015,DenverCityCouncil_04132015,DenverCityCouncil_04132015_15-0201,non-decision,Other,gemini_2_5_flash_lite,budget_02,run_05,0.5,3.5,7,0.0
MTG8,08_DenverCityCouncil_04132015,DenverCityCouncil_04132015,DenverCityCouncil_04132015_15-0201,non-decision,Other,gemini_2_5_flash_lite,budget_03,run_01,0.42857142857142855,3.0,7,0.0
MTG8,08_DenverCityCouncil_04132015,DenverCityCouncil_04132015,DenverCityCouncil_04132015_15-0201,non-decision,Other,gemini_2_5_flash_lite,budget_03,run_02,0.5,3.5,7,0.2
MTG8,08_DenverCityCouncil_04132015,DenverCityCouncil_04132015,DenverCityCouncil_04132015_15-0201,non-decision,Other,gemini_2_5_flash_lite,budget_03,run_03,0.42857142857142855,3.0,7,0.25
MTG8,08_DenverCityCouncil_04132015,DenverCityCouncil_04132015,DenverCityCouncil_04132015_15-0201,non-decision,Other,gemini_2_5_flash_lite,budget_03,run_04,0.5,3.5,7,0.0
MTG8,08_DenverCityCouncil_04132015,DenverCityCouncil_04132015,DenverCityCouncil_04132015_15-0201,non-decision,Other,gemini_2_5_flash_lite,budget_03,run_05,0.8571428571428571,6.0,7,0.16666666666666666
MTG8,08_DenverCityCouncil_04132015,DenverCityCouncil_04132015,DenverCityCouncil_04132015_15-0201,non-decision,Other,gemini_2_5_flash_lite,budget_06,run_01,0.6428571428571429,4.5,7,0.2
MTG8,08_DenverCityCouncil_04132015,DenverCityCouncil_04132015,DenverCityCouncil_04132015_15-0201,non-decision,Other,gemini_2_5_flash_lite,budget_06,run_02,0.7857142857142857,5.5,7,0.16666666666666666
MTG8,08_DenverCityCouncil_04132015,DenverCityCouncil_04132015,DenverCityCouncil_04132015_15-0201,non-decision,Other,gemini_2_5_flash_lite,budget_06,run_03,0.7857142857142857,5.5,7,0.0
MTG8,08_DenverCityCouncil_04132015,DenverCityCouncil_04132015,DenverCityCouncil_04132015_15-0201,non-decision,Other,gemini_2_5_flash_lite,budget_06,run_04,0.7857142857142857,5.5,7,0.0
MTG8,08_DenverCityCouncil_04132015,DenverCityCouncil_04132015,DenverCityCouncil_04132015_15-0201,non-decision,Other,gemini_2_5_flash_lite,budget_06,run_05,0.8571428571428571,6.0,7,0.14285714285714285
MTG9,09_AlamedaCC_04292015,AlamedaCC_04292015,AlamedaCC_04292015_2015-1631,non-decision,Other,deepseek_reasoning,budget_02,run_01,0.42857142857142855,3.0,7,0.0
MTG9,09_AlamedaCC_04292015,AlamedaCC_04292015,AlamedaCC_04292015_2015-1631,non-decision,Other,deepseek_reasoning,budget_02,run_02,0.42857142857142855,3.0,7,0.6666666666666666
MTG9,09_AlamedaCC_04292015,AlamedaCC_04292015,AlamedaCC_04292015_2015-1631,non-decision,Other,deepseek_reasoning,budget_02,run_03,0.42857142857142855,3.0,7,0.0
MTG9,09_AlamedaCC_04292015,AlamedaCC_04292015,AlamedaCC_04292015_2015-1631,non-decision,Other,deepseek_reasoning,budget_02,run_04,0.5714285714285714,4.0,7,0.5
MTG9,09_AlamedaCC_04292015,AlamedaCC_04292015,AlamedaCC_04292015_2015-1631,non-decision,Other,deepseek_reasoning,budget_02,run_05,0.21428571428571427,1.5,7,0.0
MTG9,09_AlamedaCC_04292015,AlamedaCC_04292015,AlamedaCC_04292015_2015-1631,non-decision,Other,deepseek_reasoning,budget_03,run_01,0.2857142857142857,2.0,7,0.0
MTG9,09_AlamedaCC_04292015,AlamedaCC_04292015,AlamedaCC_04292015_2015-1631,non-decision,Other,deepseek_reasoning,budget_03,run_02,0.5714285714285714,4.0,7,0.0
MTG9,09_AlamedaCC_04292015,AlamedaCC_04292015,AlamedaCC_04292015_2015-1631,non-decision,Other,deepseek_reasoning,budget_03,run_03,0.5,3.5,7,0.0
MTG9,09_AlamedaCC_04292015,AlamedaCC_04292015,AlamedaCC_04292015_2015-1631,non-decision,Other,deepseek_reasoning,budget_03,run_04,0.35714285714285715,2.5,7,0.0
MTG9,09_AlamedaCC_04292015,AlamedaCC_04292015,AlamedaCC_04292015_2015-1631,non-decision,Other,deepseek_reasoning,budget_03,run_05,1.0,7.0,7,0.2857142857142857
MTG9,09_AlamedaCC_04292015,AlamedaCC_04292015,AlamedaCC_04292015_2015-1631,non-decision,Other,deepseek_reasoning,budget_06,run_01,1.0,7.0,7,0.0
MTG9,09_AlamedaCC_04292015,AlamedaCC_04292015,AlamedaCC_04292015_2015-1631,non-decision,Other,deepseek_reasoning,budget_06,run_02,0.8571428571428571,6.0,7,0.16666666666666666
MTG9,09_AlamedaCC_04292015,AlamedaCC_04292015,AlamedaCC_04292015_2015-1631,non-decision,Other,deepseek_reasoning,budget_06,run_03,1.0,7.0,7,0.14285714285714285
MTG9,09_AlamedaCC_04292015,AlamedaCC_04292015,AlamedaCC_04292015_2015-1631,non-decision,Other,deepseek_reasoning,budget_06,run_04,0.8571428571428571,6.0,7,0.0
MTG9,09_AlamedaCC_04292015,AlamedaCC_04292015,AlamedaCC_04292015_2015-1631,non-decision,Other,deepseek_reasoning,budget_06,run_05,0.8571428571428571,6.0,7,0.0
MTG9,09_AlamedaCC_04292015,AlamedaCC_04292015,AlamedaCC_04292015_2015-1631,non-decision,Other,deepseek_temp1_chat,budget_02,run_01,0.35714285714285715,2.5,7,0.0
MTG9,09_AlamedaCC_04292015,AlamedaCC_04292015,AlamedaCC_04292015_2015-1631,non-decision,Other,deepseek_temp1_chat,budget_02,run_02,0.14285714285714285,1.0,7,0.0
MTG9,09_AlamedaCC_04292015,AlamedaCC_04292015,AlamedaCC_04292015_2015-1631,non-decision,Other,deepseek_temp1_chat,budget_02,run_03,0.5714285714285714,4.0,7,0.25
MTG9,09_AlamedaCC_04292015,AlamedaCC_04292015,AlamedaCC_04292015_2015-1631,non-decision,Other,deepseek_temp1_chat,budget_02,run_04,0.5714285714285714,4.0,7,0.25
MTG9,09_AlamedaCC_04292015,AlamedaCC_04292015,AlamedaCC_04292015_2015-1631,non-decision,Other,deepseek_temp1_chat,budget_02,run_05,0.2857142857142857,2.0,7,0.0
MTG9,09_AlamedaCC_04292015,AlamedaCC_04292015,AlamedaCC_04292015_2015-1631,non-decision,Other,deepseek_temp1_chat,budget_03,run_01,0.7142857142857143,5.0,7,0.0
MTG9,09_AlamedaCC_04292015,AlamedaCC_04292015,AlamedaCC_04292015_2015-1631,non-decision,Other,deepseek_temp1_chat,budget_03,run_02,0.5714285714285714,4.0,7,0.5
MTG9,09_AlamedaCC_04292015,AlamedaCC_04292015,AlamedaCC_04292015_2015-1631,non-decision,Other,deepseek_temp1_chat,budget_03,run_03,0.42857142857142855,3.0,7,0.3333333333333333
MTG9,09_AlamedaCC_04292015,AlamedaCC_04292015,AlamedaCC_04292015_2015-1631,non-decision,Other,deepseek_temp1_chat,budget_03,run_04,0.7857142857142857,5.5,7,0.0
MTG9,09_AlamedaCC_04292015,AlamedaCC_04292015,AlamedaCC_04292015_2015-1631,non-decision,Other,deepseek_temp1_chat,budget_03,run_05,0.2857142857142857,2.0,7,0.0
MTG9,09_AlamedaCC_04292015,AlamedaCC_04292015,AlamedaCC_04292015_2015-1631,non-decision,Other,deepseek_temp1_chat,budget_06,run_01,0.7857142857142857,5.5,7,0.0
MTG9,09_AlamedaCC_04292015,AlamedaCC_04292015,AlamedaCC_04292015_2015-1631,non-decision,Other,deepseek_temp1_chat,budget_06,run_02,0.5714285714285714,4.0,7,0.5
MTG9,09_AlamedaCC_04292015,AlamedaCC_04292015,AlamedaCC_04292015_2015-1631,non-decision,Other,deepseek_temp1_chat,budget_06,run_03,0.8571428571428571,6.0,7,0.16666666666666666
MTG9,09_AlamedaCC_04292015,AlamedaCC_04292015,AlamedaCC_04292015_2015-1631,non-decision,Other,deepseek_temp1_chat,budget_06,run_04,0.8571428571428571,6.0,7,0.0
MTG9,09_AlamedaCC_04292015,AlamedaCC_04292015,AlamedaCC_04292015_2015-1631,non-decision,Other,deepseek_temp1_chat,budget_06,run_05,1.0,7.0,7,0.2857142857142857
MTG9,09_AlamedaCC_04292015,AlamedaCC_04292015,AlamedaCC_04292015_2015-1631,non-decision,Other,gemini_2_5_flash_lite,budget_02,run_01,0.42857142857142855,3.0,7,0.0
MTG9,09_AlamedaCC_04292015,AlamedaCC_04292015,AlamedaCC_04292015_2015-1631,non-decision,Other,gemini_2_5_flash_lite,budget_02,run_02,0.14285714285714285,1.0,7,0.0
MTG9,09_AlamedaCC_04292015,AlamedaCC_04292015,AlamedaCC_04292015_2015-1631,non-decision,Other,gemini_2_5_flash_lite,budget_02,run_03,0.14285714285714285,1.0,7,0.0
MTG9,09_AlamedaCC_04292015,AlamedaCC_04292015,AlamedaCC_04292015_2015-1631,non-decision,Other,gemini_2_5_flash_lite,budget_02,run_04,0.2857142857142857,2.0,7,0.0
MTG9,09_AlamedaCC_04292015,AlamedaCC_04292015,AlamedaCC_04292015_2015-1631,non-decision,Other,gemini_2_5_flash_lite,budget_02,run_05,0.14285714285714285,1.0,7,0.0
MTG9,09_AlamedaCC_04292015,AlamedaCC_04292015,AlamedaCC_04292015_2015-1631,non-decision,Other,gemini_2_5_flash_lite,budget_03,run_01,0.42857142857142855,3.0,7,0.0
MTG9,09_AlamedaCC_04292015,AlamedaCC_04292015,AlamedaCC_04292015_2015-1631,non-decision,Other,gemini_2_5_flash_lite,budget_03,run_02,0.14285714285714285,1.0,7,0.0
MTG9,09_AlamedaCC_04292015,AlamedaCC_04292015,AlamedaCC_04292015_2015-1631,non-decision,Other,gemini_2_5_flash_lite,budget_03,run_03,0.42857142857142855,3.0,7,0.0
MTG9,09_AlamedaCC_04292015,AlamedaCC_04292015,AlamedaCC_04292015_2015-1631,non-decision,Other,gemini_2_5_flash_lite,budget_03,run_04,0.14285714285714285,1.0,7,0.0
MTG9,09_AlamedaCC_04292015,AlamedaCC_04292015,AlamedaCC_04292015_2015-1631,non-decision,Other,gemini_2_5_flash_lite,budget_03,run_05,0.21428571428571427,1.5,7,0.0
MTG9,09_AlamedaCC_04292015,AlamedaCC_04292015,AlamedaCC_04292015_2015-1631,non-decision,Other,gemini_2_5_flash_lite,budget_06,run_01,0.7857142857142857,5.5,7,0.0
MTG9,09_AlamedaCC_04292015,AlamedaCC_04292015,AlamedaCC_04292015_2015-1631,non-decision,Other,gemini_2_5_flash_lite,budget_06,run_02,0.42857142857142855,3.0,7,0.0
MTG9,09_AlamedaCC_04292015,AlamedaCC_04292015,AlamedaCC_04292015_2015-1631,non-decision,Other,gemini_2_5_flash_lite,budget_06,run_03,0.7142857142857143,5.0,7,0.2
MTG9,09_AlamedaCC_04292015,AlamedaCC_04292015,AlamedaCC_04292015_2015-1631,non-decision,Other,gemini_2_5_flash_lite,budget_06,run_04,0.2857142857142857,2.0,7,0.0
MTG9,09_AlamedaCC_04292015,AlamedaCC_04292015,AlamedaCC_04292015_2015-1631,non-decision,Other,gemini_2_5_flash_lite,budget_06,run_05,0.5,3.5,7,0.0
